token_address,token_symbol,token_name,token_decimals,total_supply,creator_address,current_owner,ownership_renounced,creation_block,creation_txn,latest_activity_block,is_scam_token,scam_label_token,pool_address,pool_type,denom_address,denom_currency,denom_reserve,token_reserve,pool_trading_enabled,pool_trading_enabled_block,pool_trading_enabled_txn,is_scam_pool,scam_label_pool,price_ratio,fee_tier,pool_id,latest_block_number,last_update_time
0xeF0A1Abbd25721FA918b2899e1e0E3D79B848c22,🐧EAT,Erotic Access Token,18,169000000000000,0x34debf3718f7e9F5C3e327C638D1229da9124127,0x34debf3718f7e9F5C3e327C638D1229da9124127,false,23136864,0x31a9e3bd762f9a9fa19d55d954f1818f614691a9a78848a3d688b62cc62d7144,23136882,true,Denom_removal (ETH<0.05),0x4C8A719322b25cbfFcC346C25A60f0419AE15285,UNISWAP-V2,0xC02aaA39b223FE8D0A0e5C4F27eAD9083C756Cc2,WETH,0.000000000000000001,0.000000012212488535,false,,,true,Denom_removal (ETH<0.05),0.00000000008188339314580164,,,23136882,1755145380.9889908
0x976Fc8537cf279d1a6D6d51940fD7147693E9826,SNAI,SwarmNode.ai,18,1000000000,0x106fce47D4dA5e9d6B7727644EEA54E41c96AEFC,0x106fce47D4dA5e9d6B7727644EEA54E41c96AEFC,true,23116622,0xf70a5cfffb834db4c3ea2f204688da75b7a887e714de621b304b5b606fcb33d5,23116674,false,,0x4c2016849808d12159fc26E9AcC62e213C43d6A0,UNISWAP-V3,0xC02aaA39b223FE8D0A0e5C4F27eAD9083C756Cc2,WETH,4570.445688890858,1499999997.995,true,23116674,0xd1c5ab6e257abb66920d1b4c2c84febc9b60ab80b340f172675ccf3eeeeea57d,false,,0.0000030469637966666803,,,23116674,1754901648.9111896
0xA119013fA4486fe506EF0CA145Dc86a2995e64C2,BBL,Burger Bill,18,810000000,0x5D3760Ff21aE64B582D96718467F2BD5CCb5eb65,0x5D3760Ff21aE64B582D96718467F2BD5CCb5eb65,false,23135943,0xa301ff31f8610ca8db17ee99dea1ab758ade9fc1f8f3bacbf49151ea2608e193,23136046,true,Denom_removal (ETH<0.05),0x85E6c630c3a17Cd17c6483214DD5A9b494d927c1,UNISWAP-V2,0xC02aaA39b223FE8D0A0e5C4F27eAD9083C756Cc2,WETH,0.000000000000000001,0.00000000001658199,false,,,true,Denom_removal (ETH<0.05),0.00000006030639265854099,,,23136046,1755135338.1053622
0xB525EAaA4E09f906e7b60159D6204E5786884E0d,WCT,WalletConnect Token,18,1000000000,0x53B4eE0046FB83087D198062FC350b359b694F26,0x53B4eE0046FB83087D198062FC350b359b694F26,true,23130373,0x9e633ad24617f04cb3d7b21994b5f15c254651821f3dab219d2cf167bd9eba55,23130409,false,,0x26d10472e982a8687437eEB02E1b6cfe7CA3531B,UNISWAP-V3,0xC02aaA39b223FE8D0A0e5C4F27eAD9083C756Cc2,WETH,104584.56267242624,1599999997.995,true,23130409,0xb5e771f039eedfb19896e2b6f2e955e3de559c8985e8a72362b8b6b62fd93f18,false,,0.00006536535175217736,,,23130409,1755067381.0630417
0xDAdB76C3C60dE1211d6Cd765012AC4114DC7d80D,🧩IAT,Intelligent Agent Token,18,599000000000000,0xd371fc377E3B8d0591FBC935C45c1D3958A6c37A,0xd371fc377E3B8d0591FBC935C45c1D3958A6c37A,false,23132000,0xd1c53cf17a57982d5d0af355f97bb2b3117cb23de43633b02730d4c815c3c5f4,23135221,true,Denom_removal (ETH<0.05),0x6bcD725F2e87E71F369e8dfAc3719EF29B59fb15,UNISWAP-V2,0xC02aaA39b223FE8D0A0e5C4F27eAD9083C756Cc2,WETH,0.000000000000000101,0.000000000180397726,false,,,true,Denom_removal (ETH<0.05),0.0000005598740196980088,,,23135221,1755125413.0816
0x8AFCD4Af300A8F7E7bB6241C50Cf71CEB9528153,🍓BRBR,🍓BerryBears,18,520000000,0x1234162Dfb4D8a2fce5183416a9E008AbAA85C87,0x1234162Dfb4D8a2fce5183416a9E008AbAA85C87,false,23135693,0x9fe1fe51524d9d9814148604115276f63a546e2979a708769f18bb2fa85849af,23135940,true,Denom_removal (ETH<0.05),0x6265E2bd8d33050Fd821953e0111776A44a73A07,UNISWAP-V2,0xC02aaA39b223FE8D0A0e5C4F27eAD9083C756Cc2,WETH,0.000000000000000001,0.000000000010335095,false,,,true,Denom_removal (ETH<0.05),0.00000009675769792149952,,,23135940,1755134066.0647388
0xD35242F1Ba1b5A8d2C8F8Aa6F5F448683e043675,CRUNCH,Crunch AI,9,1000000000,0x144991215ab78F7d2053570f96D3A6545D604bf7,0x144991215ab78F7d2053570f96D3A6545D604bf7,true,23126799,0xe1c290dd68c89f0a95dde4537508989bb91ab002277ad026df85c7c712fdabb9,23128273,false,,0xE113b887f3F47Eb27f2efD8C0FceB313aC1BC5dd,UNISWAP-V2,0xC02aaA39b223FE8D0A0e5C4F27eAD9083C756Cc2,WETH,4.5989244860045,321858685.14299023,false,,,false,,0.000000014288644980828662,,,23128273,1755041617.123264
0xD3e3B310F11DADd9b2010832E1439bA7aA119779,BMNR,BitMine,9,1000000000000,0x49aAdA6413193030Be7708C3Bb660Af12B9295A8,0x49aAdA6413193030Be7708C3Bb660Af12B9295A8,true,23126902,0xc14d4ed33c9af02bd7c0fda2417000d4e0b73edf6a7d86f49a4c6662e634d6f8,23126902,false,,0xF02E1C56d00e2e54C3a5F1b14B8CBaDEC70aCb9F,UNISWAP-V2,0xC02aaA39b223FE8D0A0e5C4F27eAD9083C756Cc2,WETH,0,0,false,,,false,,,,,23126902,1755025068.770825
0xfDd9BB63Dea58F3dA93161B7aec9FFd9b363F7C5,WOLFSKULL,Wolfskull,9,1000000000,0xEc4b91cE501a7b70A7C86e34890426B905B7a740,0xEc4b91cE501a7b70A7C86e34890426B905B7a740,true,23124713,0x4eac8bf9fef3f0c850a49e0717589c44079ce945132f79429a9ff51e0c67e2bd,23135027,true,Denom_removal (ETH<0.05),0xfcA89fEa82CB6fE17248384511DC6DD90D18A87a,UNISWAP-V2,0xC02aaA39b223FE8D0A0e5C4F27eAD9083C756Cc2,WETH,0.000183760171972773,56254287.75702621,false,,,true,Denom_removal (ETH<0.05),0.0000000000032665984994152057,,,23135027,1755123085.008497
0xb249D7fF25fFCee529A61bD205414B0dABe21DFf,OVL,OVERLAY,18,1500000000000,0x9d25a2A49DAC7E89696211bA3157BaD964b4A3C2,0x9d25a2A49DAC7E89696211bA3157BaD964b4A3C2,false,23124494,0xfcf40d684938248a4b95e2ccb8e6b586aac01a0124c2b6a2f40896487f45b381,23132307,false,,0xEF1d72a6Ee7EA9DB30CE2740f60315A3f29a9B55,UNISWAP-V2,0xC02aaA39b223FE8D0A0e5C4F27eAD9083C756Cc2,WETH,17.987109668066527,12901891.692205152,false,,,false,,0.0000013941451453149058,,,23132307,1755090271.164123
0xf8a0Ec3b0fd548C411AaED5A4C96b1caEC00a6AE,PNDM,PandaMoon,18,657000,0xbeFd695605BC8f006d9B560E7b10a9A471015740,0xbeFd695605BC8f006d9B560E7b10a9A471015740,false,23134770,0x9f22991907ce6b5e0116b2a7c960f05364e6e5c65e39782dd04bc89b27097314,23135120,true,Denom_removal (ETH<0.05),0x409F112d86D3b2ea0cda5E0CF55171676079E756,UNISWAP-V2,0xC02aaA39b223FE8D0A0e5C4F27eAD9083C756Cc2,WETH,0.000000000000000002,0.000000000000666543,false,,,true,Denom_removal (ETH<0.05),0.000003000556603249903,,,23135120,1755124201.1292255
0xECc3e55f497Fbcf25Ef9266E615ab4958CA11913,🦎ETHZILLA,🦎ethZilla,18,500000000,0xB84008b4b2E3727AD803E3AA2d88a2dE5EcE5dd4,0xB84008b4b2E3727AD803E3AA2d88a2dE5EcE5dd4,false,23130725,0x969e1c3d7c16e55550c7c6d9b2ce0912478bdac1dba62e3afef412b0c86e534a,23135480,true,Denom_removal (ETH<0.05),0x8ee088482EdD51256CD6736a6b8c15ad8A99512b,UNISWAP-V2,0xC02aaA39b223FE8D0A0e5C4F27eAD9083C756Cc2,WETH,0.000000000000010001,0.000000000000000977,false,,,true,Denom_removal (ETH<0.05),10.236438075742067,,,23135480,1755128521.00554
0x8f98b0F3b45D016c3C7B28faBD33eD563C31119a,FARTRUMP,Fart Trump,18,1000000000,0x33ea7345Adc8E267fdF322d44259795d30CDBF02,0x33ea7345Adc8E267fdF322d44259795d30CDBF02,true,23134821,0xde1d02f30524d41b922ac388739a7c98ab7cdfd975cae1f805000dffd706f669,23135712,false,,0xC55A576EFad6cCC91f8f36AacB4f788383bA79CE,UNISWAP-V3,0xC02aaA39b223FE8D0A0e5C4F27eAD9083C756Cc2,WETH,0.519249693124769,1614368381.8448887,true,23135686,0x60a1d5f02f323db46621add86229486d96adfa929876d25c596bb22e9e45aeb1,false,,0.00000000032164263061902523,,,23135712,1755131305.802834
0x1E24A292c80095e153F3ca60Cb24b883FbEfa7b3,VOTE,Voton,18,100000000000,0x4BBaf2931914aB3436Fbe2927825A268E042fDa0,0x4BBaf2931914aB3436Fbe2927825A268E042fDa0,false,23134991,0x1ec1d5fa8468c07aa25ee3422cdd620cfdb4684aae0132661b2e41be5eafe185,23134991,false,,0x3F6Fe79acC1E2E48c62721AC140b30c5Cf37EA43,UNISWAP-V2,0xA0b86991c6218b36c1d19D4a2e9Eb0cE3606eB48,USDC,0,0,false,,,false,,,,,23134991,1755122654.8416643
0x75b15b3C48164285F77269202F6598fF1688c839,BMNR,BitMine,9,1000000000000,0x49aAdA6413193030Be7708C3Bb660Af12B9295A8,0x49aAdA6413193030Be7708C3Bb660Af12B9295A8,true,23126764,0x6b9b266d0d58d9304a7ef2b37dca90a2789e37ebef6fdba912fa8a0f322aa736,23126764,false,,0x7D2A4856860c678476ea5EC0a7DEa30311fB3Fa6,UNISWAP-V2,0xC02aaA39b223FE8D0A0e5C4F27eAD9083C756Cc2,WETH,0,0,false,,,false,,,,,23126764,1755023414.3800724
0x3eede588C9786BFB5Af30aBEBcFE3B5e66acE9fa,USELESS,USELESS,18,1000000000,0x146CC769F885F4dadb7e74E7d8771526a838d557,0x146CC769F885F4dadb7e74E7d8771526a838d557,true,23134577,0x97b9d23e7e42a79b588ca940e628ff4e98dea88fb85fcf6a0beb45d751d52d0d,23134596,false,,0x4A232d1c1dC9D3881ca0B30Dd2A3D7F57514E356,UNISWAP-V3,0xC02aaA39b223FE8D0A0e5C4F27eAD9083C756Cc2,WETH,1047.2830314770015,999999790.5628246,true,23134593,0x14106260168c21414e2089b705d1d18fff44eaa64559a516b1b4a8ad2fda8b33,false,,0.0000010472832508170475,,,23134596,1755117853.258467
0xF8e707f146F474B55E51e22B1B89C8B1cCfB4f90,EAGLE,Bald Eagle,9,1000000000,0xf6b98a21e25351E2091F6346cF3f679ee12B2B28,0xf6b98a21e25351E2091F6346cF3f679ee12B2B28,true,23117067,0x941ea43eafbd1c269f32854a835b22ad08baf95e4966dfc74e68f075d9a52358,23135050,true,Denom_removal (ETH<0.05),0xA9D2Fe8C1aA348835Aaf4d7444374631A8c50a4d,UNISWAP-V2,0xC02aaA39b223FE8D0A0e5C4F27eAD9083C756Cc2,WETH,0.00435438260938809,24028619.203143824,false,,,true,Denom_removal (ETH<0.05),0.00000000018121651404831356,,,23135050,1755123360.9345129
0x5a831166FaAf97aa8f81305F9539dA2cc36767b3,CYBER,CYBER,18,100000000,0xA77A95d92169bD7A3bB040B843962aD8069886bb,0xA77A95d92169bD7A3bB040B843962aD8069886bb,true,23124440,0x33717e02c7c42bf9f2efb49ce319d2a2b91eae261eb0c7d87597dc5b7ba794cc,23124469,false,,0xD3f7c1ECbF2616D6D99dFe6109874cf86E686A5A,UNISWAP-V3,0xC02aaA39b223FE8D0A0e5C4F27eAD9083C756Cc2,WETH,79303.51581062198,99999997.7945,true,23124462,0x01b2e85fdeabdfb13989d5d662b00ea7e460ca007a438e92c41a75839fd8007b,false,,0.0007930351755966106,,,23124469,1754995728.8938017
0xFe07Ec2732116466737B5446A15a6DD6B727b767,🍇GRGR,🍇GrapeGorilla,18,820000000,0x0C7a89f576f5f721f572E05ac5cEf14a86e625A7,0x0C7a89f576f5f721f572E05ac5cEf14a86e625A7,false,23131006,0xf2ffdea206f4b60d4fffbd61c5589d8b173faf0c13717ac3318b6ea89986f421,23135439,true,Denom_removal (ETH<0.05),0xB4aa28e2876a7AEE2C884b86B8564A6de3F91554,UNISWAP-V2,0xC02aaA39b223FE8D0A0e5C4F27eAD9083C756Cc2,WETH,0.000000000000000011,0.000000000001894769,false,,,true,Denom_removal (ETH<0.05),0.000005805457024048842,,,23135439,1755128029.2925842
0x2cE932c622eD9161A7eEF200d13DBFD15c3F9Bf0,KEK,Kek of Kekius Maximus,18,1000000000,0x75cD95f06d5661C382E8D24eb0b2B3eEe916D0fe,0x75cD95f06d5661C382E8D24eb0b2B3eEe916D0fe,false,23113778,0xc6d190d4ec8c6514c0576e74a6937892ee78c56ebd9e97d3300efe26335a8ab2,23117671,false,,0x66E09Ab7e9337E1648ABCE5007Ae88724D337079,UNISWAP-V3,0x26E550AC11B26f78A04489d5F20f24E3559f7Dd9,Unknown,2437761.7361933594,2953591108.248689,true,23114034,0x9ddd281252514eb60650f2b99f47801ce5978274c774cf054f9c95e2c18a13ce,false,,0.0008253551852134376,,,23117671,1754913649.01038
0x7c36482d5162db16A4112E7B108DD52761B9170E,OCTA,Octafy AI,18,100000000,0x113D1Fde55B0683879991E7B7495BC0bf7A109DD,0x113D1Fde55B0683879991E7B7495BC0bf7A109DD,true,23137034,0x6b3085dd2e34d0e33eb4130fdd7e69f7c350e2e261815e5fed2cde1809832a29,23137034,false,,0x005B2D6b69d0F2bD45b64F50AFc679A074142463,UNISWAP-V2,0xC02aaA39b223FE8D0A0e5C4F27eAD9083C756Cc2,WETH,0,0,false,,,false,,,,,23137034,1755147206.5675025
0xb00Ed080e6770ce827F94D9261da3a307F906D3e,DELREY,DelRey,9,420690000000000,0x52B8bBc908aE196f4Ad9cB23c127d2e7d68991E8,0x52B8bBc908aE196f4Ad9cB23c127d2e7d68991E8,true,23117791,0x9e07e1941ff0e17499177d41697205092c52221442151109cae408f76ebfabc3,23135895,false,,0xe5b78C85ab8aF18F62a4D15f2968F7e2871f0fEF,UNISWAP-V2,0xC02aaA39b223FE8D0A0e5C4F27eAD9083C756Cc2,WETH,0.7189248143240667,306658537935054.9,false,,,false,,0.0000000000000023443821886228485,,,23135895,1755133525.0547085
0x096938833535BdE2d74c87905f459ca1f4921Ff3,$ETH,VitalikTrumpXiMuskPepeShrekMarioPacRoseETH9999Inu,9,1000000000000,0x49aAdA6413193030Be7708C3Bb660Af12B9295A8,0x49aAdA6413193030Be7708C3Bb660Af12B9295A8,true,23110990,0x2b71159bbe0abd84120db62fb1e741b6cd7c462cbb5aa2c477bd05f79cdb24c0,23110990,false,,0x5A2F1124F883c36152072A5c9fCaB4298cB7d2B3,UNISWAP-V2,0xC02aaA39b223FE8D0A0e5C4F27eAD9083C756Cc2,WETH,0,0,false,,,false,,,,,23110990,1754832973.3765
0x087480A9397c252fF2A8Da21b5C808b40431999E,AUR,Aurelius,18,700000000,0x8E1075Fa39660C1286917DD10ad535236eB520cd,0x8E1075Fa39660C1286917DD10ad535236eB520cd,false,23111610,0x4677902f900af4375dad93979d03f762e341d7b11144ba82515d7fd41057a996,23112672,false,,,,,,,,,,,,,,,,,
0x4F752F05cec007E8165b3C7D833456889E94564B,BABY DANCING,First Internet Meme,9,100000000,0x337DF2F621cd4a7558F3348aFB44fe0D1DCCcEaE,0x337DF2F621cd4a7558F3348aFB44fe0D1DCCcEaE,true,23130965,0x2972b58417743a927ef109d950694f05aea7ffe5c7fc7e6e7eb0a4249cf2cab1,23135138,true,Denom_removal (ETH<0.05),0x8C77Bc3b1fdf53A45C5Ef58603b663A3089E5C26,UNISWAP-V2,0xC02aaA39b223FE8D0A0e5C4F27eAD9083C756Cc2,WETH,0.000000000001003166,0.000000002,false,,,true,Denom_removal (ETH<0.05),0.000501583,,,23135138,1755124418.1968565
0xe4707A3b042C07539F811aD21F97d9862697B3BB,ZAZULU,Zazulu,9,100000000,0xd46337F5Ad3F89f823B3704322be80d8cCE72b69,0xd46337F5Ad3F89f823B3704322be80d8cCE72b69,true,23133446,0x733821873eb3c25849ed85d3080fb93c2591f6fd4c9dab59adaa692e1f205bd9,23135123,true,Denom_removal (ETH<0.05),0xd4f5290CAffc4A6a1452788406aB011305FdC9D0,UNISWAP-V2,0xC02aaA39b223FE8D0A0e5C4F27eAD9083C756Cc2,WETH,0.000100000000000076,0.000027847,false,,,true,Denom_removal (ETH<0.05),3.5910511006598913,,,23135123,1755124237.4199927
0x1ecD23e3CF25183e250c39a3472f9e3a7d17B694,CZSTR,Czech Streets,9,420690000000,0xE5ABe700D7cAd536B8Bd77761Ff0fFB71A587056,0xE5ABe700D7cAd536B8Bd77761Ff0fFB71A587056,true,23134907,0xabb63b98690cef0919d92f4572dda77370f6b39f8f46f2eaff4a32e74f377451,23135161,false,,0xAb2b0b0130eA7F212c596F54e2A1C092D181Ae3C,UNISWAP-V2,0xC02aaA39b223FE8D0A0e5C4F27eAD9083C756Cc2,WETH,3.3042398703097553,128551960006.53038,false,,,false,,0.000000000025703535520904555,,,23135161,1755124694.2188156
0x5f24255886163cadC590Eb6fC48ec58631aE40De,BRK,BRK6900,9,420690000,0x5ec9bD781B4f45eEa53423fa82cc62385aE46ee8,0x5ec9bD781B4f45eEa53423fa82cc62385aE46ee8,true,23121249,0xf401fe5f6eb1ed5ffa0fe1db2b4d59d0eaf3cc21a93efeb68d740d4a423dd882,23137797,false,,0x1C4eDbBcb237f6A78ef4B26c585dCadCFFFdc0a6,UNISWAP-V2,0xC02aaA39b223FE8D0A0e5C4F27eAD9083C756Cc2,WETH,2.82869342509345,90564739.88007908,false,,,false,,0.0000000312339374997273,,,23137797,1755156432.9010403
0xE3167Aa8E957559646E8F1c473934e7fBEfc92ac,DIME,Dimes,18,100000000000,0xA77A95d92169bD7A3bB040B843962aD8069886bb,0xA77A95d92169bD7A3bB040B843962aD8069886bb,true,23124902,0x5d33599625710bbb2e137b0b73027d76fcd967fed40077586138a818c9557516,23125160,false,,0xbB122c480CF3E2e72FA70bEd3FF768e45C1D6364,UNISWAP-V3,0xC02aaA39b223FE8D0A0e5C4F27eAD9083C756Cc2,WETH,409.6912868327415,99999774142.4023,true,23124930,0x0217f381d78d7756426b3b61d8daf30861be10e9af32129b8104c95ee6abf51c,false,,0.0000000040969221215372985,,,23125160,1755004080.1343298
0x2921B31DAbC3E05d025A57769ec1205895E316aF,SHIKOKU,Shikoku Inu,9,420690000180360,0xa6361808c0fb0F61328720921b6BDc123167B523,0xa6361808c0fb0F61328720921b6BDc123167B523,true,23127060,0xd9e02c0b4f4af878addf117cf5b358b96d24dae464a9a8b23386e7d488d4d456,23130518,false,,0x902974da1e2097D6bc2067763d22126092fE5fD1,UNISWAP-V2,0xC02aaA39b223FE8D0A0e5C4F27eAD9083C756Cc2,WETH,0.5207467001940389,283942718589201.94,false,,,false,,0.000000000000001833985047341314,,,23130518,1755068701.1711292
0xf44D852Ddc64c47CA4f96467cd767d22fFF51D22,MEMM,Meme Melon,18,860000,0x3d5735B34382220dA23a4e3Bc65d4645e3518637,0x3d5735B34382220dA23a4e3Bc65d4645e3518637,false,23130784,0xa9cbc4e0be4461dd2423a25bd18d2f79036a086fa0275755a95c3c80d04e30c0,23135494,true,Denom_removal (ETH<0.05),0xF82f97BE8C4c57B32148292808428e2e7F121730,UNISWAP-V2,0xC02aaA39b223FE8D0A0e5C4F27eAD9083C756Cc2,WETH,0.000000000000000012,0.000000000000136127,false,,,true,Denom_removal (ETH<0.05),0.00008815297479559528,,,23135494,1755128689.148633
0x802871FaAEc9eA9C15D0bc418c1ecd8a9AA171dc,Subway,Subway,18,1000000000,0x6B82E1AbefbF29F355Dd8d3B263670279dE67A17,0x6B82E1AbefbF29F355Dd8d3B263670279dE67A17,false,23113864,0x89e626941c035c5059ce1639e007d8e3ff17d0b03e1001c4f273979709c3bea9,23114488,false,,0x263E141333d66F7C2A4464b3887281afC2a09A81,UNISWAP-V3,0xC02aaA39b223FE8D0A0e5C4F27eAD9083C756Cc2,WETH,0,0,false,,,false,,,,,23114488,1754875200.908703
0xEfAAa07c43fBA661ff130eDB05ff5A071dc0F812,ETF,ETF6900,9,1000000000,0xB2d62C6223220Df7939104577732A1a54BBB52a3,0xB2d62C6223220Df7939104577732A1a54BBB52a3,true,23134300,0x5735f5c8ee4b0237161f23ba2ab60c023e9bdd4f26e8c142e830035975bc96ef,23134308,false,,0x05f18748991Ca4e6FCaa2C7F04164c9354945E27,UNISWAP-V2,0xC02aaA39b223FE8D0A0e5C4F27eAD9083C756Cc2,WETH,0,0,false,,,false,,,,,23134308,1755114350.0127804
0xAB998E4beD6775436fE655c355E977800311cbf9,STONKER,Stonker Ai,18,1000000000,0x347Fefd895881eb06F70c6879Ba779B36F092248,0x347Fefd895881eb06F70c6879Ba779B36F092248,false,23113682,0xca9aba068e23614f0416ec71d86e8d1b3b12c764cf50a9b62aab2f3d6c051948,23113820,false,,0x625bD92A5f9e262549C4A3dD7518AEF20FF01904,UNISWAP-V3,0xC02aaA39b223FE8D0A0e5C4F27eAD9083C756Cc2,WETH,0,0,false,,,false,,,,,23113820,1754867088.9402988
0x8262b8a2D2011B04328ED5f2940BF83ea4b07215,100USD,Benjamin Franklin,9,420690000000,0xFdb881341F9d1925BB6c05110d6e964C0c4f3003,0xFdb881341F9d1925BB6c05110d6e964C0c4f3003,true,23135279,0x82299935fd3a9d56ba94127afc9c0e7556b34bcb02482d62d89f16eb4d7714e7,23135717,true,Denom_removal (ETH<0.05),0xa738a88D502fB079E9CEd51dF26830539ff43e55,UNISWAP-V2,0xC02aaA39b223FE8D0A0e5C4F27eAD9083C756Cc2,WETH,0.000001000000000521,45.452472773,false,,,true,Denom_removal (ETH<0.05),0.000000022001003235076512,,,23135717,1755131365.4508028
0x4125609B8Beb4027760Ea1166666849351375DaB,BBC,BIGBOYCOIN,18,500000000,0xDADb560f606440534C29023Bc42E78e6AA9bCc05,0xDADb560f606440534C29023Bc42E78e6AA9bCc05,false,23113027,0xa92245310682ce6a104ac763b187fe19264d358152512f04b360b80e9b1f4f78,23113027,false,,0x99b8F30E4A89b1ab334eB9Bd5C82a15599f63C81,UNISWAP-V2,0xC02aaA39b223FE8D0A0e5C4F27eAD9083C756Cc2,WETH,0,0,false,,,false,,,,,23113027,1754857537.522226
0x2EEe8dF52ef021Efe4b2F78bd684F8c62f109d09,🥑AVAN,🥑AvocadoAnt,18,990000000,0xEC22C88aaacB7FdDD798406d1B47F96d12CBe94f,0xEC22C88aaacB7FdDD798406d1B47F96d12CBe94f,false,23136252,0x73e959c134cc02c133e792575f83818722b149b5464a4d4dfa89741be0dc008d,23136360,true,Denom_removal (ETH<0.05),0x1341bc7C9eFE87e3ff57f2D276D618063565Fd8c,UNISWAP-V2,0xC02aaA39b223FE8D0A0e5C4F27eAD9083C756Cc2,WETH,0.000000000000000001,0.000000000017376503,false,,,true,Denom_removal (ETH<0.05),0.00000005754897864086923,,,23136360,1755139117.1629882
0x0D9ABe57D2444e6AB80c6469E257798DB2581D2a,ETR,Etherra,18,700000000,0x8E1075Fa39660C1286917DD10ad535236eB520cd,0x8E1075Fa39660C1286917DD10ad535236eB520cd,false,23112281,0xe2045c441ced2e751f8ddfc02351acf6679560732e2c357590d081518135ffcf,23136714,false,,,,,,,,,,,,,,,,,
0x1b49aC51FB6e35eF124A74cd604F359a961Dae4A,Mięta,Ethereum Dog,9,1000000000,0xa3fbC8174371cDA2a6F5194A7Dc57FEbc60cf0EA,0xa3fbC8174371cDA2a6F5194A7Dc57FEbc60cf0EA,true,23132066,0xa55ea7ace01d1272e2d3c66d46ae3e2495a256d6a7b22ae5e4b6d8cde48c418b,23137384,false,,0x277C70867EE0a9E796487736E5B775baFc7f2364,UNISWAP-V2,0xC02aaA39b223FE8D0A0e5C4F27eAD9083C756Cc2,WETH,0.7759498312256842,785841617.4003605,false,,,false,,0.000000000987412493871985,,,23137384,1755151453.3500965
0x11920b609E0DD18d7A23F476f813f968f9Fcf757,ROT,Happy Rot by Matt Furie,9,1000000000,0xc48c4C4A70d25D348065B89b148742a7e5DC159D,0xc48c4C4A70d25D348065B89b148742a7e5DC159D,true,23122870,0x4c3c2c2bb60216f3caf96c7cce56c34dfd2cd710a542d2afb2fc207193df05e4,23137650,true,Denom_removal (ETH<0.05),0x006fBa9451566c4d4945f214329ccfCCa62447Af,UNISWAP-V2,0xC02aaA39b223FE8D0A0e5C4F27eAD9083C756Cc2,WETH,0.000200000003588009,6.022759773,false,,,true,Denom_removal (ETH<0.05),0.00003320736856957303,,,23137650,1755154646.017801
0x409782CdCee96C94972F1723D4463D855D937A88,FLSX,Falcon Solax,18,630000000,0xae772fA3f96927a30D94C171a1743e60E3044Ef6,0xae772fA3f96927a30D94C171a1743e60E3044Ef6,false,23130636,0x338bf9c524117b47eac3507d33f9a0448d183ec5d21df658c804f78ff1ac77b3,23135499,true,Denom_removal (ETH<0.05),0x676193691Ff757F104d014FF6C4F671135C1B1cC,UNISWAP-V2,0xC02aaA39b223FE8D0A0e5C4F27eAD9083C756Cc2,WETH,0.000000000000100001,0.000000000000000135,false,,,true,Denom_removal (ETH<0.05),740.7481481481482,,,23135499,1755128749.1983757
0x1615A2e0c51BfFbc4D71a805f78720F7A04619B8,PEPWIF,PepeWifHat,9,1000000000,0x1D90442239E4183f1d24400Fd542fAb7f7705561,0x1D90442239E4183f1d24400Fd542fAb7f7705561,true,23131515,0x00167aad90aa57d57cde7b43cc56f943ffedac0d39dd262c457c657ee4cf678b,23137694,false,,0x464a03db0dE6E155EaEc24e526A99450c9b2347e,UNISWAP-V2,0xC02aaA39b223FE8D0A0e5C4F27eAD9083C756Cc2,WETH,0.7034544639084296,831027155.1616634,false,,,false,,0.000000000846487939099395,,,23137694,1755155185.1294453
0x4f33C025Cab42C1c343efE4166A0f2e1EE4589F2,PAI,Pilot Ai,9,100000000,0x6e32F0059700dBBAB19aecE42c707a3587C4a3c7,0x6e32F0059700dBBAB19aecE42c707a3587C4a3c7,true,23133588,0x12286b2f97869e76d1998f5b6793428bfb49457c4e5af5a6749f0a58d7cd0cd5,23135014,true,Denom_removal (ETH<0.05),0x54a9eB7bD951E9BFa8143d78DA6dD176A5e0E41A,UNISWAP-V2,0xC02aaA39b223FE8D0A0e5C4F27eAD9083C756Cc2,WETH,0.000000000001012929,0.000000001,false,,,true,Denom_removal (ETH<0.05),0.0010129289999999999,,,23135014,1755122929.019596
0x2B6217d6E624A4cF534e93c02810CE083f68CDf8,BMNR,BITMINE,18,1000000000,0xbd51a8A18cf22d051004447C0b17AD1e1CeE3eD5,0xbd51a8A18cf22d051004447C0b17AD1e1CeE3eD5,true,23126533,0x8ac8f7fe14d2fb768aeab62e1a5d22dff9e1526b87c90a8e8291fead269d2480,23133875,false,,0x3894D27393d94dAC6Fe1889E62A458c01Da10d22,UNISWAP-V2,0xC02aaA39b223FE8D0A0e5C4F27eAD9083C756Cc2,WETH,1.111126529851738,360106412.5077442,false,,,false,,0.000000003085550524118598,,,23133875,1755109128.8161535
0x1bb4484E53c14483703272098f9ab46d8787f67e,IMAGE,Imagen Network IMAGE,18,5000000000,0x0aFde55dDa8166a7BF22F5cC0b6901c5b04f30D2,0x0aFde55dDa8166a7BF22F5cC0b6901c5b04f30D2,true,23134415,0x3773a488cae26852ed4a8c4837c12ccbb153a8f14f5e97181cc2bcee11d7d9a3,23134573,false,,,,,,,,,,,,,,,,,
0x5e0DA6fBC55D71bBf5d05F9b96AbB3503957Ff77,BEWARE,beware of geeks bearing grifts,18,1000000000,0x186412d4b2Dd207884bBc8aD78D534aFa7Ec138D,0x186412d4b2Dd207884bBc8aD78D534aFa7Ec138D,true,23132706,0xb045ecdc3e0f83bb4f342e2ac687798c6f003fd034b2c9acf11878aba7719ee3,23133727,false,,0x4829B1eA2240D22159147E42c7DC5649217afCFd,UNISWAP-V2,0xC02aaA39b223FE8D0A0e5C4F27eAD9083C756Cc2,WETH,1.1383036805269953,767692913.3395829,false,,,false,,0.0000000014827591355183913,,,23133727,1755107353.7667615
0xD970DCc13C75243F12152F9D038bF6428e7F7D40,gETH,Go-Ethereum,9,1000000000,0x420374A01a90c06A8B80Cd07a1eA8e977C3f3931,0x420374A01a90c06A8B80Cd07a1eA8e977C3f3931,true,23126134,0x190c2660e5a52a70917fd1a373cb7078884b595af6052f60cdcf47a1499434a0,23134627,false,,0x25827565Da84f5Aea78230C9eeC502BE5D6d368B,UNISWAP-V2,0xC02aaA39b223FE8D0A0e5C4F27eAD9083C756Cc2,WETH,1.1268078950418676,707663860.0278356,false,,,false,,0.0000000015922925539783043,,,23134627,1755118225.4547093
0xCC3Ce2aCC177E846BA1dC1627Dcd30443cBADb02,$ETH,VitalikTrumpXiMuskPepeShrekMarioPacRoseETH9999Inu,9,1000000000000,0x49aAdA6413193030Be7708C3Bb660Af12B9295A8,0x49aAdA6413193030Be7708C3Bb660Af12B9295A8,true,23111854,0x9499c033894aee7d8c340b4e6606ae03a0dfa3cba2e81df3772fdd95ee9edf2b,23111854,false,,0xD43F3c9411dF0cB0dFb78CFc05cD1C49587eE3c1,UNISWAP-V2,0xC02aaA39b223FE8D0A0e5C4F27eAD9083C756Cc2,WETH,0,0,false,,,false,,,,,23111854,1754843413.4578352
0x2Ca4B5B6523BecFC7C1D829E909E082495dD676f,$NAP,Napoleon,18,1000000000,0xc52351897E3295286ce38775e3741fb81bEE928d,0xc52351897E3295286ce38775e3741fb81bEE928d,true,23117647,0x09325af0b3c17c08275a4c561f378b7a42cad2dfd33ff7569165154a2d6e2ef5,23117793,false,,,,,,,,,,,,,,,,,
0x5462291eF95cAeE2cB0d051c9E5eE9165881E30e, XNY,Codatta XNY,18,1000000000,0x0aFde55dDa8166a7BF22F5cC0b6901c5b04f30D2,0x0aFde55dDa8166a7BF22F5cC0b6901c5b04f30D2,true,23108973,0x9b9e68c19eefa3e89bdb0575cdaeea5b039f0630d9fe0f59ff2b4ebe318907fa,23135525,false,,0x50f79570c6839FE6Ad4F2Aaa76b8Bb022d5C932B,UNISWAP-V3,0xC02aaA39b223FE8D0A0e5C4F27eAD9083C756Cc2,WETH,10055.164137204163,999999572.5771078,true,23109023,0x5082170ac7805b0fdaa5b634a81706d580d460121d48acc58b9e9852e5e823b9,false,,0.000010055168435013337,,,23135525,1755129061.1426227
0x8cF33FAa4eEd0DB1496BFf2E0d81AFfb90E84Fb7,$ETH,VitalikTrumpXiMuskPepeShrekMarioPacRoseETH9999Inu,9,1000000000000,0x49aAdA6413193030Be7708C3Bb660Af12B9295A8,0x49aAdA6413193030Be7708C3Bb660Af12B9295A8,true,23111109,0x80334ce775472e5573daba4ed9cca12e29dc1bcc0e674dd013ba890d7d68d676,23111109,false,,0x5061Dd513e521Ecdc15B46600e056F8b18157767,UNISWAP-V2,0xC02aaA39b223FE8D0A0e5C4F27eAD9083C756Cc2,WETH,0,0,false,,,false,,,,,23111109,1754834414.5431406
0x252b4D18AdA114e8F27991828B4C85412C2A183D,ORISI,ORISI,18,100000000,0x67C75B3ef0C5B28D0D0a9b4Ec28DfE6937135cf2,0x67C75B3ef0C5B28D0D0a9b4Ec28DfE6937135cf2,true,23127893,0x0c76800a42283da56b9d82b5394467d4261293166fc46da147298c180e3971b9,23127893,false,,0x51241972cc6FD966463AD7D5967d8DAB49509d1A,UNISWAP-V2,0xC02aaA39b223FE8D0A0e5C4F27eAD9083C756Cc2,WETH,0,0,false,,,false,,,,,23127893,1755037033.206519
0x9f41e6f4Bb0D02986f9893F64230eAB73250C2fb,BTCCHAN,Bitcoin Chan,18,1000000000,0x8f9061c2e1d20239A58c0C5D55f82e294a4761aC,0x8f9061c2e1d20239A58c0C5D55f82e294a4761aC,true,23132575,0x7b3c668af9be6f28cd25b5673b049833f77c65e1f1ff68a293b4c3ff9585ef9b,23135864,true,Denom_removal (ETH<0.05),0xB8C07c6264446b6b698649c6DD979AaC4aa2b76B,UNISWAP-V2,0xC02aaA39b223FE8D0A0e5C4F27eAD9083C756Cc2,WETH,0.000000000000000001,0.000000000022413777,false,,,true,Denom_removal (ETH<0.05),0.00000004461541666984552,,,23135864,1755133140.9778588
0xe472A93c6A305e1B11401712D4aB6e46259A4Bd5,WLOOP,Workloop AI,9,1000000000,0x4af3C585EB93595Ff6e5AF744B913f9504889ccE,0x4af3C585EB93595Ff6e5AF744B913f9504889ccE,true,23133547,0xa42810d69120af04b77a1072b6a48c668505ae5513d7a937d04f369aa2fef4cd,23135113,true,Denom_removal (ETH<0.05),0x624fc9b100249298Ead164560d0532840B896a8C,UNISWAP-V2,0xC02aaA39b223FE8D0A0e5C4F27eAD9083C756Cc2,WETH,0.000103351037167663,9684536.617565077,false,,,true,Denom_removal (ETH<0.05),0.000000000010671758623970996,,,23135113,1755124116.995497
0xcABA142307141da8507972fb77316335c2F591eC,T,Test,9,420690000,0xFD0492CC62B13ac6115aE165090D22951F45088f,0xFD0492CC62B13ac6115aE165090D22951F45088f,true,23120922,0x46f8c0a1f3e861bf08d4de9353a31a1bd88141501b9303270cc713fbe4a3a155,23120922,false,,0x3bD561fa1F3E58Fd0dac9F8360B33769e6364197,UNISWAP-V2,0xC02aaA39b223FE8D0A0e5C4F27eAD9083C756Cc2,WETH,0,0,false,,,false,,,,,23120922,1754952937.0195994
0xBa3B7eeEAe18B4ECa0473b2Febd6af3ceC7ca42D,LIORA,Liora,18,1000000000,0xA77A95d92169bD7A3bB040B843962aD8069886bb,0xA77A95d92169bD7A3bB040B843962aD8069886bb,true,23119565,0xec61ea6d1251c77bc57d21d08e14d332ff426ae8d36c55a9adbf976b7ac42686,23119584,false,,0x5518c89DE25ccfC0FE140382CB666964AF1106e8,UNISWAP-V3,0xC02aaA39b223FE8D0A0e5C4F27eAD9083C756Cc2,WETH,50058.25890384302,1999999995.99,true,23119584,0x0db9dfcb1620b16be1d86fba4b68d709bd5a6e8989e80679b46d5a40d4161662,false,,0.000025029129502104915,,,23119584,1754936749.085478
0xd60716549567a6B105142B0366f2880C08DfA511,ETF,ETF6900,9,1000000000,0xB2d62C6223220Df7939104577732A1a54BBB52a3,0xB2d62C6223220Df7939104577732A1a54BBB52a3,true,23134295,0xb8ead72260545b7db5a6620c4dcce1948f2814d59a3928e20155d84a88a014e9,23134295,false,,0xCC9C3E39870177FC4884EFA68921570c78d2aa1b,UNISWAP-V2,0xC02aaA39b223FE8D0A0e5C4F27eAD9083C756Cc2,WETH,0,0,false,,,false,,,,,23134295,1755114194.6481228
0x1C1CC0747cC0f9721FBf4835d4733E3dC13Bb08c,SKELLY,Skelly by 𝓜𝓪𝓽𝓽 𝓕𝓾𝓻𝓲𝓮,9,420690000,0x8753be6cCeB7d2565579e56CB5C5726Dc10bADF2,0x8753be6cCeB7d2565579e56CB5C5726Dc10bADF2,true,23131828,0xcc3c03ae91d51e505b11812357db469028be39f5c7062a096b4f960f3e01e6c5,23136247,true,Denom_removal (ETH<0.05),0xaa6f965b4Ae5D84EB1d87a78D82A9Bf7C051E68f,UNISWAP-V2,0xC02aaA39b223FE8D0A0e5C4F27eAD9083C756Cc2,WETH,0.003450574573808758,12871922.037446776,false,,,true,Denom_removal (ETH<0.05),0.00000000026806987828005836,,,23136247,1755137761.086377
0x1285cA9dE140e0eb89073dAc012e235B38Fa14FB,FNFN,Funky Falcon,18,900000,0x9D201a80c0D812031b297643bdf791EE14Bae09D,0x9D201a80c0D812031b297643bdf791EE14Bae09D,false,23129328,0x7b5ac7c7e46e7173505c72bad1a3a5a1d7ff93d82bec0fe1c7825ecd2738b0ed,23135664,true,Denom_removal (ETH<0.05),0x56A43A3fE5C8a88c80De61A9ba9f6fcCab1B5f62,UNISWAP-V2,0xC02aaA39b223FE8D0A0e5C4F27eAD9083C756Cc2,WETH,0.000000000000001002,0.000000000000001341,false,,,true,Denom_removal (ETH<0.05),0.7472035794183444,,,23135664,1755130729.3424432
0xd094c074D2fb5cF2FF52392F4B452C12D6BAF3E7,AFIRE,AI Fire,18,1000000000,0x13Ff53BCabD1296FE8A085A11265093F5d5e5e93,0x13Ff53BCabD1296FE8A085A11265093F5d5e5e93,true,23136160,0x541065e232e61af1da179b6e823ab1704e15af3cd214040a2bd184f00d84f202,23136321,false,,0x9C5acab7A937454eA7a046D468c8359fA5F44Dee,UNISWAP-V2,0xC02aaA39b223FE8D0A0e5C4F27eAD9083C756Cc2,WETH,3.057886501215588,54072819.404212415,false,,,false,,0.00000005655126799209162,,,23136321,1755138651.3119123
0xF9bAb3BC91dB3fCB7C2dD6dEaFbd08A721F6a532,SOLEX,SOLEX,9,100000000,0x6eA3c0A819FB6aFa9Dcf0da72685475074dE26a3,0x6eA3c0A819FB6aFa9Dcf0da72685475074dE26a3,true,23132041,0x2526c1c2089204475a74b2b876ffb3d44206ca1717622a97b3d4dd70bd848f7e,23132170,false,,0xbd6F548706B9dC2685680495c900c0413f615802,UNISWAP-V2,0xC02aaA39b223FE8D0A0e5C4F27eAD9083C756Cc2,WETH,0,0,false,,,false,,,,,23132170,1755088609.053844
0x2AE00a3f15b6aE289D6D55C26b2b397A9893e530,CRCT,🥕Crypto Carrot,18,600000000,0x07495395564FCB6C8c5b51811338CcfeAF64dBe1,0x07495395564FCB6C8c5b51811338CcfeAF64dBe1,false,23135522,0x786cd6cb0ff257d220e693ccd1dc2fd1071b9b3ee90c0f3c033d509667867336,23135685,true,Denom_removal (ETH<0.05),0xcdf890c0AF54b3dfA99E469F6fb64eEF2E622060,UNISWAP-V2,0xC02aaA39b223FE8D0A0e5C4F27eAD9083C756Cc2,WETH,0.000000000000000001,0.000000000017594417,false,,,true,Denom_removal (ETH<0.05),0.00000005683621116857694,,,23135685,1755130981.7865686
0x74f40Bca4Bb272Beb93e9457A2a89F6E2e86057C,POKAI,Pokai,18,1000000000,0x9673F44728a0Ea0446dbD7c4f96294EaAc1C50Ba,0x9673F44728a0Ea0446dbD7c4f96294EaAc1C50Ba,true,23132314,0xe41a3bef7174d2f0359f0a9538a21651a7987a9472a0213b8bfed1a8f9bf6fc5,23137581,true,Denom_removal (ETH<0.05),0x715AB3063d7c296b7c3335F0DFeDcd0fBF4F1D06,UNISWAP-V2,0xC02aaA39b223FE8D0A0e5C4F27eAD9083C756Cc2,WETH,0.00376477339969311,15243.372950539404,false,,,true,Denom_removal (ETH<0.05),0.0000002469777136535841,,,23137581,1755153816.81858
0xE2916d05B41117Bd110d3360836C89E3cCAE90ea,ETH500,ETH500,18,420690000000000,0xcaFFFE9E7b5CB95E4688670C9F5dD73FEF76b5aA,0xcaFFFE9E7b5CB95E4688670C9F5dD73FEF76b5aA,true,23128468,0x030b80a8cc22bfb07091618d28a3891e9d69a82318275531816e5db002ac0468,23137029,false,,0x4B05F9C9Ae899F39D03d6170672f7B2eA52d9E36,UNISWAP-V2,0xC02aaA39b223FE8D0A0e5C4F27eAD9083C756Cc2,WETH,1.071959060316371,308836323597172.25,false,,,false,,0.0000000000000034709617308959117,,,23137029,1755147145.9178443
0xc03711798dED92707Cfc0Fa62B967a6F9B6a01D1,👽SPT,Shadow Panther Troop,18,947000000000000,0x819f337EFe4990F554d5E3AdD244CB8547d35DfD,0x819f337EFe4990F554d5E3AdD244CB8547d35DfD,false,23137379,0xb18e36226cdb4b5c1ed4b67c124d5c838f89ba2cfd8b7fc761ad6e39724635e6,23137722,true,Denom_removal (ETH<0.05),0x55A5C1cC8dbbe928c7F59CF2e6a055aC5f7FA15e,UNISWAP-V2,0xC02aaA39b223FE8D0A0e5C4F27eAD9083C756Cc2,WETH,0.000000000000000001,0.000000022004321542,false,,,true,Denom_removal (ETH<0.05),0.00000000004544561840233447,,,23137722,1755155532.9824896
0x8c9456f923F3DA871b32a9b61a6e69CDC5C4f664,GG,Great Genes,18,1000000000,0xAef0e56b525Ae1869C463b18E516109E7d445925,0xAef0e56b525Ae1869C463b18E516109E7d445925,true,23134189,0x365ca0f65162cca4cd3f0a73ff3095b3df38a1d8c26ef7bde4e6784edec5a7e6,23137846,false,,0x24278026147078b18b8389f5f97C6723e6794cEa,UNISWAP-V2,0xC02aaA39b223FE8D0A0e5C4F27eAD9083C756Cc2,WETH,1.0084077432465792,862854755.2365764,false,,,false,,0.000000001168687704537359,,,23137846,1755157034.8250256
0x5EEC144Cf9aD91AA4Ad39F1E612cB85D5aEC571A,X,x,9,1000000000,0xFbb47e4B95c859512967A9bD2184f4E4eba1bdA6,0xFbb47e4B95c859512967A9bD2184f4E4eba1bdA6,true,23136407,0x892513224d0ec6bd7d70bc02fea4acde3299c93e0f7195aff68da8bff46d3fc1,23136425,true,Denom_removal (ETH<0.05),0x6980fBf0883803cFFfFFfdB31d281B64bBc898cF,UNISWAP-V2,0xC02aaA39b223FE8D0A0e5C4F27eAD9083C756Cc2,WETH,0.000006589212047784,301260380.0693209,false,,,true,Denom_removal (ETH<0.05),0.000000000000021872149421931296,,,23136425,1755139898.726369
0x95446ae9185503398Fa0182497ef2C0d362db8E3,RAMPAGE,Rampage,18,1000000000,0x63C6F19a6E140a2B3fa06aa6990bc066C7CbC8e1,0x63C6F19a6E140a2B3fa06aa6990bc066C7CbC8e1,false,23113261,0xb77eeddc0931561ef5fa2a804790d6dcec19cd6882862206265ee7216ca6fcbe,23113322,false,,0xD63d45b6d774a64bDd4Dd45F9D9972F780615985,UNISWAP-V3,0xC02aaA39b223FE8D0A0e5C4F27eAD9083C756Cc2,WETH,0.11633810775079365,522907341.4830485,true,23113307,0x90de0c8ed745ed8a83d6063a89e3cdb33ac2ebd64edf63d6b3b776ff1065efb1,false,,0.00000000022248321742976536,,,23113322,1754861090.4806592
0xc3bdE0495A8575Eb1Fcc6a3742705C540f2A0637,$ETH,VitalikTrumpXiMuskPepeShrekMarioPacRoseETH9999Inu,9,1000000000000,0x49aAdA6413193030Be7708C3Bb660Af12B9295A8,0x49aAdA6413193030Be7708C3Bb660Af12B9295A8,true,23111481,0x1c159c35383ebf6c8d9be691f94f17e99863bed17c0da9f2e919be70aa6c1031,23111481,false,,0xa1E111d7F9304661f05e17a45467574b5102a0c9,UNISWAP-V2,0xC02aaA39b223FE8D0A0e5C4F27eAD9083C756Cc2,WETH,0,0,false,,,false,,,,,23111481,1754838912.6719224
0x23491749CB7ad5F3Ee9301d6265aAd7a8fEebDCc,LIBERTY,Torch of Liberty,18,1000000000,0xa8a8e0A08e55Bc28e89C7bE36B9Bb0E5D82c029B,0xa8a8e0A08e55Bc28e89C7bE36B9Bb0E5D82c029B,true,23119681,0x7edee9b5d48e9d65aa6fb031b0696722c9d8e210d4c219651e358fc54c486c23,23119698,false,,0xe8D6fd79bdfAeA9Fa142489cA64eae561CE1eA34,UNISWAP-V3,0xC02aaA39b223FE8D0A0e5C4F27eAD9083C756Cc2,WETH,29079.481638834804,999999995.99,true,23119698,0x3cd6873b9b7e611ea82981814234f749f86b31f110efea23f6410e1859f77e4d,false,,0.000029079481755443525,,,23119698,1754938129.0915198
0x42613F089401168A11bff74f718e82DaE53867A5,HBAR,Hedera,18,50000000000,0x192506dfF5f624Aa36590964c522923a5dC402d4,0x192506dfF5f624Aa36590964c522923a5dC402d4,true,23122737,0x60a0e11f2aa04df2b4dbe0ee3dc76a93c1cb30e0d1965167eb0ff619d1fcc6f1,23130673,false,,0x18223C59329A3CB93664c2Bd0F1171D5698A4bf5,UNISWAP-V3,0xC02aaA39b223FE8D0A0e5C4F27eAD9083C756Cc2,WETH,3997764.6198940007,74999999987.97,true,23122756,0xea5a49fd88462efd1fffc8abf72474de4dd99186d09e1b6e959c180ebb659cbd,false,,0.00005330352827380323,,,23130673,1755070562.351403
0x594bEdE28a2Dfb7e8d8b2E5Cec974FB4Ef44Cc86,💵NLS,Neon Lobster Squad,18,297000000000000,0x1042Ce086CCa5C2876B0EEF1E1cE94FcCFa2c463,0x1042Ce086CCa5C2876B0EEF1E1cE94FcCFa2c463,false,23137831,0xa99cea9cf93222a5d73f70c92654175390f0ea9ea4c587748ccbc4c0d8bf9377,23137858,false,,0x76FdADbc8e215F7Ff81E85cE0BCDd23AC66Dc08d,UNISWAP-V2,0xC02aaA39b223FE8D0A0e5C4F27eAD9083C756Cc2,WETH,0.9769902566103504,243436507220385.44,false,,,false,,0.000000000000004013326792130942,,,23137858,1755157177.5905025
0xbb820CDC399d93b614023caE612F85eaA0db944F,YAPP,Yapp Ai,9,100000000,0xdA24362bB1842fe6a869B2A0A22aFF40e13C77BE,0xdA24362bB1842fe6a869B2A0A22aFF40e13C77BE,true,23118315,0xe7f5e5e35820950cf738d0ad31b99318a8317a687c853b26a0e11488b014c4fb,23137640,false,,0x243d9A7a80780664189119e0960b4D8F901138b8,UNISWAP-V2,0xC02aaA39b223FE8D0A0e5C4F27eAD9083C756Cc2,WETH,2.936566302610603,25692008.29411823,false,,,false,,0.00000011429882276983704,,,23137640,1755154525.5844734
0x7B1FB9F081eC9a9D6080d83A19dc6321726C39Ec,MEMEGOD,Matt Furie is Meme God,9,100000000,0xbF5AaFe0933e25A11d3dA2a3cf4482Ed6413A821,0xbF5AaFe0933e25A11d3dA2a3cf4482Ed6413A821,true,23134845,0x42211a5c13560713a9b48fddf16ca7e6c2bf0843891d2cbf08b42226574a6818,23135893,true,Denom_removal (ETH<0.05),0xf4456d783D231Ef6BE0c1d83b7DAc766b474BeF5,UNISWAP-V2,0xC02aaA39b223FE8D0A0e5C4F27eAD9083C756Cc2,WETH,0.000050000001000478,0.000171305,false,,,true,Denom_removal (ETH<0.05),0.2918770672220776,,,23135893,1755133500.855912
0x75C70f9DD10cB5B4f12767F556eED949E8BF2c42,BMNR6900,BMNR 6900,9,100000000,0x750DEC1636214d879acA4A383c21e53aC88caa67,0x750DEC1636214d879acA4A383c21e53aC88caa67,true,23125932,0xfe2c442920f2ed15aa24d17a1658a0ae03f4e712d5dc2f01f4d589155cb4d29e,23137719,false,,0x41b6D11Fe6e81541E10AC70fF46E27276ac49f04,UNISWAP-V2,0xC02aaA39b223FE8D0A0e5C4F27eAD9083C756Cc2,WETH,1.143680681178748,70153316.06158733,false,,,false,,0.000000016302589034775135,,,23137719,1755155497.4319348
0xCA405D5F348e7f760D392256C84C4058D7DE966D,AFIRE,AI Fire,18,10000000,0x97B27c7daD82FaE9C8c93C1620e27C0D92841b3F,0x97B27c7daD82FaE9C8c93C1620e27C0D92841b3F,true,23126502,0x4ae67ac3740114596cad4060a3d032cd9185be4aec6c8338df2baa69f829842e,23134715,true,Denom_removal (ETH<0.05),0x74aa26425DD66Db0ad2c18C940567Ad479747636,UNISWAP-V2,0xC02aaA39b223FE8D0A0e5C4F27eAD9083C756Cc2,WETH,0.000000000000000001,0.000000000001374865,false,,,true,Denom_removal (ETH<0.05),0.0000007273441392427621,,,23134715,1755119305.4939709
0x6763110fd372740DD6c0E1874146c1E0cD07996A,MEMEGOD,Matt Furie is Meme God,9,100000000,0xE55Bb0E53a2F95bD0E228F33e45e654A508D0Eb9,0xE55Bb0E53a2F95bD0E228F33e45e654A508D0Eb9,true,23135423,0x0057e0842c4d6efdbcf20034531819cd838da579d47be8e57f26750994b02435,23135689,true,Denom_removal (ETH<0.05),0x3149BdA69DB3FaB609CFF9437446B0C463637c40,UNISWAP-V2,0xC02aaA39b223FE8D0A0e5C4F27eAD9083C756Cc2,WETH,0.000000000000010237,586399.256224562,false,,,true,Denom_removal (ETH<0.05),0.000000000000000000017457389127519176,,,23135689,1755131030.2969797
0x29c85E075fC3a67dDAD52724720ccAC78f40820b,YAWN,YAWN,9,1000000000,0x20E720eEbfc047256207D014AB4094ecEEf86B05,0x20E720eEbfc047256207D014AB4094ecEEf86B05,true,23135683,0x00d4dd92117d99946250b5b75d934be17d97e1929419d324a9c17f2d8bff01b6,23135817,true,Denom_removal (ETH<0.05),0x916F4090e1AfD1d6E1184Bfff4498B2d5EC769d3,UNISWAP-V2,0xC02aaA39b223FE8D0A0e5C4F27eAD9083C756Cc2,WETH,0.000000000000001095,0.000000914,false,,,true,Denom_removal (ETH<0.05),0.0000000011980306345733043,,,23135817,1755132578.01626
0x1cF5e429C34e540cc2FFf59f0C0020176eAA7C24,BoatKid,Pacu Jalur,9,999999000000,0xC069Dd394590a2E73A97f3e4208a0064762762c9,0xC069Dd394590a2E73A97f3e4208a0064762762c9,true,23134191,0x022052ae43072e75b962fa9ec47fe2b99f61a88a234f332fdad00f6bf99c89e4,23135064,true,Denom_removal (ETH<0.05),0x1Bd90460e6DCc2073551D231781e2C7d87CDfd77,UNISWAP-V2,0xC02aaA39b223FE8D0A0e5C4F27eAD9083C756Cc2,WETH,0.000123922959578002,16409261332998360,false,,,true,Denom_removal (ETH<0.05),0.000000000000000000007552013284644199,,,23135064,1755123530.0555084
0xF07d464b23d0C16b9ad8177Cef34FE43a4ad120e,🌸CHCK,🌸CherryChicks,18,460000000,0x3685010D5158ca339E991D7529F90D13bDC31E97,0x3685010D5158ca339E991D7529F90D13bDC31E97,false,23136163,0x30e4d6ddce4faf12d977a5d528362681115a44ec28967cd4a2dbaa8c2104055e,23136249,true,Denom_removal (ETH<0.05),0xb95EC36fdDb2d8CDd75aC122e1383C20D0bBb918,UNISWAP-V2,0xC02aaA39b223FE8D0A0e5C4F27eAD9083C756Cc2,WETH,0.000000000000000001,0.000000000009649515,false,,,true,Denom_removal (ETH<0.05),0.00000010363215146046202,,,23136249,1755137786.892532
0xb19435067b2C664b9dD1B33092387d2BFB570909,ETHZILLA,Ethzilla,9,420690000000,0xB7EDF7Ce62BC84617c2b34Da7B757acb0DaFDE6b,0xB7EDF7Ce62BC84617c2b34Da7B757acb0DaFDE6b,true,23126048,0xbe5c0bd4a5734e7897cb0b1296995a7f1da49fe5f5ab381f1bb079ea272307fe,23137849,false,,0x6e2979081F255E3C4f3EaF40AF33Dd9D395fE951,UNISWAP-V2,0xC02aaA39b223FE8D0A0e5C4F27eAD9083C756Cc2,WETH,2.0705144188576003,98013776174.25226,false,,,false,,0.000000000021124728580771837,,,23137849,1755157069.60859
0xd45d41b51e54a64Aa8eadfB5F3CB21FC96BcC496,AGI,AGI Cult,9,420690000000,0x588D1c1257D8d23A6363C6D57F8e350Db672da5e,0x588D1c1257D8d23A6363C6D57F8e350Db672da5e,true,23110627,0xe7dbde56261a077cc6a96cf437ef0ad485f8194cbbadf15136e033c60786a79b,23137439,false,,0x8FD3df3019522263EBF73D22Da31BA280452A1c9,UNISWAP-V2,0xC02aaA39b223FE8D0A0e5C4F27eAD9083C756Cc2,WETH,1.3155490184998977,174916144529.25708,false,,,false,,0.000000000007521026844265107,,,23137439,1755152113.2820375
0xcDc77280f29D61DF38BD41AadCc0d7123c372650,EPT,EtherPump Token,18,100000,0x34A10481E983f18e57a675424402DA0cDd88fbB9,0x34A10481E983f18e57a675424402DA0cDd88fbB9,false,23134398,0x20d53a93d573595ffd6d85a973079e28a53da5ed96164479627b54180b8d334a,23134732,true,Denom_removal (ETH<0.05),0x927e83564109434dE5C3115Be8b7458cEc48f00E,UNISWAP-V2,0xC02aaA39b223FE8D0A0e5C4F27eAD9083C756Cc2,WETH,0.000000000100000002,0.000000000000000001,false,,,true,Denom_removal (ETH<0.05),100000002,,,23134732,1755119509.4725564
0x2BCB042234B42B28AB89140138ED2D2FE413B4cc,PRGW,Prime Gateway,18,480000000,0x20eE04E72e0903c3824A81CCb16375B430a1D535,0x20eE04E72e0903c3824A81CCb16375B430a1D535,false,23135195,0x8cd5147700a6f61f2ac036b3852c3420244ffaaee0fdd36500d974fd58867453,23135312,true,Denom_removal (ETH<0.05),0x574D449965Bb2DC19BF56462F0F38c34aC842D7e,UNISWAP-V2,0xC02aaA39b223FE8D0A0e5C4F27eAD9083C756Cc2,WETH,0.000000000000000001,0.00000000001078337,false,,,true,Denom_removal (ETH<0.05),0.00000009273538791676442,,,23135312,1755126504.7928023
0x14e46b610a50b43ede8e74e13b7B0B04e8831773,🦄UNICOIN,🦄UniCoin,18,500000000,0xB84008b4b2E3727AD803E3AA2d88a2dE5EcE5dd4,0xB84008b4b2E3727AD803E3AA2d88a2dE5EcE5dd4,false,23131153,0xcbed9a8e3cca1569345a2ea09ab071352ad5fc7d294ceec82843b1b2e61242cf,23135393,true,Denom_removal (ETH<0.05),0xf31572607fDBca400c7D1855A325a28F6e2071BC,UNISWAP-V2,0xC02aaA39b223FE8D0A0e5C4F27eAD9083C756Cc2,WETH,0.000000000000010001,0.000000000000000983,false,,,true,Denom_removal (ETH<0.05),10.173957273652086,,,23135393,1755127476.9737804
0xba47d3005e4B63E83A858dED9FFf9f01520f8f6b,DOGE,Doge Cult,9,420690000000,0x3Ecf143A18B1D77E893c42344276640A0417A75E,0x3Ecf143A18B1D77E893c42344276640A0417A75E,true,23115003,0x22ea43badf6d89713d70e01954a0aafcdc2d44f1e7e883024b69b0cc5bcd2a2e,23135176,true,Denom_removal (ETH<0.05),0x5E2db645dbAbb412a8c706573C60d9b80F59Da5c,UNISWAP-V2,0xC02aaA39b223FE8D0A0e5C4F27eAD9083C756Cc2,WETH,0.000351306157922999,19927045991.2797,false,,,true,Denom_removal (ETH<0.05),0.00000000000001762961545212143,,,23135176,1755124873.4876115
0xCaDBAC9FF3BB3A6ef58aBcF5944023df503926e5,UNSD,Unknown Sender,18,350000000,0xF0B1ba702CD05837f505611Af31eC60FF19eF5A2,0xF0B1ba702CD05837f505611Af31eC60FF19eF5A2,false,23131050,0x70e642d0508279a3e397113c218908585a18cc27a12da97ad657d12d603ec49e,23135414,true,Denom_removal (ETH<0.05),0x88425ab0Be77Ce4e0c0E7dEA6a65AA9d4D470396,UNISWAP-V2,0xC02aaA39b223FE8D0A0e5C4F27eAD9083C756Cc2,WETH,0.000000000000000011,0.000000000001532023,false,,,true,Denom_removal (ETH<0.05),0.000007180048863496174,,,23135414,1755127728.778376
0x7BE96dFEB17c31e74cc30A553BEE65a101ee5fB6,🦥RBA,Royal Bison Alliance,18,383000000000000,0x4B33d8A50Ea46541ec21440F03978cc384438563,0x4B33d8A50Ea46541ec21440F03978cc384438563,false,23131037,0xd7fa1e54ff96212a8133c7c4e9f8e8ecc8c5d6f38f10f12dcaa170423344098b,23135465,true,Denom_removal (ETH<0.05),0x1140A97E5812f16D820353CC08C2081D2eD62c9E,UNISWAP-V2,0xC02aaA39b223FE8D0A0e5C4F27eAD9083C756Cc2,WETH,0.000000000000010001,0.00000000000218409,false,,,true,Denom_removal (ETH<0.05),0.004579023758178463,,,23135465,1755128340.410328
0xCaDc1f4883989F46EEb788a1417e7B4Affc6D91C,🧀CHCH,Cheese Chimp,18,690000000,0x91d86F66b20A822E7C32862B3Ddb4F19b7Ad2DbE,0x91d86F66b20A822E7C32862B3Ddb4F19b7Ad2DbE,false,23129854,0x740e2acf3108eecc3f02afccbf2520e358868fad446ef8bf638829c911740a80,23135571,true,Denom_removal (ETH<0.05),0x94538484c8a4F877485BB92Bd59Dac0899AD2cFC,UNISWAP-V2,0xC02aaA39b223FE8D0A0e5C4F27eAD9083C756Cc2,WETH,0.000000000000001001,0.00000000000001571,false,,,true,Denom_removal (ETH<0.05),0.0637173774665818,,,23135571,1755129613.1599903
0x321d0995359bEa7fb6013021273B418934AAfffE,ATH,ATHereum,9,10000000000,0x06060e2531d96129208C7B71De857490e5603c04,0x06060e2531d96129208C7B71De857490e5603c04,true,23127056,0x5bb0fbf35c0bdaf3b8e3ef3442eb5e3151eade68270e79a15c04cf69a3f1e42d,23127091,false,,0x56Cd2933ff7e8f6B49E71F14A0cC015FdF26715E,UNISWAP-V2,0xC02aaA39b223FE8D0A0e5C4F27eAD9083C756Cc2,WETH,0.5071637348866528,7962996616.537894,false,,,false,,0.00000000006369006032645466,,,23127091,1755027361.720941
0xcF5dbf74F7CdC73635bE949f1A8Eb32B503b77DB,ALCL,Almost Cool,18,490000000,0xbd066a962C48DE72E9792b2743550274C1BaA3bc,0xbd066a962C48DE72E9792b2743550274C1BaA3bc,false,23129199,0x761243510f9281550533876d1928973fe71d3e0969bb3ff101f9b97a4a25ca8e,23135683,true,Denom_removal (ETH<0.05),0xc615f4A009Be036c5Cab941E20304B36A6C5d04C,UNISWAP-V2,0xC02aaA39b223FE8D0A0e5C4F27eAD9083C756Cc2,WETH,0.000000000000001001,0.000000000000015618,false,,,true,Denom_removal (ETH<0.05),0.06409271353566398,,,23135683,1755130957.9941795
0xdC156fd5F3023Afb7de271B9328AeDf341d58AFb,⭐STLB,Stellar Labs,18,500000000,0xe3De4E33340E6dF9D0597E2C51f8a147bAA037ff,0xe3De4E33340E6dF9D0597E2C51f8a147bAA037ff,false,23135412,0x58eaf12bbfe059444834a8a161c9d120ef961618de26dd18365d1c1eaf8c18fb,23135696,true,Denom_removal (ETH<0.05),0x8fa93128342D0800c5598321E0B027bFAF81525c,UNISWAP-V2,0xC02aaA39b223FE8D0A0e5C4F27eAD9083C756Cc2,WETH,0.000000000000010001,0.0000000000000015,false,,,true,Denom_removal (ETH<0.05),6.667333333333334,,,23135696,1755131113.1951869
0xcadb885815707a45c9CC063a47B1c685e2624bf4,ORANGE,The Orange Ethereum,9,10000000,0xE1761E8D4AAf800a0Bf2ca177E31fa51FD934F23,0xE1761E8D4AAf800a0Bf2ca177E31fa51FD934F23,true,23128625,0x39c237dfe4506e2e5a4b49151f150e81c6f3a15eb90daf392203970fd3b113e3,23137833,false,,0x1AeBE9362aA3A9A11076A46c22cC94D64F1cDFe5,UNISWAP-V2,0xC02aaA39b223FE8D0A0e5C4F27eAD9083C756Cc2,WETH,0.6373211446376886,7113298.270046567,false,,,false,,0.0000000895957290756931,,,23137833,1755156876.8247552
0xa1b28971D347c8367C8bE9264eE373ffA77Bbec9,ETHATH,ETH ATH,9,1000000000,0x939408775f6A473560FbE5F413C1Ef4F508AdD70,0x939408775f6A473560FbE5F413C1Ef4F508AdD70,true,23131584,0xb1086ea3a078e489f9bbd20bb1e57775ed9df5994cf09e8bbb6218997032d236,23135379,true,Denom_removal (ETH<0.05),0x76f99FabD4d8b70326C53056d822f1207B3DA51c,UNISWAP-V2,0xC02aaA39b223FE8D0A0e5C4F27eAD9083C756Cc2,WETH,0.000001000003439472,32.999012289,false,,,true,Denom_removal (ETH<0.05),0.00000003030404154870249,,,23135379,1755127308.9515378
0x8976746a1fa83cEab90D8753af9cDc2fFd2C7b5a,PP,Privacy Pools,18,21000000,0xa6E699E2EB97Aed8De9c0879dd265Ed92559D7f8,0xa6E699E2EB97Aed8De9c0879dd265Ed92559D7f8,true,23109280,0x6dc7bf334833f10502801e8a7a1af0110c24782920f1e91370a59b3de9bf92f9,23115130,false,,0x927C1EeE4Cb0db11d5a38f061a1d224C8CaB8080,UNISWAP-V3,0xC02aaA39b223FE8D0A0e5C4F27eAD9083C756Cc2,WETH,5.630363942428277,59849213.13096884,true,23109549,0xec5cc999c66b1dfd2ffecaa5d50d4b43bf0aeafde2d5a18dc5b859527502c571,false,,0.00000009407582235220496,,,23115130,1754882952.4563866
0xdE48d0D3F07B00D3Cd4536201c07C3FA152f0003,BULL,BULLRUN,9,8000000000000,0x50C3eE11F4761713110a3Cee44373021DA675312,0x50C3eE11F4761713110a3Cee44373021DA675312,true,23129302,0xc89c0b20e892d207ea49fd436c87a44308fe4010aaa295ad09c3fb569037e4fb,23129361,false,,0xaeBd03f42ae21913B07dbbfdEBEf5714F7d6dCA1,UNISWAP-V2,0xC02aaA39b223FE8D0A0e5C4F27eAD9083C756Cc2,WETH,1.230026,6507903364425.662,false,,,false,,0.0000000000001890049576832573,,,23129361,1755054733.3157618
0xcE99fF03c566a5649Dc2AFe3f1D2802eCed74EC6,BitcoinWizard,MagicInternetMoney,9,1000000000,0x348E8638D40B67AFeB090A11431d62065a4D1370,0x348E8638D40B67AFeB090A11431d62065a4D1370,true,23115685,0x96131e6b65722aac08e604c33a10a15f8bb6d06be5b245877578743f4b925ed9,23137836,false,,0x8452B97b1dc71a140105D6966C49FC859579eaDC,UNISWAP-V2,0xC02aaA39b223FE8D0A0e5C4F27eAD9083C756Cc2,WETH,1.0387196999576924,810688475.6848217,false,,,false,,0.0000000012812809496030437,,,23137836,1755156913.5932188
0xE83aC4e72878d17b0BE735f7F3D77198CFd9a3dF,$ETH,VitalikTrumpXiMuskPepeShrekMarioPacRoseETH9999Inu,9,1000000000000,0x49aAdA6413193030Be7708C3Bb660Af12B9295A8,0x49aAdA6413193030Be7708C3Bb660Af12B9295A8,true,23111557,0xebb0a5d11c6bb1d871aa697ca57053017975b096998b21bd1b8acdad100126b8,23111557,false,,0xDCcF0E3bAB10d276B561d4090629b2Baa62d1f53,UNISWAP-V2,0xC02aaA39b223FE8D0A0e5C4F27eAD9083C756Cc2,WETH,0,0,false,,,false,,,,,23111557,1754839825.611085
0x828E2be15a4Bdfe0837fb69dd865B5E4eae4Cfee,LEETH,LEEthereum,18,1000000000,0xc41d93f2d876DB4900837232064Cc578a77150CC,0xc41d93f2d876DB4900837232064Cc578a77150CC,true,23126590,0x018888aa6b1f27f579fb5f34034b407f414c16c9be62f98b2065dd3f46f635ed,23137191,false,,0xDf4f7e0fBF545502F2A642F26F090ea9B175eC3e,UNISWAP-V2,0xC02aaA39b223FE8D0A0e5C4F27eAD9083C756Cc2,WETH,0.948627700888181,662565830.6662562,false,,,false,,0.0000000014317486006398332,,,23137191,1755149113.2185383
0x6b726e45494B98E28A330ee4b8B4C32E0288D865,PTPG,Pretzel Penguin,18,780000000,0x944591ef151586F961EdcCB03c93a6cBd5e93503,0x944591ef151586F961EdcCB03c93a6cBd5e93503,false,23130180,0xac017b853624284e2065650fa30539b42192a3de280fa4532695c9672239eda6,23135555,true,Denom_removal (ETH<0.05),0x158f2A82e57101bd2e5B275F487f4a72281EAa1D,UNISWAP-V2,0xC02aaA39b223FE8D0A0e5C4F27eAD9083C756Cc2,WETH,0.000000000000001001,0.000000000000020563,false,,,true,Denom_removal (ETH<0.05),0.04867966736371153,,,23135555,1755129420.9290004
0xb08Aa67bA535f6276A37Cd0296BfA04Df42c0F67,SOLACE,Solace,18,1000000000,0x53B4eE0046FB83087D198062FC350b359b694F26,0x53B4eE0046FB83087D198062FC350b359b694F26,true,23112600,0x8d92b7d0186f361668e8ee5c78a031099f660b646b0d2202264f550951c3f7e9,23112623,false,,0xee23d81BD413192D0851bba6cdacE595D3793A68,UNISWAP-V3,0xC02aaA39b223FE8D0A0e5C4F27eAD9083C756Cc2,WETH,201.1473850529344,999998887.225,true,23112623,0x9f693109c3aae3fa627205682f0c1ee96e19857ba774b1e6e00b7d67d130cfdd,false,,0.00000020114760888496486,,,23112623,1754852677.890882
0xDF3185Ed0649Da2431EFd075d63Ca069177B9538,LNLN,Lunar Launch,18,720000000,0xA9ecf3c6C06822068412Cf34e3a1353891F92681,0xA9ecf3c6C06822068412Cf34e3a1353891F92681,false,23135315,0x78f771a0664253ae9d2f66c49fbd96f88b0023e9281f0c0738dea97245a59273,23135727,true,Denom_removal (ETH<0.05),0x6c3C0334C8fdb98264B58D254825B7d4a9b47696,UNISWAP-V2,0xC02aaA39b223FE8D0A0e5C4F27eAD9083C756Cc2,WETH,0.000000000000001001,0.000000000000014687,false,,,true,Denom_removal (ETH<0.05),0.06815551167699327,,,23135727,1755131485.214081
0x79Fe521199697c9cF94d16d5D49277c933CcC38B,NOVA,Nova AI,18,1000000000,0xA263c35327274287452312238f4917D0312e5548,0xA263c35327274287452312238f4917D0312e5548,true,23119178,0x7bb781989c27c3549f6ddc42b99c41342d68b7969d0a8bdfcfac099ea6f61432,23137792,false,,0x0C4DA0E567f4e30d5BD215267B515DF125f76dCb,UNISWAP-V2,0xC02aaA39b223FE8D0A0e5C4F27eAD9083C756Cc2,WETH,7.47239524147201,111177602.59632686,false,,,false,,0.00000006721133633905942,,,23137792,1755156373.281715
0x9EAB299410E6A438824842600D48ef528b69b50d,ETF,ETF6900,9,1000000000,0xB2d62C6223220Df7939104577732A1a54BBB52a3,0xB2d62C6223220Df7939104577732A1a54BBB52a3,true,23134355,0x8b7c4f4fd1c95d85c49f308bb74066f3112a9bfd289bf50f7106762dc559c462,23134358,false,,0x734ec6Bc51E01912Bd0DF1599d687a88f6562067,UNISWAP-V2,0xC02aaA39b223FE8D0A0e5C4F27eAD9083C756Cc2,WETH,0,0,false,,,false,,,,,23134358,1755114949.5021703
0x377aE55B6B62AB258657611d7E8391130A391068,$ETH,VitalikTrumpXiMuskPepeShrekMarioPacRoseETH9999Inu,9,1000000000000,0x49aAdA6413193030Be7708C3Bb660Af12B9295A8,0x49aAdA6413193030Be7708C3Bb660Af12B9295A8,true,23110886,0xdd0b303a02b5d822c2a5e21f44b088c4c946c270f5d3060fcc984ef3b6fbd0ff,23110886,false,,0x50dA168666A3a53D36a3003afb92073c82F2207e,UNISWAP-V2,0xC02aaA39b223FE8D0A0e5C4F27eAD9083C756Cc2,WETH,0,0,false,,,false,,,,,23110886,1754831712.729731
0x589B00CF8461ee9BCaE726FADd92205C0A3c7224,EFD,EtherFeed Token,18,100000,0xbD961BCe7eB14aACaaB4DAa18bc5f71AD27F4854,0xbD961BCe7eB14aACaaB4DAa18bc5f71AD27F4854,false,23133845,0x25215e5732b035ac80e8605cf6dd36f452147fcab8d213874c4972b7ec070154,23134810,true,Denom_removal (ETH<0.05),0x10e48316b3598202c81Dee289a9B4a5C96f7C473,UNISWAP-V2,0xC02aaA39b223FE8D0A0e5C4F27eAD9083C756Cc2,WETH,0.000000000100000002,0.000000000100602709,false,,,true,Denom_removal (ETH<0.05),0.9940090380667582,,,23134810,1755120445.136083
0x53Bc8fb41791A2c05C5CF6a2Ed62B41FbF071b36,🐱CNPC,CatnipCoin,18,560000000,0x9748901F5e919659706404871617D2d30F3FeA44,0x9748901F5e919659706404871617D2d30F3FeA44,false,23131703,0x58422509e48cb8e3208ad7a79f27eef2565a17a4be317a1d2db8fc191e0361b1,23135244,true,Denom_removal (ETH<0.05),0xE22BB42B086e9e183C77F145276Ae95e8173E927,UNISWAP-V2,0xC02aaA39b223FE8D0A0e5C4F27eAD9083C756Cc2,WETH,0.000000000000000101,0.000000000000142864,false,,,true,Denom_removal (ETH<0.05),0.0007069660656288499,,,23135244,1755125690.519452
0xf718973BA608e174a310896fE8C1b7bcADf4bb8E,YOKAI,YokAI Tech,9,100000000000,0xcc7b17ecc4635384Bc8a055246382Bb15e7E190B,0xcc7b17ecc4635384Bc8a055246382Bb15e7E190B,true,23134614,0x0df504ae758acc7ed8e6f43f793a16f4b0d2a47bcfc10e58124c8238c41fafbd,23136830,false,,0xC61C0CFb001cF69FD1780622944317bB3581C0b1,UNISWAP-V2,0xC02aaA39b223FE8D0A0e5C4F27eAD9083C756Cc2,WETH,14.044139158651856,10840422080.022144,false,,,false,,0.000000001295534348661004,,,23136830,1755144757.2444968
0xB0d558B51759F29DE8b558af35Ba4CAC04555deC,VTMT,VectorMatrix,18,750000000,0x06F6015Ce34c0940DBad837dA9C8fc46A543Aa56,0x06F6015Ce34c0940DBad837dA9C8fc46A543Aa56,false,23134821,0x568ac02d29c67f1f9be860bc5205767f41956d5855f8bdf2b8c208a507081498,23135091,true,Denom_removal (ETH<0.05),0x9618dBa2E7f1275a19426dc15Ad8841ee1B96516,UNISWAP-V2,0xC02aaA39b223FE8D0A0e5C4F27eAD9083C756Cc2,WETH,0.000000000000000001,0.00000000002348581,false,,,true,Denom_removal (ETH<0.05),0.00000004257890189863582,,,23135091,1755123852.9587493
0xEdd957eED9ce1E67fE814A777D107E5bBAAB521B,ETH1000,ThorGandalfEricTrump1000Robocop6900,9,69000000000,0xb86042DBa491b7731A92206e9b971A2fAD7968D0,0xb86042DBa491b7731A92206e9b971A2fAD7968D0,false,23130868,0xc351c59eb03864fde74f4c658803c8d0af25671150c08f1777e9d38ed41e0330,23130939,false,,0x6aBd707D2a181c5850f9049eB5f4c3b70617cC5b,UNISWAP-V2,0xC02aaA39b223FE8D0A0e5C4F27eAD9083C756Cc2,WETH,1.374852412958614,50438659266.279526,false,,,false,,0.00000000002725790956695321,,,23130939,1755073755.81427
0xedaAbBb08BE02025e68DEb46d52054Fb1a461326, GTC,Gitcoin GTC,18,1000000000,0x0aFde55dDa8166a7BF22F5cC0b6901c5b04f30D2,0x0aFde55dDa8166a7BF22F5cC0b6901c5b04f30D2,true,23134662,0x1ffcf22e5796f7ab3d55cc5fd4175c4fbe298d62ab4ed0d61498b43510fc9f2b,23134720,false,,,,,,,,,,,,,,,,,
0x14055ff47E68bBc01875128cEdeb018748339Ca6,🧙‍♂️CCS,Comet Chaser Society,18,980000000000000,0xbbE196C4c907642Bb37318686C09Ba23dE7C90Dc,0xbbE196C4c907642Bb37318686C09Ba23dE7C90Dc,false,23131251,0xd426ec39d8af9009bceffb75fa79c12ce42ce1dba65b2361a6220bf8ef9d7a78,23135330,true,Denom_removal (ETH<0.05),0xec1a536D510bE64855E03dA3B67BC804D06e3FEc,UNISWAP-V2,0xC02aaA39b223FE8D0A0e5C4F27eAD9083C756Cc2,WETH,0.000000000000000101,0.00000000025290263,false,,,true,Denom_removal (ETH<0.05),0.00000039936318574464806,,,23135330,1755126721.180974
0xD7d08f70da2dBd0bC78fEEBF82e8C5B16116FAFe,ION,Ion Bridge Labs,18,660000000,0x6405d299Cb4AC60F57338737bd9949A258d68Aa1,0x6405d299Cb4AC60F57338737bd9949A258d68Aa1,false,23134381,0x45c606ceee9c2fb14bf681d12507b6c4d33bbedf11e4f76db9b2037116854f6d,23134748,true,Denom_removal (ETH<0.05),0xEE99Ea5EB7B1850940aD33219782f85332a24BA3,UNISWAP-V2,0xC02aaA39b223FE8D0A0e5C4F27eAD9083C756Cc2,WETH,0.000000000100000001,0.000000000000000001,false,,,true,Denom_removal (ETH<0.05),100000000.99999999,,,23134748,1755119701.022884
0x9b2804Ce9e19CA4be1e4AE42C115530DD592F75A,BEAST,BEAST SELLER,18,69420000,0x106fce47D4dA5e9d6B7727644EEA54E41c96AEFC,0x106fce47D4dA5e9d6B7727644EEA54E41c96AEFC,true,23116317,0x4acfeb0d575c4139e539c006deadf00512ad2873359359faa33cf01dd6533635,23119996,false,,0xA49253733af355877BE3F2343f3a53B9E1859716,UNISWAP-V3,0xC02aaA39b223FE8D0A0e5C4F27eAD9083C756Cc2,WETH,1580.0169381258602,156194999.99699253,true,23116340,0xbc8fda41ba3da0e916abce43dff6ec2bfe083eb969580db1fbab8be6eb02bf1f,false,,0.000010115669119730354,,,23119996,1754941718.4925203
0xC000AE05E8eE002898A29e09D9C2E902a371425B,BK2322,Bka2,9,100000000,0x61B9a2D4BE8B7c4ba6C7eF42543A91Dd08E27725,0x61B9a2D4BE8B7c4ba6C7eF42543A91Dd08E27725,true,23118047,0x698c140f2c65291054cf339465566a70c3cdc50d58b5a0fc838ae00b9328d062,23118176,false,,0x13BEd9Be110EA7449BEf127Aa152CC2103115dDD,UNISWAP-V2,0xC02aaA39b223FE8D0A0e5C4F27eAD9083C756Cc2,WETH,0.3064686204316377,58737685,false,,,false,,0.00000000521758085003925,,,23118176,1754919772.2266116
0xa41c1dEB5E605d611F44f2C55b685ca4A33fa2E6,UNPL,Unplugged,18,960000000,0xF57Ec2e1437b183fd686e800b8dE0cE85597AF78,0xF57Ec2e1437b183fd686e800b8dE0cE85597AF78,false,23131071,0x1513405c1c6c9d9ae8a3208e845e1286a6bc68ce55b13d3fa966c9fc21cc4bf6,23135404,true,Denom_removal (ETH<0.05),0xDF8E33a5c7e454034469434B85179a0991C7c12D,UNISWAP-V2,0xC02aaA39b223FE8D0A0e5C4F27eAD9083C756Cc2,WETH,0.000000000000010001,0.000000000000002806,false,,,true,Denom_removal (ETH<0.05),3.5641482537419815,,,23135404,1755127609.0554674
0x1270Cae610a9986466992eC8A83AC7Ae9bba2974,ETHHOLDER,ETH Holder,9,1000000000,0x4E20DC1503Dc7a9a257da448e40351Eb16B2BaE1,0x4E20DC1503Dc7a9a257da448e40351Eb16B2BaE1,true,23129349,0x5829ca56a9446dcc8207670a54aabaea8918cc2a4f105fb0e9e6c527499f6f7a,23135590,true,Denom_removal (ETH<0.05),0xDA48d887969892353Df9f5094BfC3A36469dcb0B,UNISWAP-V2,0xC02aaA39b223FE8D0A0e5C4F27eAD9083C756Cc2,WETH,0.000296209642144754,34754987.0308624,false,,,true,Denom_removal (ETH<0.05),0.000000000008522795358309877,,,23135590,1755129842.6589825
0x56F60d6f2f1d8de9929eEe0cCEc53fD87BA57C7a,GRIFTS,beware of geeks bearing grifts,9,1000000000,0xB4C2D564683D28b400E4002B275049B1EBB674CB,0xB4C2D564683D28b400E4002B275049B1EBB674CB,true,23132988,0xa8442be5b3aa7bdc6318f52412a088ffbdb25ec3183ee9af4f5e7d238b0e8019,23136610,false,,0xa1B05e7f05b2a43E37851553397Ca5f471aA6C4B,UNISWAP-V2,0xC02aaA39b223FE8D0A0e5C4F27eAD9083C756Cc2,WETH,1.0269045856432868,750352595.8893013,false,,,false,,0.0000000013685627147410907,,,23136610,1755142117.428339
0x2e276425bE52147A07E838eEDdc72593f050e1D5,🐼PDPY,Panda Pie,18,20000000,0xd3d83E5Df96990805edc8c0003e6860712fd5606,0xd3d83E5Df96990805edc8c0003e6860712fd5606,false,23135098,0xab468c3ad9797195c2ab1e4838f4bab2196d4f261229ff647e6abff04cf7b655,23135190,true,Denom_removal (ETH<0.05),0xbADca8F4830Bf6Fb270ce0C4D4559f33022Aa0C3,UNISWAP-V2,0xC02aaA39b223FE8D0A0e5C4F27eAD9083C756Cc2,WETH,0.000000000000000001,0.000000000003038742,false,,,true,Denom_removal (ETH<0.05),0.0000003290835483894322,,,23135190,1755125041.273358
0xa02b8433C5F3CcD93B83302Eff24BCbd36187403,CORLB,Core Link Bios,18,560000,0x666Ba6F254DACEB4A5B39F957b0d779017dDC86c,0x666Ba6F254DACEB4A5B39F957b0d779017dDC86c,false,23130212,0x2903649adf5cbb75e625b4dd97714a22df7d218a600f8999c894a9a15410b9bc,23135529,true,Denom_removal (ETH<0.05),0xBf3fE2e6eB49884b2883622dD3B76DB2AE96Ae3c,UNISWAP-V2,0xC02aaA39b223FE8D0A0e5C4F27eAD9083C756Cc2,WETH,0.000000000000010002,0.000000000000000109,false,,,true,Denom_removal (ETH<0.05),91.76146788990826,,,23135529,1755129108.903798
0x9F49034409ae6813d2c70aE5117fd23cDff2d190,PRXS,Praxis,18,100000000,0x399E30866E01c4e9893f45DD9511D30240c6dEf0,0x399E30866E01c4e9893f45DD9511D30240c6dEf0,true,23137470,0xab20dab9de88317ba03b8d469be4fa91dccdf5d3620383f026681e1ae109e9cf,23137635,false,,0x53105437195172eC1A65416cAB9487EC109d23C6,UNISWAP-V2,0xC02aaA39b223FE8D0A0e5C4F27eAD9083C756Cc2,WETH,3.69,80000000,false,,,false,,0.000000046125,,,23137635,1755154465.0522022
0x72447386a7791ec4f8c17b739D6E1923903D6c34,IOI,IOI,18,19872690000000,0x146CC769F885F4dadb7e74E7d8771526a838d557,0x146CC769F885F4dadb7e74E7d8771526a838d557,true,23121093,0xeef2a777536b946f6fc92be19b8a0a533dc054762b7bcd61e7e18c52d98f6bd6,23123683,false,,0x8F868D87953AbBE62C9331f16bBE39Eb517a0D29,UNISWAP-V3,0xC02aaA39b223FE8D0A0e5C4F27eAD9083C756Cc2,WETH,41712.181704924245,39745378513590.21,true,23121120,0x87b6623c94557cb959c416e911927e5e735e0bc887bbec857fcded082469d4dd,false,,0.000000001049485078891915,,,23123683,1754986238.2989788
0x7d8EEFDE53671Dd590D98a3000d54C2a39fD139B,PAI,Pilot Ai,9,1000000000,0xD54744FF11294b819c060c4889F7EE2D0E602d05,0xD54744FF11294b819c060c4889F7EE2D0E602d05,true,23133739,0x1960a58a425519c937d7575f9e80637b23d6756efd853797dd1dc3a374e99d2d,23134038,false,,0x0701C3904A176e071AEa5022cb43f59f4bFF33Ee,UNISWAP-V2,0xC02aaA39b223FE8D0A0e5C4F27eAD9083C756Cc2,WETH,4.901453540648465,202003903.41264945,false,,,false,,0.000000024264152612119953,,,23134038,1755111096.9691434
0x5538F839aFD827046E2527dFf731b87005F88d61,ALTS,ALT5 SIGMA CORPORATION,9,420690000000,0xBa36e2D34CbED1E1E4D402371d3b30D300E74B15,0xBa36e2D34CbED1E1E4D402371d3b30D300E74B15,true,23117806,0x799550180f37f00e7f5a11e33f11fd496b65078a0a7c68c9c5f08ccb5797cfed,23137760,false,,0x96a62a4154e1ed84467c4285b5a99BB5db29AcD2,UNISWAP-V2,0xC02aaA39b223FE8D0A0e5C4F27eAD9083C756Cc2,WETH,1.687387792213083,192840620539.9217,false,,,false,,0.00000000000875016781987466,,,23137760,1755155990.4387522
0xf2619a4481d788e46df0992716b98050e97Ba496,✨MLT,Machine Learning Token,18,761000000000000,0x7a38C81162adA3289637570DE807Bb6BeCD43D21,0x7a38C81162adA3289637570DE807Bb6BeCD43D21,false,23135114,0xebf234d2907b2e0d1fd7aa6f5b0c3feac39ae70411594bce1d787a2850febac5,23135753,true,Denom_removal (ETH<0.05),0x2C3aEb33c27490E3B078911D0d19C0d7FA714F05,UNISWAP-V2,0xC02aaA39b223FE8D0A0e5C4F27eAD9083C756Cc2,WETH,0.000000000000000001,0.000000020889435002,false,,,true,Denom_removal (ETH<0.05),0.00000000004787108889753399,,,23135753,1755131809.6867824
0x09E0b4e76ca3587c94270E0b925050028d69eF29,Gleb,Vitalik's new adopted pet,9,4206900000,0xe52C1E619A36A88B92F674B4b82531c375Dba6ce,0xe52C1E619A36A88B92F674B4b82531c375Dba6ce,true,23131941,0x94c88c7071b91f010daead10b4d0282cfd91e957f2d2dd1a72f9869713f1237f,23135855,true,Denom_removal (ETH<0.05),0x292bb08A260F7215aa9Cc1Fe277C00ed0D60eFEB,UNISWAP-V2,0xC02aaA39b223FE8D0A0e5C4F27eAD9083C756Cc2,WETH,0.000000000000001119,0.000000897,false,,,true,Denom_removal (ETH<0.05),0.0000000012474916387959866,,,23135855,1755133034.7002876
0xD92a9dC4A3cAD275CcB862Cd216bE761eC850077,DWOLF,DarkWolf,9,100000000,0x0864d56a4edD848a31299107d88417C0331D84a6,0x0864d56a4edD848a31299107d88417C0331D84a6,true,23131306,0x790352d202ac82987e565f9d24a368bab2d73f73820802303803ef890d6647ce,23135871,true,Denom_removal (ETH<0.05),0xd557e6fE394D93fDa6962aADE3B24903F36a3392,UNISWAP-V2,0xC02aaA39b223FE8D0A0e5C4F27eAD9083C756Cc2,WETH,0.000128099927524782,113489.635481349,false,,,true,Denom_removal (ETH<0.05),0.0000000011287367959326477,,,23135871,1755133225.2627358
0x63B791da27fd230244F85d954a3da17960DBfDB9,MIAO,MIAO,18,6942000000,0xC2980a66d3a4704F5D33fD9CdcDCb07Faef8C0eB,0xC2980a66d3a4704F5D33fD9CdcDCb07Faef8C0eB,true,23136024,0xdf2c91b6b8b9829e8b1adb867a5974ecc7edd2b7610907050f4ca692b03aa9ec,23136065,false,,0x8FcC222Df21cB1Aeb8d37787DB5d2989440e350c,UNISWAP-V2,0xC02aaA39b223FE8D0A0e5C4F27eAD9083C756Cc2,WETH,1.0255872461797022,3125171566.9947543,false,,,false,,0.0000000003281699017778833,,,23136065,1755135566.2147229
0x09a4Aa8EcbcE9f9De69F0C4ecAa55d0FeFCee2eC,GAI,GraphAI GAI,18,100000000,0x0aFde55dDa8166a7BF22F5cC0b6901c5b04f30D2,0x0aFde55dDa8166a7BF22F5cC0b6901c5b04f30D2,true,23122951,0xd83bbe4974eafe5bb52babbf31f395d609a59f4c2201595e12db37744c4f1403,23122996,false,,0x81EcA0875657aa522485586B250B254f9fFB9602,UNISWAP-V3,0xC02aaA39b223FE8D0A0e5C4F27eAD9083C756Cc2,WETH,1.511457641531436,149998797,true,23122996,0x4c3d41c77bcdebb70baf97e558f09ab97babf542da6ca7e48d9588df73d644cf,false,,0.000000010076465090126262,,,23122996,1754977933.2608874
0xFF2c9BC2f0a4e313b8D31d07104e5f7D8c3b66ED,GRADARAI,GreenRadar AI,9,420690000,0x79b5160283327096B9a3992CB1C879C780ad294F,0x79b5160283327096B9a3992CB1C879C780ad294F,true,23122432,0xf59c8392b9872e9518ff6ed070d96a7b11b0b63609c50f71eec949cf7e75a87f,23137307,true,Denom_removal (ETH<0.05),0x99d542302b642DCAC8aC566eF2d430cE14d42945,UNISWAP-V2,0xC02aaA39b223FE8D0A0e5C4F27eAD9083C756Cc2,WETH,0.000582101653128555,77426297.6995763,false,,,true,Denom_removal (ETH<0.05),0.000000000007518138803267877,,,23137307,1755150518.5860548
0x1B1434F28270E15DD8fd73ABBfC8A15C531A7Ce6,QE ,QuantumCoin,18,100000000000,0xA77A95d92169bD7A3bB040B843962aD8069886bb,0xA77A95d92169bD7A3bB040B843962aD8069886bb,true,23119622,0x76b6667262b1d648bfcf9f08ef328db003771ac77a3e194ba2302d454e05389b,23119647,false,,0x54509544B067E2e588Fd5d86c7424BB1B78187e9,UNISWAP-V3,0xC02aaA39b223FE8D0A0e5C4F27eAD9083C756Cc2,WETH,2178.735503182902,199999999859.65,true,23119641,0xb92fd7a75d89e84a22322934a9ec664908f35b12db9a05501219891c5ce925aa,false,,0.000000010893677523559149,,,23119647,1754937506.5034306
0x60AC3a5E70B10363656fF81496ef74d74D31d4A0,🦊GSS,Galaxy Shark Syndicate,18,252000000000000,0xbc9E8c56d9caBC04c612ff339A59c2a290aCc829,0xbc9E8c56d9caBC04c612ff339A59c2a290aCc829,false,23137305,0xfa5bc1fe7e2695bbea8923f76e75ce9d477b26bd4bc95bccb33a09f90d4b1d69,23137349,true,Denom_removal (ETH<0.05),0x6323CCE47f1C2E5b7020a1534e17d32e257CD8FC,UNISWAP-V2,0xC02aaA39b223FE8D0A0e5C4F27eAD9083C756Cc2,WETH,0.000000000000000001,0.000000013271884323,false,,,true,Denom_removal (ETH<0.05),0.00000000007534725105062989,,,23137349,1755151032.7557783
0xB840DB57Afbed2E66F9c01d0c3a4B8fEabaC5b5A,W10YETH,Wrapped Ten Years of Ethereum,18,35,0x1f2479ee1b4aFE789e19D257D2D50810ac90fa59,0x1f2479ee1b4aFE789e19D257D2D50810ac90fa59,false,23109596,0xbd33b98c2654ff216074277e82376f350a74c4c8e6f847d558569bdac39e6e04,23137793,true,Denom_removal (ETH<0.05),0x923B6efE3E4F2886131816301Fa50d03e8A471Aa,UNISWAP-V3,0xC02aaA39b223FE8D0A0e5C4F27eAD9083C756Cc2,WETH,1.0037059490552074,1452.080742224851,true,23110095,0xad553514454ae4f37e5efcd577817ff9ce7eaa4c5bc8f5cfd30283a045fd7a1b,false,,0.0006912191036411294,,,23137793,1755156385.1404295
0xB840DB57Afbed2E66F9c01d0c3a4B8fEabaC5b5A,W10YETH,Wrapped Ten Years of Ethereum,18,35,0x1f2479ee1b4aFE789e19D257D2D50810ac90fa59,0x1f2479ee1b4aFE789e19D257D2D50810ac90fa59,false,23109596,0xbd33b98c2654ff216074277e82376f350a74c4c8e6f847d558569bdac39e6e04,23137793,true,Denom_removal (ETH<0.05),0xb2512c5cB56B66A7a9A84234De021aaa68571fAe,UNISWAP-V2,0xC02aaA39b223FE8D0A0e5C4F27eAD9083C756Cc2,WETH,0.000000000000000035,0.000000000000028727,false,,,true,Denom_removal (ETH<0.05),0.0012183659971455427,,,23137793,1755156385.1404264
0x179cEaeeAB4814235c8EBbE46325c3b91B105F86,GINKO,Ginko,9,1000000000000000,0xA6f06A5afb31c5A3B29E0Cd65116ee6b51563979,0xA6f06A5afb31c5A3B29E0Cd65116ee6b51563979,true,23125333,0xc008c6c4a5ccd6dc99efe16a9ee0a0ce47aedc6e36ad5f2926f9c76f2d90f1bb,23125333,false,,0xA4D09Fe1d5e73ce42e4f875ac8897bA78E391E88,UNISWAP-V2,0xC02aaA39b223FE8D0A0e5C4F27eAD9083C756Cc2,WETH,0,0,false,,,false,,,,,23125333,1755006157.1092296
0xFdB156Ff7a23744a763587a021329c5d7e6D0888,STLM,StellarMint,18,440000,0x6436E8a1Ae608950c10fdc3af55c652fdA263d98,0x6436E8a1Ae608950c10fdc3af55c652fdA263d98,false,23130398,0x6b6faa0cf7ff4c4dd2af1c6615b4706c92a1e09470bac0cbc62398a662fdd355,23135517,true,Denom_removal (ETH<0.05),0x0BE06DEB9F24F2366c4dcB70C6292053C8016F2c,UNISWAP-V2,0xC02aaA39b223FE8D0A0e5C4F27eAD9083C756Cc2,WETH,0.000000000000100003,0.000000000000000011,false,,,true,Denom_removal (ETH<0.05),9091.181818181818,,,23135517,1755128966.6481032
0x5F42A77A6A3e891f62A04874C8927a5AbE5732D4,$ETH,VitalikTrumpXiMuskPepeShrekMarioPacRoseETH9999Inu,9,1000000000000,0x49aAdA6413193030Be7708C3Bb660Af12B9295A8,0x49aAdA6413193030Be7708C3Bb660Af12B9295A8,true,23111929,0xf6eb7968b4a456855b8804787169baacba2fdba189960314dddf5c0fdb8e9b56,23111929,false,,0xeFf77430Af559985c6D2AD02341E477C00186D17,UNISWAP-V2,0xC02aaA39b223FE8D0A0e5C4F27eAD9083C756Cc2,WETH,0,0,false,,,false,,,,,23111929,1754844313.029384
0x6F2d7257D9813E7AC7C975F88318525D1B87f821,CORNT,Corn Token,18,1000000000,0x347Fefd895881eb06F70c6879Ba779B36F092248,0x347Fefd895881eb06F70c6879Ba779B36F092248,false,23113351,0x8709b5a7bed90b7444b67f24c7e5b7276d1d24728e868d2a683a6ab2ca480a33,23113540,false,,0x4795406097C555AD561A8F94C77BEe45373013c5,UNISWAP-V3,0xC02aaA39b223FE8D0A0e5C4F27eAD9083C756Cc2,WETH,0.21240307788084,1145634069.7899752,true,23113507,0xcf8b131854d908b5064d6cdba8228ff3d60faf44d3f528d55a83821dc1f8d979,false,,0.0000000001854022008264638,,,23113540,1754863706.906005
0xc30E61b061D02e94BbF2Ba4b7178819a2feCD0a1,BELAL,Belal,9,1000000000,0x828E92F03C32Db1767d69d7192AfEbc68Ba6F1Ed,0x828E92F03C32Db1767d69d7192AfEbc68Ba6F1Ed,true,23114013,0x9a8b606d8b7fe758158bfd82247b008fb30e890b98db1c0be325d3d8dcf54cb3,23114013,false,,0xAcb2c40096611dfD36445dc1b52785AFd6BD3500,UNISWAP-V2,0xC02aaA39b223FE8D0A0e5C4F27eAD9083C756Cc2,WETH,0,0,false,,,false,,,,,23114013,1754869405.481835
0xeA5F7195Fe3AD7cA207Df18250749B7097809e04,YOU,ethereum is for you,9,100000000,0xD850ad2b76017252c0Ddff2071Fc2247Dd536969,0xD850ad2b76017252c0Ddff2071Fc2247Dd536969,true,23119502,0x845942197b5b2f0c77a673c0973387cb1978b625365c84caf4a87bef81f6c32e,23137509,false,,0x11f014c4ff5F6C2Fe080578146b23476982a2D4F,UNISWAP-V2,0xC02aaA39b223FE8D0A0e5C4F27eAD9083C756Cc2,WETH,1.5847540650526464,51846743.512112595,false,,,false,,0.00000003056612542468383,,,23137509,1755152953.0533707
0xF4A293DE9B1075Ca5eD0a05857597650Df968F81,DVR-RES,DuvoraReserve,18,100000000,0xCe729C8Fc03b73aadD8696c8b91295261884Ce97,0xCe729C8Fc03b73aadD8696c8b91295261884Ce97,false,23126625,0x17f7ef3a9e4f2eae00252f877b5036dc0c29de23e6f9af3d7d02f3db579997f1,23126845,false,,0x084D33dd4774D94fB36A32381A7e34c33076E4D1,UNISWAP-V3,0xC02aaA39b223FE8D0A0e5C4F27eAD9083C756Cc2,WETH,0,0,false,,,false,,,,,23126845,1755024385.065504
0xE8e298044A23c32839AB33406251342dC72E05c7,ALTS,ALTS WLFI ,18,100000000000,0x146CC769F885F4dadb7e74E7d8771526a838d557,0x146CC769F885F4dadb7e74E7d8771526a838d557,true,23134446,0x11d492f178fa3091690a19acbb8306137f12977316edd92ffa77a8da330a89dc,23136563,false,,0x479D257Bd576CDD98905C62D197Eb4a53651bF3b,UNISWAP-V3,0xC02aaA39b223FE8D0A0e5C4F27eAD9083C756Cc2,WETH,14731.03293921575,139999996379.57092,true,23134465,0x2a5f2e00a7dd2b607256fdaa1a325dc1407743f40a15a8dd0cd38dd82c598f3b,false,,0.00000010522166657259522,,,23136563,1755141553.287461
0x6CF3Cccf4FA4e8bdeCe21dd11E42B11171bd0259,DeFi,DiversiFi,9,100000000,0x5BDAF6b6EE0C553bEa240bD566A53E1Fb9340239,0x5BDAF6b6EE0C553bEa240bD566A53E1Fb9340239,true,23119652,0xc66cec5a7acd4c818a1b327288ed75ca4d2968699d72328dedd9b082a6d46a3b,23119652,false,,0x2350C5D7aeF82B955110FdB2D62719A4A47F8141,UNISWAP-V2,0xC02aaA39b223FE8D0A0e5C4F27eAD9083C756Cc2,WETH,0,0,false,,,false,,,,,23119652,1754937577.3270607
0xBE8FD32115C80558F4D0902B565186b4100e5C82,DOGMOG,DOGMOG,18,1000000000,0x07E6e4Cc0C9f80915eb8346abC9bA050E61dC838,0x07E6e4Cc0C9f80915eb8346abC9bA050E61dC838,true,23134390,0x850af7c1d222e97bc236a00814463d952e8483fed6fa7f93eba1d8334c2ee1d2,23134738,true,Denom_removal (ETH<0.05),0xD472733c5dCB4Bef9224CEeF7533955C2Ada3Fc5,UNISWAP-V2,0xC02aaA39b223FE8D0A0e5C4F27eAD9083C756Cc2,WETH,0.000000000100000001,0.000000000000000001,false,,,true,Denom_removal (ETH<0.05),100000000.99999999,,,23134738,1755119580.981438
0x343D78D5C48768492584aBE2ecFe6664232915Ea,🦈SHARKAI,🦈Shark.ai,18,500000000,0xB84008b4b2E3727AD803E3AA2d88a2dE5EcE5dd4,0xB84008b4b2E3727AD803E3AA2d88a2dE5EcE5dd4,false,23135642,0x69c774c6956ed854af4f4092a688387d49320fb09fc86b71539ed71b24ee8d8d,23135778,true,Denom_removal (ETH<0.05),0x7eb726e2e29B600C49393de5325F7d50Fa317B8F,UNISWAP-V2,0xC02aaA39b223FE8D0A0e5C4F27eAD9083C756Cc2,WETH,0.000000000000000001,189673.51090229736,false,,,true,Denom_removal (ETH<0.05),0.0000000000000000000000052722174817289566,,,23135778,1755132109.4329755
0x9995dE128A10C537695e45d8DF40246bB1588EEe,ETH,VitalikTrumpXiMuskPepeShrekMarioPacRoseETH9999Inu,9,1000000000000000,0xAd2c6FA48e321DaF1614bf9AFfe4ADfe8f5A9465,0xAd2c6FA48e321DaF1614bf9AFfe4ADfe8f5A9465,true,23111996,0x3b4a460acd0c181c14a56ca731ac6b2fb526e03c9899377b327ab0e8d3094451,23137792,false,,0xBFAC14002c626dc2b3D4eb97f47010F085D7CDBC,UNISWAP-V2,0xC02aaA39b223FE8D0A0e5C4F27eAD9083C756Cc2,WETH,2.659188891041085,399683808888533.2,false,,,false,,0.00000000000000665323145922756,,,23137792,1755156373.2851417
0xb62bc0D910a1B6b097cCD6ED5d4A67e3B6B255CC,$ETH,VitalikTrumpXiMuskPepeShrekMarioPacRoseETH9999Inu,9,1000000000000,0x49aAdA6413193030Be7708C3Bb660Af12B9295A8,0x49aAdA6413193030Be7708C3Bb660Af12B9295A8,true,23110853,0x6834f9e5882509a8553616df329abcd0e1968036563eb39e4bc29d39b32a3974,23110853,false,,0x72E0D0000bE0b1CB4fC914a91117730e3A05067F,UNISWAP-V2,0xC02aaA39b223FE8D0A0e5C4F27eAD9083C756Cc2,WETH,0,0,false,,,false,,,,,23110853,1754831316.954029
0x81A20Af5aCc325bAEBDc6944b585A34bE4D87D2F,DOGO,Dogo,9,100000000,0x5deAD345fB5f07e69b369e32d4214a19920d7AAF,0x5deAD345fB5f07e69b369e32d4214a19920d7AAF,true,23134492,0xe0ae5f0203ab2ba394c49f21e6e91d787f397d01ebd1d65fdb77ce41b90f22e2,23134519,true,Denom_removal (ETH<0.05),0x294B0a7DFEDF701306d4EB5441194b43693460a2,UNISWAP-V2,0xC02aaA39b223FE8D0A0e5C4F27eAD9083C756Cc2,WETH,0.000000000000000708,0.000001415,false,,,true,Denom_removal (ETH<0.05),0.0000000005003533568904593,,,23134519,1755116895.2020168
0x63BD9ab785d2c65012f99bC67226C7d433697785,PSKY,Paramount,9,420690000000,0xE5f992Dc08d70754bA00DFD8D36aB0A22931b42D,0xE5f992Dc08d70754bA00DFD8D36aB0A22931b42D,true,23132575,0x08de18c8570fb83d37d309ad1a39add836002d51dc2fa7f7ec682f6ebf6fa96a,23135195,true,Denom_removal (ETH<0.05),0x87E470787876fc7Fbf74Db37bA5c2496F0ED6f46,UNISWAP-V2,0xC02aaA39b223FE8D0A0e5C4F27eAD9083C756Cc2,WETH,0.000000000001000044,0.000000002,false,,,true,Denom_removal (ETH<0.05),0.0005000219999999999,,,23135195,1755125101.2371294
0xe22eC6FD830D2bC6f532c30dE4F413BB6A56d42d,⚛️QTBZ,QuantumBazaar,18,570000000,0x57fB0C4A4B1369Ce4E69E0530397df9C4cb41f63,0x57fB0C4A4B1369Ce4E69E0530397df9C4cb41f63,false,23132035,0xa1b0556bcdb472ad7ebf0b8c20656862817fdb7eeb81186bef0014a8928299c3,23135213,true,Denom_removal (ETH<0.05),0x1e710A524665A1B319c1a4A76BFb40c4f64D8974,UNISWAP-V2,0xC02aaA39b223FE8D0A0e5C4F27eAD9083C756Cc2,WETH,0.000000001000000001,0.000000000000000001,false,,,true,Denom_removal (ETH<0.05),1000000000.9999999,,,23135213,1755125317.7503822
0x9587554bD449160fDB11C51483e817558CEDA045,DXY,DXY6900,9,1000000000,0xF97c8adc22470964bBb90481a69D6724cb9fE685,0xF97c8adc22470964bBb90481a69D6724cb9fE685,true,23117135,0xd23c3d9fe3eaa0f6f0c2cc26d68ecd7388fa08383f6c647fce9e81a5e346f04b,23137452,false,,0x706092694C7471893A737D331B76Bd9d54adE76b,UNISWAP-V2,0xC02aaA39b223FE8D0A0e5C4F27eAD9083C756Cc2,WETH,0.7881964303037505,730572596.8785671,false,,,false,,0.0000000010788748902865863,,,23137452,1755152269.6659932
0x5a4Dfd5359DCDBefe3D2FcBa4Ba85BBb0479315b,AEON,Aeon - SPX Mascot,9,420690000,0x18a99A51Db0ff97b6Da47cF4b7eE738392377c6b,0x18a99A51Db0ff97b6Da47cF4b7eE738392377c6b,true,23125830,0x1ae28c08cffbad713223c21251d61d384f1b4b43c0d546b44aaf49f7863e9ed9,23134875,true,Denom_removal (ETH<0.05),0x09c8ad5ddFf6308092Af732C6e5F3067E707D504,UNISWAP-V2,0xC02aaA39b223FE8D0A0e5C4F27eAD9083C756Cc2,WETH,0.000645854901368242,71825625.38048412,false,,,true,Denom_removal (ETH<0.05),0.000000000008991984378095349,,,23134875,1755121249.0911758
0xFD0138b13312325313120D0f3f07E4a8aea5D24E,SBJT,ShibaJet,18,773000,0x883F17c18afA40283791442dD1DD5d332cCDbBfa,0x883F17c18afA40283791442dD1DD5d332cCDbBfa,false,23130899,0xe2cd31ac40e06675a92c5bb992ad03273d57f6414338b4d4d3a9fdab2c565cd0,23135453,true,Denom_removal (ETH<0.05),0xb7744c82BC10785cb7904C61720a6e4529bc92c6,UNISWAP-V2,0xC02aaA39b223FE8D0A0e5C4F27eAD9083C756Cc2,WETH,0.000000000000000012,0.000000000000139953,false,,,true,Denom_removal (ETH<0.05),0.00008574307088808386,,,23135453,1755128197.711355
0x8e631FE464455e437619a79f083C58E23047051b,BOMF,Book of Matt Furie,9,100000000,0x4E6C33A2Cf2A51ea845b0A1e4305144A767Db86e,0x4E6C33A2Cf2A51ea845b0A1e4305144A767Db86e,true,23134395,0x85897a72b9559aba1a0901712ff9ca1ce353bcd7b652ff1e3ad362019495d37d,23135042,true,Denom_removal (ETH<0.05),0x011a942C8A62Ca116C282749F00Fd93aC13C59CF,UNISWAP-V2,0xC02aaA39b223FE8D0A0e5C4F27eAD9083C756Cc2,WETH,0.000000001001019063,620.630521049,false,,,true,Denom_removal (ETH<0.05),0.0000000000016129065990954825,,,23135042,1755123266.5425277
0x35Ed56679f351eA7ACd6668ef458578EEE16f087,RIZE,RIZE RIZE,18,5000000000,0x0aFde55dDa8166a7BF22F5cC0b6901c5b04f30D2,0x0aFde55dDa8166a7BF22F5cC0b6901c5b04f30D2,true,23120377,0x4e50c9df156e3594c18d5523fed059a629ac26e81d454da998bc471ce7e281a1,23120447,false,,0x428002cAcb5b18BA4De143c5D32DdAD7006b23C5,UNISWAP-V3,0xC02aaA39b223FE8D0A0e5C4F27eAD9083C756Cc2,WETH,15015.302111864468,7499998596.5,true,23120442,0x103d9e13978d75c138dcac478e8e546427fbd4050fea3653903f652f316eb2e4,false,,0.0000020020406562304706,,,23120447,1754947213.028108
0x9dA832F0A5Ec20D05340B5eb3Fbe8Ac683F66e33,NovaAi,Nova.Ai,18,1000000000,0x733db02c50dFAA2a1EC41F2Ab2217c5AAd6f6E63,0x733db02c50dFAA2a1EC41F2Ab2217c5AAd6f6E63,true,23132074,0x14a3bc4d418b7f43906df308d46ee7257bd4d61ac0fca91b07b0128e36ddc9f9,23135205,true,Denom_removal (ETH<0.05),0x1cff07A37ba4B13695b0E1a93953a6660cD58bc3,UNISWAP-V2,0xC02aaA39b223FE8D0A0e5C4F27eAD9083C756Cc2,WETH,0.000000001000000001,0.000000000000000001,false,,,true,Denom_removal (ETH<0.05),1000000000.9999999,,,23135205,1755125222.3104968
0xb8D19Be7A75466C3E844E06A8aEa1Bc1257BDBb5,EUROC,European cent,18,12000000,0x824948e1EF42CA6a653Cf100d394cF057752A2a8,0x824948e1EF42CA6a653Cf100d394cF057752A2a8,false,23125774,0x79cf3392d88f25697858feff53124e0d6e64e61f3fc677235998e258b699d507,23130524,false,,,,,,,,,,,,,,,,,
0xf56F4D867A8f447dDB1D4d7559Dc110fA75b3051,PUFT Token,PUFT,18,555236800000,0xb8f3fAF83A013b962492D73FD26A6620251AFACB,0xb8f3fAF83A013b962492D73FD26A6620251AFACB,true,23127222,0x89a434984dc65f67aaa38e5a94bb5a7726807dce0e5d046d186a6c8109b8d387,23137558,false,,0xD374132e114401457BF7a4313fff1C22562c944B,UNISWAP-V2,0xC02aaA39b223FE8D0A0e5C4F27eAD9083C756Cc2,WETH,7.269655164333943,46353712199.06807,false,,,false,,0.00000000015683005350497253,,,23137558,1755153540.7627697
0x0300885d16be380d1e6A3bcB4990CCF41A7a9AB6,ETF6900,ETF,9,1000000000,0xB0b9F75af106FDc5083C30343030A1e0C2652330,0xB0b9F75af106FDc5083C30343030A1e0C2652330,true,23134423,0x10bd33f220af33bd2bdac95b55ca505322533dacc63637b3fc706017edb3779f,23134559,false,,0xCe066836839701Dd2FFebf8fAc38C93198AbD34A,UNISWAP-V2,0xC02aaA39b223FE8D0A0e5C4F27eAD9083C756Cc2,WETH,3.99312906013012,247336290.03906664,false,,,false,,0.000000016144533661030524,,,23134559,1755117409.5716588
0x83c0f026Dd289E994B356e9B4C2A78771b233604,KUMA,Kuma-Kun,9,1000000000,0x1847bDA97c1ecbbc6440C4F4cF77d9eadde52875,0x1847bDA97c1ecbbc6440C4F4cF77d9eadde52875,true,23111342,0xf356307985dd16debfd2484b86bb08476e229f49ad99e196d08ff07538fd156c,23137693,false,,0x07D141Be8489c55D0ce5bfcBF5985BD0cCfA2140,UNISWAP-V2,0xC02aaA39b223FE8D0A0e5C4F27eAD9083C756Cc2,WETH,0.7746134689584223,616513937.7407556,false,,,false,,0.0000000012564411305882717,,,23137693,1755155173.609081
0x1aCDCEb0f674D41bE866a6453850A0Bcc171C8Fa,BMNR,BitMine,9,1000000000000,0x49aAdA6413193030Be7708C3Bb660Af12B9295A8,0x49aAdA6413193030Be7708C3Bb660Af12B9295A8,true,23126913,0x39e7bf614f0e329e11d7ad4d14940c81b917ebb0c2a41ac753788773db5f1f12,23126913,false,,0x0166f360AFa2C29886b08869cABf8867DC75881B,UNISWAP-V2,0xC02aaA39b223FE8D0A0e5C4F27eAD9083C756Cc2,WETH,0,0,false,,,false,,,,,23126913,1755025214.627216
0x92fCfeBc332bB4237Ee27e528069391541fBdC0B,ETF,ETF6900,9,1000000000,0xB2d62C6223220Df7939104577732A1a54BBB52a3,0xB2d62C6223220Df7939104577732A1a54BBB52a3,true,23134277,0x2fb94df5a308c4348d644921718198d8b3e6be803324c63427fb2d9fc9ea07db,23134286,false,,0x92ad6318eE1402944C6d40b6df8f8863798c9E8e,UNISWAP-V2,0xC02aaA39b223FE8D0A0e5C4F27eAD9083C756Cc2,WETH,0,0,false,,,false,,,,,23134286,1755114085.120223
0x97E3A019925f189aa1D819cb0E318aBA606a3695,SHIN,Shin Chan,9,100000000,0x644CB43d3ea665B788727d64Bb3F83F94044fb38,0x644CB43d3ea665B788727d64Bb3F83F94044fb38,true,23135089,0x986f5019bbd467c855bf6b418a3b4808de4349fa0c3d4adeae4dbcef53b8c86b,23135332,true,Denom_removal (ETH<0.05),0x58cD233Ce6eE930bA01bd2d7474967359db88961,UNISWAP-V2,0xC02aaA39b223FE8D0A0e5C4F27eAD9083C756Cc2,WETH,0.000000000000000191,28176774.735524192,false,,,true,Denom_removal (ETH<0.05),0.000000000000000000000006778632465666645,,,23135332,1755126747.9920328
0xfbF4F83C7ff581316Bad56D4aB7c7c835476eDa4, GLD,Goldeth,9,1000000000,0xc724E6F5aeD67aA484Fe257aa85a45b180f13aBD,0xc724E6F5aeD67aA484Fe257aa85a45b180f13aBD,false,23125147,0xb8497560ce18b9efc3b7225098b60fcb73313018ce8f97e48ee8553caf1ded73,23137563,false,,,,,,,,,,,,,,,,,
0x8f735B511dfB9b607946505fA22a7954BBCAA2d7,SOLEX,SOLEX,9,100000000,0x5D731a7f95d4e875206f13016689d41A27368181,0x5D731a7f95d4e875206f13016689d41A27368181,true,23132398,0xe08b6f3ebeff313e2b235c282d652ea772e9f5da2f6cd6cb6b58facba00aff1d,23137810,false,,0x73E72ab3d61dF1bFB24517F83D5F868c3C8eB9af,UNISWAP-V2,0xC02aaA39b223FE8D0A0e5C4F27eAD9083C756Cc2,WETH,2.3736622380307493,28355194.46462573,false,,,false,,0.00000008371172488314233,,,23137810,1755156589.0149877
0x625693EAa49C8Afb46c7e78b41E722331B55567A,AFIRE,AI Fire,9,1000000,0x5Cc4FeEc270ada4aDBbDABA12B908ed5C754F613,0x5Cc4FeEc270ada4aDBbDABA12B908ed5C754F613,true,23133315,0xbeffdf84cd31eaf6e31a0783bbaa5ed6284bce9dd8e9f94ba10b6e101472ed67,23135118,true,Denom_removal (ETH<0.05),0x04F09633EafA3CD995BE0264D14D8065A6f369e8,UNISWAP-V2,0xC02aaA39b223FE8D0A0e5C4F27eAD9083C756Cc2,WETH,0.000000000100076563,1.010538615,false,,,true,Denom_removal (ETH<0.05),0.00000000009903289346345267,,,23135118,1755124178.0755394
0x05D62b6b197E7eb5DC6F8A901D3f7255d69e523c,WOLR,WolfRun,18,597000,0x12a8c74Be77143CAfD84BD1A0c8F870Ccc90B7A7,0x12a8c74Be77143CAfD84BD1A0c8F870Ccc90B7A7,false,23131373,0xdb8fe2dc2d54fa94c4bbfaf41f14a8ee3a66a89bd35708691abc0003dec3d2be,23135258,true,Denom_removal (ETH<0.05),0xDd556D8De231d7946215f480BEb1DBdceC2FcD94,UNISWAP-V2,0xC02aaA39b223FE8D0A0e5C4F27eAD9083C756Cc2,WETH,0.000000000000100335,5.897785183993175,false,,,true,Denom_removal (ETH<0.05),0.00000000000001701231850090322,,,23135258,1755125857.4505346
0x9C8449848a492577F5FDe9165b566b974e90b051,ETHEREUM,VoldemortTrumpRobotnik-10Neko,9,1000000000,0xdcFF3CcAFec65f77612302780Ed5db1767f6f58d,0xdcFF3CcAFec65f77612302780Ed5db1767f6f58d,true,23135408,0x126166fc9660eb1ce771372179eda4087aaf665cb20a51d76ee8f1addae9ae2c,23137541,true,Denom_removal (ETH<0.05),0xdF1Bc7E474B854cdd3A40DEDa5e4a80F571eCeff,UNISWAP-V2,0xC02aaA39b223FE8D0A0e5C4F27eAD9083C756Cc2,WETH,0.000525353049153102,39723041.79357301,false,,,true,Denom_removal (ETH<0.05),0.000000000013225398293594464,,,23137541,1755153337.1487842
0x6332d821593649A90D9Dd24f3feDFb3c2d03c1A4,SHIBU,Shibu,9,1000000000,0xF55F1713E92a37e458f351DFEf3535ff174AaE65,0xF55F1713E92a37e458f351DFEf3535ff174AaE65,true,23136690,0xdb335725fea308bc957cde7d4e94b1e8c539da8957909768e7b7ae49bbdae475,23136817,true,Denom_removal (ETH<0.05),0xfDFF36a3d05D0a59ba36f42a64e3Af78F8B9a9Aa,UNISWAP-V2,0xC02aaA39b223FE8D0A0e5C4F27eAD9083C756Cc2,WETH,0.000000000000001392,0.000000721,false,,,true,Denom_removal (ETH<0.05),0.0000000019306518723994454,,,23136817,1755144602.215381
0x5d23721803005D9f3B501c4fa2ef7CEDeF925f14,PLMS,PoolMaster,18,271000,0x348887140b3429D4D7386bEf424c939A7BBA3869,0x348887140b3429D4D7386bEf424c939A7BBA3869,false,23130979,0x58df151a9708fb9074bcce6decff3b3ef64c0cd91cda301d21c7919b127e8313,23135447,true,Denom_removal (ETH<0.05),0x1DEa9486AB3B10CF71eEA32b85cd790b1072E58F,UNISWAP-V2,0xC02aaA39b223FE8D0A0e5C4F27eAD9083C756Cc2,WETH,0.000000000000000013,0.000000000000101213,false,,,true,Denom_removal (ETH<0.05),0.00012844199855749757,,,23135447,1755128126.4454708
0xd37Ce521Ef3d1F5764E58126859971EBbE187976,OCTA,Octafy AI,18,10000000,0x113D1Fde55B0683879991E7B7495BC0bf7A109DD,0x113D1Fde55B0683879991E7B7495BC0bf7A109DD,true,23130074,0x7976b91c0f0912017a3bac2dca3e744306e5b1bf2e4bf80a31426cc823d0b919,23130074,false,,0xD1eB31577766Eb99B2709D0009B9f53B23FF1905,UNISWAP-V2,0xC02aaA39b223FE8D0A0e5C4F27eAD9083C756Cc2,WETH,0,0,false,,,false,,,,,23130074,1755063361.128279
0xF567701b047E58B4A26364D8DFA79097e519d65d,64x64,64x64,9,1000000000,0x4B29C52Ef1a803F73239074272b07E2Ca219F82e,0x4B29C52Ef1a803F73239074272b07E2Ca219F82e,true,23137061,0xfe6a43b4e6478e886e2458bccc4028b2bf92e11c92405b992016f3e8359df983,23137826,false,,0x98B78007c9c993A0D51b5826ba121927686A18ac,UNISWAP-V2,0xC02aaA39b223FE8D0A0e5C4F27eAD9083C756Cc2,WETH,11.070675360355382,150986970.0344632,false,,,false,,0.00000007332205790889419,,,23137826,1755156794.49554
0x1a242B8E205c35cde2856080F2f2E9244f0410b7,LOKY,Loky by Virtuals,18,1000000000,0xA77A95d92169bD7A3bB040B843962aD8069886bb,0xA77A95d92169bD7A3bB040B843962aD8069886bb,true,23120103,0xe6309b738b9ed6e63fb37ddd9012308f483206ef7094b35177cf7a67d5f81793,23120118,false,,0x1471c408647C54A8213Ff899Bcc975184862F24b,UNISWAP-V3,0xC02aaA39b223FE8D0A0e5C4F27eAD9083C756Cc2,WETH,1220.638226574003,1999998664.67,true,23120118,0xac019899f301eeac74463e344df3a8702bafee76f02ddb37095749ae8fdcc566,false,,0.0000006103195207759843,,,23120118,1754943195.2268865
0x56C34aa140a2FE4F7385FD6ac2c2aAcCfc135a15,AURAI,Auralex AI,9,1000000000,0x329bEf7D6C41868B5F700235132652464B51D3ED,0x329bEf7D6C41868B5F700235132652464B51D3ED,true,23136892,0x76e1a42f0607b531c409655d5be162c811db894b395848d69151dedb88c77eba,23137858,false,,0x580155852C31d15c372e0Ea5a7e08dBcA0BcEC51,UNISWAP-V2,0xC02aaA39b223FE8D0A0e5C4F27eAD9083C756Cc2,WETH,29.86423840594034,69443094.91835888,false,,,false,,0.00000043005339034860676,,,23137858,1755157177.5905323
0xBe8B364734DB35fcB5Ea8F50f701E16007Bc78D2,JOBS,JOBSCOIN,18,1000000000,0xDADb560f606440534C29023Bc42E78e6AA9bCc05,0xDADb560f606440534C29023Bc42E78e6AA9bCc05,true,23136265,0x284b2c7a37f8299d363ff02bfd2fbc1217ae6712eb8a47ae876efc99b8dbf480,23136302,true,Denom_removal (ETH<0.05),0x62bcE6C25C2A74E3eE8301072918b16DCfF6F256,UNISWAP-V2,0xC02aaA39b223FE8D0A0e5C4F27eAD9083C756Cc2,WETH,0.000000000000000001,0.000000000099712358,false,,,true,Denom_removal (ETH<0.05),0.000000010028847176595705,,,23136302,1755138421.49957
0x2c1dF8D454f0839E45E1D998A708bf4921B79655,$NAP,Napoleon,18,1000000000,0xc52351897E3295286ce38775e3741fb81bEE928d,0xc52351897E3295286ce38775e3741fb81bEE928d,true,23117653,0xce8a8cf416867f4b8ed0ca63e1d61a0c5ef0ecd55ccfd9208310cefa344ead7a,23117693,false,,,,,,,,,,,,,,,,,
0x3F430e8eaD78B96502C347d5a21a0144A9feA563,BBC,BIGBOYCOIN,18,1000000000,0xDADb560f606440534C29023Bc42E78e6AA9bCc05,0xDADb560f606440534C29023Bc42E78e6AA9bCc05,false,23119739,0x5c3128b093952044274a93096f199d622b912279479c38d0b9ca2ab6c46f6a0c,23120779,false,,0x6bD2be7b9A21BC816677dc3cf6c4BeE481b0EbAc,UNISWAP-V3,0xC02aaA39b223FE8D0A0e5C4F27eAD9083C756Cc2,WETH,0.025026983585841777,1598118974.0081563,true,23119831,0x53a917b5596bf435651fe3a0f31f1e8432c5934ca76a13ce5acdd8502d5a0163,false,,0.00000000001566027560706131,,,23120779,1754951221.2147548
0x3F430e8eaD78B96502C347d5a21a0144A9feA563,BBC,BIGBOYCOIN,18,1000000000,0xDADb560f606440534C29023Bc42E78e6AA9bCc05,0xDADb560f606440534C29023Bc42E78e6AA9bCc05,false,23119739,0x5c3128b093952044274a93096f199d622b912279479c38d0b9ca2ab6c46f6a0c,23120779,false,,0xBeeE9829Ea212EC572C2dfEEbF3C0C29C828FE9A,UNISWAP-V2,0xC02aaA39b223FE8D0A0e5C4F27eAD9083C756Cc2,WETH,0,0,false,,,false,,,,,23120779,1754951221.2147515
0x3Cc473688413aA761FE770750D9Ba204b2f6D089,MEGA,Make Ethereum Great Again,9,1000000000,0xc5C2d94349d5BDA3Fa99209DCC94B8fE35E3b1de,0xc5C2d94349d5BDA3Fa99209DCC94B8fE35E3b1de,true,23132534,0x52ea2bd4a856ddd44a7667e5e98153cb73fd82e48a739c32776f9ac0fd8f8ad4,23137648,false,,0x8ddaf4eA49a137cc2F5aeBfe445f839b0a129e5c,UNISWAP-V2,0xC02aaA39b223FE8D0A0e5C4F27eAD9083C756Cc2,WETH,0.5393128913624016,853625835.9305301,false,,,false,,0.0000000006317907315615645,,,23137648,1755154620.9864423
0x45c8481809684A92690FBC67B5B74ef61EB811F4,ETF,ETF6900,9,1000000000,0xB2d62C6223220Df7939104577732A1a54BBB52a3,0xB2d62C6223220Df7939104577732A1a54BBB52a3,true,23134291,0x8fb09f7361ba8127a0c695379a1601fa98ec5bf46d8701ff9cf826ec0cfb6734,23134291,false,,0x22A11Ff6E0dFE52D129AA7D3EAAA9622f51Cd749,UNISWAP-V2,0xC02aaA39b223FE8D0A0e5C4F27eAD9083C756Cc2,WETH,0,0,false,,,false,,,,,23134291,1755114145.105479
0xDdE20f3c8Ee2A67872CfcaC4aF043b4315ba3D89,orb,orbit,6,1000000000000,0x2461C9cFC13A314f327d9513c7c6f96BBd7CEE93,0x2461C9cFC13A314f327d9513c7c6f96BBd7CEE93,true,23111895,0x414a990fb48ceade831fdc5ca6ae7363dfe8bb9e98db5de5f5a5e63debd2c96a,23135880,true,Denom_removal (ETH<0.05),0x6e3e39AEE1004b48666504FCe14773A9f74f46C3,UNISWAP-V2,0xC02aaA39b223FE8D0A0e5C4F27eAD9083C756Cc2,WETH,0.007355758153506639,7783789236.767613,false,,,true,Denom_removal (ETH<0.05),0.0000000000009450099340769505,,,23135880,1755133344.9216125
0xDdE20f3c8Ee2A67872CfcaC4aF043b4315ba3D89,orb,orbit,6,1000000000000,0x2461C9cFC13A314f327d9513c7c6f96BBd7CEE93,0x2461C9cFC13A314f327d9513c7c6f96BBd7CEE93,true,23111895,0x414a990fb48ceade831fdc5ca6ae7363dfe8bb9e98db5de5f5a5e63debd2c96a,23135880,true,Denom_removal (ETH<0.05),0xb8ee21235e689e75c46A30205927Ac92c0bE19b4,UNISWAP-V2,0xC02aaA39b223FE8D0A0e5C4F27eAD9083C756Cc2,WETH,0.000020223235439539,42133121.023417,false,,,true,Denom_removal (ETH<0.05),0.0000000000004799842724278414,,,23135880,1755133344.921607
0x4ea416ec5Cc965CeBeC61FC6F37c378753D65e70,$ETH,VitalikTrumpXiMuskPepeShrekMarioPacRoseETH9999Inu,9,1000000000000,0x49aAdA6413193030Be7708C3Bb660Af12B9295A8,0x49aAdA6413193030Be7708C3Bb660Af12B9295A8,true,23111183,0x4f90c5074c9e6af40a30c31c39eeb407c758093278296e9bc16a53ddc84ae6fa,23111183,false,,0x2aC62744275924A2DcB7455b8d51AECA07E336B9,UNISWAP-V2,0xC02aaA39b223FE8D0A0e5C4F27eAD9083C756Cc2,WETH,0,0,false,,,false,,,,,23111183,1754835314.7119477
0x6b5645B44C998188A5e7c17477228f1149a34e69,SHIKOKU,Shikoku Inu,9,420690000180360,0x021f35525F588B5c31545b5822c900CdC5564259,0x021f35525F588B5c31545b5822c900CdC5564259,true,23119296,0x9c0c9352bff68439a7b59fa8cd1036d3f7ce500cdfbd4a17a91af555c3f8c25d,23136309,false,,0xEeF3b198d66cfFe04cbd018bF46c543294B24265,UNISWAP-V2,0xC02aaA39b223FE8D0A0e5C4F27eAD9083C756Cc2,WETH,0.3919726143959321,376087604043149.4,false,,,false,,0.0000000000000010422375270602118,,,23136309,1755138505.0607178
0x264889E6bB18344B9014fd5452ef7feAc7676997,intelAgent,intelAgent,18,500000000,0xB84008b4b2E3727AD803E3AA2d88a2dE5EcE5dd4,0xB84008b4b2E3727AD803E3AA2d88a2dE5EcE5dd4,false,23135759,0x124c9e99f624e085092324aa51be57b76a4d924b3e6ad7f81f19000f9bd20951,23136334,false,,0x81a122D370C68dCf1e9Ec0abe748d0b9ac71CCbd,UNISWAP-V2,0xC02aaA39b223FE8D0A0e5C4F27eAD9083C756Cc2,WETH,5.006447510525474,479442090.4324099,false,,,false,,0.000000010442236112415888,,,23136334,1755138805.1820652
0xB222BD51B7812b38A905fDccC6Be3214e7DCcbf3,💎STF,Secure Tech Fund,18,488000000000000,0x05DF6503E869Ba312D7F12A08168EdF7555a33B2,0x05DF6503E869Ba312D7F12A08168EdF7555a33B2,false,23136434,0xddf9e2d3ddb982c19d0b2fb1ce17914e3ce150a516608ea868f968d1a8e2e41c,23136476,true,Denom_removal (ETH<0.05),0x82372aaCBe49f653A40dA920e769A36563CAd725,UNISWAP-V2,0xC02aaA39b223FE8D0A0e5C4F27eAD9083C756Cc2,WETH,0.000000000000000001,0.000000016640234857,false,,,true,Denom_removal (ETH<0.05),0.00000000006009530566086529,,,23136476,1755140510.6323793
0x6150Fdab8aA476a63a3251D0bAAb1D947258fFB3,RINJING,Chinese Autism Cap,9,1000000000000000,0x17E09E7ad9432e58AD0628A0f70339fe40165A7c,0x17E09E7ad9432e58AD0628A0f70339fe40165A7c,true,23131251,0x80d1a3ec6f6369bdb81950360deaf1ddadbee116ff613174f027c64f7772a75c,23135370,true,Denom_removal (ETH<0.05),0xe51DdD675ffB9116E93eAEE2f88332F26BbA668E,UNISWAP-V2,0xC02aaA39b223FE8D0A0e5C4F27eAD9083C756Cc2,WETH,0.000000000000000006,0.000928549,false,,,true,Denom_removal (ETH<0.05),0.000000000000006461694536314185,,,23135370,1755127201.8450778
0x9631412172f3082b490b7950a9EF0576e0E80783,JOBS,JOBSCOIN,18,1000000000,0xDADb560f606440534C29023Bc42E78e6AA9bCc05,0xDADb560f606440534C29023Bc42E78e6AA9bCc05,true,23134985,0xb62c20b05e83f11f4ece6c942031a537b8b763ba99018ee6525814ee06dd21f3,23136251,true,Denom_removal (ETH<0.05),0x592b6998b1700a057fB8dfBAf0b471d761B816f4,UNISWAP-V2,0xC02aaA39b223FE8D0A0e5C4F27eAD9083C756Cc2,WETH,0.000000000000000001,0.000000000098343272,false,,,true,Denom_removal (ETH<0.05),0.000000010168463786724526,,,23136251,1755137810.5271542
0x10E8d7adD3eA3c2Df8dC6c0408E4A148b30e2203,Troge,Troll Doge,9,100000000,0x00187E8b530f5987d718AFB6fED343C2256fBB8D,0x00187E8b530f5987d718AFB6fED343C2256fBB8D,true,23119553,0x46ff29b0bf8835a471d60aa15f682685cdf8dbd4a28fde4f22384609c498f40d,23137762,false,,0xFd5b359c154B8dF506AC7149eDfB254Cc5817cc9,UNISWAP-V2,0xC02aaA39b223FE8D0A0e5C4F27eAD9083C756Cc2,WETH,0.5997918568347347,86242536.10925719,false,,,false,,0.000000006954710330814977,,,23137762,1755156013.6939292
0x542Da32EC5F14A72DB66b67984a926671dBAA987,geeks,beware of geeks bearing grifts,9,420690000000,0x6308b1eBa1fA97aEeE586aeCa78AE90059B7bc7b,0x6308b1eBa1fA97aEeE586aeCa78AE90059B7bc7b,true,23132705,0x09f0699920b6a895b3e9d61974ab377596909bf2999fabe992e0d587205407a7,23137829,false,,0x9Cd2B903e20e6D11160A0263077B8dB597f2387d,UNISWAP-V2,0xC02aaA39b223FE8D0A0e5C4F27eAD9083C756Cc2,WETH,2.248096364514928,147678981784.37024,false,,,false,,0.000000000015222859321967897,,,23137829,1755156829.1525338
0x5195FA63a911A6cB41BEa8158186018bA54154F8,REBORN,Reborn,18,1000000000,0x8d5400Cff590Db0Eb0957DD15B9BbB6d744CAd14,0x8d5400Cff590Db0Eb0957DD15B9BbB6d744CAd14,true,23133817,0x1d873dd018d34278a372397abb17da0b329f9102c89edd3dcb1e88133b9e138a,23133948,false,,0xA8f5bbea7c3b38B7994a18DfE51fB6A82db08164,UNISWAP-V2,0xC02aaA39b223FE8D0A0e5C4F27eAD9083C756Cc2,WETH,1.000995024875622,999008943.3666304,false,,,false,,0.0000000010019880517808967,,,23133948,1755110016.756669
0x1E47A2A0CCC1D03A4Be916DeFDaf937e748De7FF,BTC,SatoshiTrumpBukeleMuskSaylorPepeSonicPacmanChanWizardBTC150000Inu,9,21000000,0x76Aa196270Cb96C874DF9216A758a67E1eE0EC9b,0x76Aa196270Cb96C874DF9216A758a67E1eE0EC9b,true,23118108,0x278fb49bc1928a4a433465f70578f60ca6d2cadf7e53366557e8336ae15e7f62,23136383,false,,0xD645aB6E91384B0812c8a49F92c3dB07d2258869,UNISWAP-V2,0xC02aaA39b223FE8D0A0e5C4F27eAD9083C756Cc2,WETH,1.0524726789056098,15360444.859263182,false,,,false,,0.00000006851837225735761,,,23136383,1755139392.9831307
0xEAa6346DEDe4211953a7226d4A5b72C9539C2F42,ZAZULU,Zazulu,9,420690000000,0x472b94B0D3B5228DFE986C292FDD79f451918D07,0x472b94B0D3B5228DFE986C292FDD79f451918D07,true,23133362,0x310fb72fed70a8e3c00bb10c97e0fc405520eecff7ced81fe7480dff9e6b82d6,23137851,false,,0x4183B555557EFB70beFD5ba421f72Fe19B8fe6Ec,UNISWAP-V2,0xC02aaA39b223FE8D0A0e5C4F27eAD9083C756Cc2,WETH,1.176555650125472,259210727305.58743,false,,,false,,0.000000000004538992897228411,,,23137851,1755157093.3178265
0x5675B5fE4614d7Fc434F60537744AA6F9451b9c4,RANGE,RANGE,18,1000000000000,0xe098c07dA789B8df0B6002A6a1265C8E25ce3A59,0xe098c07dA789B8df0B6002A6a1265C8E25ce3A59,true,23118343,0xed05c9a07f74e06e1b8f79a2793c98115b247df7e4fcfb612fbda135e5534db7,23118370,false,,0x81A5FEf7190A3c1d4dc5890c11a6714596c4EFC1,UNISWAP-V3,0xC02aaA39b223FE8D0A0e5C4F27eAD9083C756Cc2,WETH,0,0,false,,,false,,,,,23118370,1754922097.5838122
0x6BCAE04406c1d03E9984F635dAD9ee4BBD6f680E,DBUY,Doont Buy,18,69420000,0xA035Fad1D9F121DB4459e756e3e1EF0319bBaC43,0xA035Fad1D9F121DB4459e756e3e1EF0319bBaC43,true,23122838,0x09f473719c102fa27be53745da9fb646e8940e76208b9dad2e580eaaf9084f1a,23122995,false,,0x79C741fD751dE155b8502E6587dABdA5670e76e8,UNISWAP-V3,0xC02aaA39b223FE8D0A0e5C4F27eAD9083C756Cc2,WETH,14.669382915658923,326109831.6617929,true,23122947,0xe7e5b76efe297b95a0b2472d1276e173dbd2f0eaaf5c967487ddc29a010ecf77,false,,0.000000044982952034615376,,,23122995,1754977922.3502126
0x417b94D6f5965B40B0794323cAC15CA298654b89,KORI,Kori,18,1000000000,0x99087b702783F59Df4BA3A4d917d8BaebdCf7DfD,0x99087b702783F59Df4BA3A4d917d8BaebdCf7DfD,true,23137051,0xd8e72c6363b5c201d5b8b568c49f507fa700445bf2ea12a4551ee64bf48b08be,23137116,false,,0x5133A81456427eB1Cb78A6A550bcd51901000780,UNISWAP-V2,0xC02aaA39b223FE8D0A0e5C4F27eAD9083C756Cc2,WETH,1.0415266152910734,912491265.1053478,false,,,false,,0.000000001141409956588273,,,23137116,1755148188.9333444
0xF432Db9f861c44dA4222f49e3EAdB6e36E579946,MIN,MINIMAL,18,10000000,0x3b915a11BaFad8559923c34479781258d18a95cb,0x3b915a11BaFad8559923c34479781258d18a95cb,false,23112387,0x620645f6a166635513e0a9661c2164d1003d7a13989701eba8f3befd56b56f34,23112745,false,,0xBcaD0ca536B224c2807292a0C515DC04F8284ec5,UNISWAP-V2,0xC02aaA39b223FE8D0A0e5C4F27eAD9083C756Cc2,WETH,0,0,false,,,false,,,,,23112745,1754854142.260798
0x12e356699f79184Ad2c2D25b9435bDDBa9E6a999,ICNT,Impossible Cloud Network,18,700000000,0x53B4eE0046FB83087D198062FC350b359b694F26,0x53B4eE0046FB83087D198062FC350b359b694F26,true,23122786,0x3eb8791ae35b3b3cb22888d8349fa11ecf561e944fcfaeafca12ddab8ed579b3,23122806,false,,0xf2C81e45ac1F5D28B517c7F336AfCf8E91428D72,UNISWAP-V3,0xC02aaA39b223FE8D0A0e5C4F27eAD9083C756Cc2,WETH,73757.22025315935,1049999997.995,true,23122806,0x732b98d47a17ca9748d2352d816a52012a858b90a310ecdec148162d970a89dc,false,,0.00007024497180381002,,,23122806,1754975629.4288683
0x90d0d714b93E6825593c3c057bfe334118278e96,BUGZY,BUGZY,18,1000000000000,0x86ab3272a265f901189Fe4EB6154f799CF5998Aa,0x86ab3272a265f901189Fe4EB6154f799CF5998Aa,true,23123041,0x8c6462a9a3c0d5bb2424bbcbfa7ad4e1cee98ecc5fe948cc9830b726bd9ef505,23123082,false,,0xc18d580c6d04AF7d5886Fd2E97c2317817fC7A5C,UNISWAP-V2,0xC02aaA39b223FE8D0A0e5C4F27eAD9083C756Cc2,WETH,0,0,false,,,false,,,,,23123082,1754978988.6878357
0x3EB5Db2C87618d92299A1b0bE35C1A9b79939e12,gETH,Go-Ethereum,9,1000000000,0x420374A01a90c06A8B80Cd07a1eA8e977C3f3931,0x420374A01a90c06A8B80Cd07a1eA8e977C3f3931,true,23126057,0x1ea90d357839d632664aee3f6d0a2bbdc75d3910ae3a2336e09701bbd0fc6e69,23126057,false,,0xddBeABedBcE0a08BBA173EAd2114915a7CECE6D6,UNISWAP-V2,0xC02aaA39b223FE8D0A0e5C4F27eAD9083C756Cc2,WETH,0,0,false,,,false,,,,,23126057,1755014882.6235435
0x3967F0F685a0234468c612Dc4a57bCA074037275,WLOOP,Workloop Ai,18,100000000,0x216Bbf8bbd78BdACF44A6F21217C56bA158f43F1,0x216Bbf8bbd78BdACF44A6F21217C56bA158f43F1,true,23134004,0x6de79b31aa0f356e24cf05dd4549a24afc6e6d6dce9b1b82e2c75195bc8d8881,23135067,true,Denom_removal (ETH<0.05),0xa0Ae9EBa2A1EC845a40031047760143c7BC4a94e,UNISWAP-V2,0xC02aaA39b223FE8D0A0e5C4F27eAD9083C756Cc2,WETH,0.000000001000000001,0.000000000000000001,false,,,true,Denom_removal (ETH<0.05),1000000000.9999999,,,23135067,1755123565.2276442
0x7D17176ba8b524D6b48a5D97b556a0829F136933,DOGGO,Doggo,9,100000000,0x5deAD345fB5f07e69b369e32d4214a19920d7AAF,0x5deAD345fB5f07e69b369e32d4214a19920d7AAF,true,23134526,0xa7bce1af4161521bea416a3e924015eab1308ceefabfc5646658c53a4ad54a27,23135116,true,Denom_removal (ETH<0.05),0xA37ad29972a1346200e368782dd1A5C60f466BA8,UNISWAP-V2,0xC02aaA39b223FE8D0A0e5C4F27eAD9083C756Cc2,WETH,0.000000000000000883,0.000001133,false,,,true,Denom_removal (ETH<0.05),0.0000000007793468667255074,,,23135116,1755124154.2697258
0xb1DDAaC9089EA9b1f7f9a2a17df3D0452582CC44,ETH500,ETH500,9,1000000000,0xeC1b2A75845f4a8EEEC54224907849a4cBB9b802,0xeC1b2A75845f4a8EEEC54224907849a4cBB9b802,true,23128001,0xc09d1be2e6a09e833853d37a1310d6bcd07605bef10851c98a60b459eef7b7be,23135555,true,Denom_removal (ETH<0.05),0x14F3bf5ae9FC30A13121Ba9E0943FAE2c7F4C37C,UNISWAP-V2,0xC02aaA39b223FE8D0A0e5C4F27eAD9083C756Cc2,WETH,0.000000000000000001,17854098.593245525,false,,,true,Denom_removal (ETH<0.05),0.00000000000000000000000005600954843938832,,,23135555,1755129420.9289727
0xbcF3A0451A9Ee25E963Edc20CB899f79d6900976,ZAZULU,Zazulu,9,1000000000,0x3f54E0871ba0037b54A2bD5cdc4739772a783f1e,0x3f54E0871ba0037b54A2bD5cdc4739772a783f1e,true,23133429,0x19eb40445e82cd332d652149337c10a5e37890089513920a70d1652d8edc5bf5,23136390,false,,0xA992044f47018353f8584808cb2FB8e9AD8a51cA,UNISWAP-V2,0xC02aaA39b223FE8D0A0e5C4F27eAD9083C756Cc2,WETH,0.9561924442450808,808382425.5126157,false,,,false,,0.0000000011828466503817609,,,23136390,1755139478.6882465
0x25093787120F25FDD080b0CA33E9ad9c058F7A03,🔬NVLB,NovaLabs,18,980000000,0xf92d06642261F95EcA980b08656911d5aE37E0e4,0xf92d06642261F95EcA980b08656911d5aE37E0e4,false,23136049,0x5bbedd71db0795d41b8e61efd7fdc3e8e0b8af408a95ff7927f2ec7ab0e6ce58,23136159,true,Denom_removal (ETH<0.05),0xA01AE41F722072d34621F9e878C6a60606328eb5,UNISWAP-V2,0xC02aaA39b223FE8D0A0e5C4F27eAD9083C756Cc2,WETH,0.000000000000000001,0.000000000019523607,false,,,true,Denom_removal (ETH<0.05),0.00000005122004350937817,,,23136159,1755136693.07331
0x257200BbD3786065b63830a470E583A4aADdbBcA,TT,TrueTensor,9,21000000,0x88d970beDFc781A06280939cF45a8669476Cb407,0x88d970beDFc781A06280939cF45a8669476Cb407,true,23133437,0x30f4295091a660248f67c88490575e884aa178580ff404a46d3b7ff5f1a15675,23133669,true,Denom_removal (ETH<0.05),0x4cd1ea8AA88b1732040099974ee6842484fBD257,UNISWAP-V2,0xC02aaA39b223FE8D0A0e5C4F27eAD9083C756Cc2,WETH,0.000000000000007765,0.000000129,false,,,true,Denom_removal (ETH<0.05),0.0000000601937984496124,,,23133669,1755106658.073828
0xeb7e0e52b775ebe84275441202eE75f2b2163Ee4,CYBER,CYBER CYBER,18,1000000000,0x0aFde55dDa8166a7BF22F5cC0b6901c5b04f30D2,0x0aFde55dDa8166a7BF22F5cC0b6901c5b04f30D2,true,23130268,0xd41beb4c690e10661f6675ecb2838188c8c3e6b549b985510c7e6b6953145427,23134355,false,,,,,,,,,,,,,,,,,
0xe263F5Be1ECdb636741b3cAB82e666c535F21682,USDT,Tether USD,6,79787363485.59059,0x63c498BA83FA0e69380Ac360A32eDAEb1565e6E2,0x63c498BA83FA0e69380Ac360A32eDAEb1565e6E2,false,23119752,0x5965b075fc0620794f15bbe362017850126f1cba35128674661c50b8c004e9aa,23120561,false,,,,,,,,,,,,,,,,,
0x4bEC48975847fbA538d9429113092f36c0453936,T.S.,The Life of a Showgirl,9,100000000000,0x6FF430dE94e088509462A49157cC50Be1dA56B4A,0x6FF430dE94e088509462A49157cC50Be1dA56B4A,true,23135279,0x3c98630b86afcecd670a9429690f809fca2543f4f475ccdf580abd6475583b43,23135736,true,Denom_removal (ETH<0.05),0x6Aa4d4260C95B3B32b826227041644e00ffAE7cc,UNISWAP-V2,0xC02aaA39b223FE8D0A0e5C4F27eAD9083C756Cc2,WETH,0.000000000000001144,0.000000883,false,,,true,Denom_removal (ETH<0.05),0.0000000012955832389580975,,,23135736,1755131593.4067056
0xE6152DFD5c19cEB866f0cAcF91E2D5bE757E931E,BOSS,Ibiza Final Boss,9,1000000000,0x7c5DcbBC7D13c2edd75dB50Ce57F2489F0FedE02,0x7c5DcbBC7D13c2edd75dB50Ce57F2489F0FedE02,true,23109515,0xae95c254b82c2c0740e7252146fd02ba8674930e54a9606452d76133ac576d82,23136828,true,Denom_removal (ETH<0.05),0x0AF67e7C5d08Ee5E7F571Ec6278D29a721301b2a,UNISWAP-V2,0xC02aaA39b223FE8D0A0e5C4F27eAD9083C756Cc2,WETH,0.012326153899750563,264761.576730169,false,,,true,Denom_removal (ETH<0.05),0.000000046555674928287374,,,23136828,1755144734.8889277
0xb359b601Ae57Eb9E7066F1cd1ac022DFd365c446,BRK,BRK6900,9,420690000,0x5c115333d60a5A680B95182980Eeee8F0105e068,0x5c115333d60a5A680B95182980Eeee8F0105e068,true,23112772,0xb76ecaba25f2a46376c7522e5b2bc5899e2efeee813e47676c450c8dd84b5a15,23133456,false,,0x0774BB824947805D72742ecb90180806b2353Eeb,UNISWAP-V2,0xC02aaA39b223FE8D0A0e5C4F27eAD9083C756Cc2,WETH,1.1242060459350904,363220829.1566185,false,,,false,,0.000000003095103462390754,,,23133456,1755104104.723206
0xAFd001A4CedC267DB3538201149B56cBd6F4D8Fd,Sadie,Vitalik's new dog,9,4206900000,0x5cb099dE09484864aa20FB32A03594a4a4e522Cd,0x5cb099dE09484864aa20FB32A03594a4a4e522Cd,true,23128659,0x4accaf3d23d43f179c5a9369ab96850f4a9aadf1fdbd42f32676b2f9acaf161a,23135852,true,Denom_removal (ETH<0.05),0x75a8bcA906F1f67CD0Eb7464f5Db7F0489934931,UNISWAP-V2,0xC02aaA39b223FE8D0A0e5C4F27eAD9083C756Cc2,WETH,0.00000000000000096,0.000001045,false,,,true,Denom_removal (ETH<0.05),0.0000000009186602870813398,,,23135852,1755132998.5963025
0x97D2E6Cc64FF69B79cA8c3a12acAB36d65742FEA,🔗DBT,Desire Blossom Token,18,453000000000000,0x41bD44F3D852dB488c6642189D0DDA01D0d3a720,0x41bD44F3D852dB488c6642189D0DDA01D0d3a720,false,23137000,0x1f631399585ac363efffbbe27f03c69e6cc433f137f0f8dba6f3b257cd9508d1,23137011,true,Denom_removal (ETH<0.05),0x990567503bD4ECfA79082574A0E1635781E59906,UNISWAP-V2,0xC02aaA39b223FE8D0A0e5C4F27eAD9083C756Cc2,WETH,0.000000000000000001,0.000000019769307758,false,,,true,Denom_removal (ETH<0.05),0.00000000005058346059665809,,,23137011,1755146929.6490555
0x681016188c7ec30dE1F6e14De427a1005836100B,FCT,Farcaster,18,100000,0xBA3990E56a44e94EbaA0154DFBaaF38f2eEC86Dd,0xBA3990E56a44e94EbaA0154DFBaaF38f2eEC86Dd,true,23131811,0xc8579dfa16fda7dc5275438734fad5cc4165484242236511e154afde3e3080a7,23133909,true,Denom_removal (ETH<0.05),0x4d6BB0FbAE1f341674e6Da15A504E29b551DF2bA,UNISWAP-V2,0xC02aaA39b223FE8D0A0e5C4F27eAD9083C756Cc2,WETH,0.000017445759843544,6.6522745592147405,false,,,true,Denom_removal (ETH<0.05),0.000002622525526908403,,,23133909,1755109549.085461
0xd6d3B4f40bDa509ef9ad92b6670D6A1C7430961e,KERMIT,Kermit The Frog,9,420690000000,0x3f77cDd2CA129535cC5728F3f9AC7C02de5a5d8B,0x3f77cDd2CA129535cC5728F3f9AC7C02de5a5d8B,true,23133449,0xf2726560b79b6b7cefe8379b42953aa2fccb61318b922f93340a15213f953d28,23133808,true,Denom_removal (ETH<0.05),0xFd88B07799ABD8E4B31454E2fF64102E5198f86d,UNISWAP-V2,0xC02aaA39b223FE8D0A0e5C4F27eAD9083C756Cc2,WETH,0.000000000000000069,0.000014545,false,,,true,Denom_removal (ETH<0.05),0.000000000004743898246820213,,,23133808,1755108332.1830444
0x44312c2De95A12eAf6525AcaC690D70612A0a7B2,BOGBG,beware of geeks bearing grifts,9,420690000,0x3F581cbb42260fFa760eeaFA477Da224FA56Ba37,0x3F581cbb42260fFa760eeaFA477Da224FA56Ba37,true,23132729,0x7c5221a7e18f354248a663ba6a1a9be4cd174f5fead32c748660ede460ec2c54,23134846,true,Denom_removal (ETH<0.05),0x812f6c6bfd42197C69862304381283B001FA66a2,UNISWAP-V2,0xC02aaA39b223FE8D0A0e5C4F27eAD9083C756Cc2,WETH,0.0018196905849827,23478955.021192245,false,,,true,Denom_removal (ETH<0.05),0.00000000007750304829751734,,,23134846,1755120900.992395
0x1b9Dd48F79b1Dad7d79458e4eff6eBc7d7F15cDf,PXGD,PixelGold,18,240000,0x0d07AA6808648B681124339C91c9D2f652C1a5be,0x0d07AA6808648B681124339C91c9D2f652C1a5be,false,23129882,0x8fff073da7a77c6b4a9bf052046a9d5d9f8a3ef1a08054388b6367923bd582ea,23135570,true,Denom_removal (ETH<0.05),0x4906283a720aaE9905BE528242Bc0dE24b4dcd96,UNISWAP-V2,0xC02aaA39b223FE8D0A0e5C4F27eAD9083C756Cc2,WETH,0.000000000000010004,0.000000000000000113,false,,,true,Denom_removal (ETH<0.05),88.53097345132741,,,23135570,1755129600.947102
0xde3E6d8533C701b4E20B83068941E8aFFFA0a1Fb,TEST,Testing,18,100000000,0x9D0cc486B69CED2a50C46f2261c450C3179716ab,0x9D0cc486B69CED2a50C46f2261c450C3179716ab,true,23136944,0x3317eb4b478f645394751c5589fc7f159a8daf961e6d0b35785d878655532c4b,23137218,true,Denom_removal (ETH<0.05),0x1fA0dE6dAfdea42b21547D5E42E7d4f3e3009530,UNISWAP-V2,0xC02aaA39b223FE8D0A0e5C4F27eAD9083C756Cc2,WETH,0.000000000000000001,0.00000000043220365,false,,,true,Denom_removal (ETH<0.05),0.0000000023137240974249063,,,23137218,1755149436.8811128
0xFd8432c3BCCF52B3815f98e71bD14fb3dF234B90,BOSSVITALIK,Boss Vitalik,9,1000000000,0x3467E745b04717B77ecB2da60F7E762C3C2b8092,0x3467E745b04717B77ecB2da60F7E762C3C2b8092,true,23110889,0xda8e588b8135a411476a231702986f6bc8e08cbb17c41ab24e246ba0480f4909,23137494,false,,0xC325c73e6ea359eD8F6d86F4B3724b88380674A4,UNISWAP-V2,0xC02aaA39b223FE8D0A0e5C4F27eAD9083C756Cc2,WETH,0.9376068108584782,664737064.3202572,false,,,false,,0.0000000014104927514719681,,,23137494,1755152773.059016
0xB358ba40f4d94252E80263d6beC4C2090a498A0F,ETH5000,VitalikTrumpMarieTateMuskSaylorEthchanJosephIShowSpeed,9,1000000000,0xc4C8b603618c9b7078D00ea8b157Ba973E85ef1F,0xc4C8b603618c9b7078D00ea8b157Ba973E85ef1F,true,23134492,0x640ccf626853af2811f638a28d59027c6ed74ef38b7b37c3c2d3af3cc8f95741,23136980,true,Denom_removal (ETH<0.05),0x264f5811589996036f8954DAf369f66DB6b85329,UNISWAP-V2,0xC02aaA39b223FE8D0A0e5C4F27eAD9083C756Cc2,WETH,0.000239967025414778,446401808.4245578,false,,,true,Denom_removal (ETH<0.05),0.0000000000005375583630847512,,,23136980,1755146557.4892516
0x2f5077e0f78dBe803Ed43562Af3eEEEb2F16C9B2,ETHMAXI,ETH Maxi,9,100000000,0xb40E21D409aD03309dbDE9028F1682358b5e8761,0xb40E21D409aD03309dbDE9028F1682358b5e8761,true,23110473,0xc2dd949ef9cd4e60831071deb00a00b6e1eaf1d4de9880c40bd7820bf9598a50,23137515,false,,0x44A95424F9AA400Ceb5F32350cE6caebBcCf451F,UNISWAP-V2,0xC02aaA39b223FE8D0A0e5C4F27eAD9083C756Cc2,WETH,1.383611548185927,57374758.59307275,false,,,false,,0.000000024115335421262756,,,23137515,1755153024.9992044
0x6c5c4Fe1E7F8aA3f0da0A7Ee3EDF36e6555e559D,ETH,The Eth Era,9,1000000000,0x01a39013B6551883a1Df63Eff394D6e0344Aa1be,0x01a39013B6551883a1Df63Eff394D6e0344Aa1be,true,23128338,0x6ed04ab144979956a7d4293dcbcef8aaaa4c821a5f34e07e04577bd775dd15b8,23137785,false,,0x8FDE18b00E3ffD8Df2a7c6F511FeCDc84d066b54,UNISWAP-V2,0xC02aaA39b223FE8D0A0e5C4F27eAD9083C756Cc2,WETH,0.7425422786577394,772142881.3363131,false,,,false,,0.00000000096166434555824,,,23137785,1755156289.7512906
0xC460EebB9414011caAe9ae530BEdaD2233EFE1cB,LIZARD,Tom the Lizard,18,1000000000,0x9069e923576b49676dA99228f331486dbEcEF223,0x9069e923576b49676dA99228f331486dbEcEF223,false,23133063,0x135eea04bcbf6eea262fec6dd36e3573ccd7928bd0884dfae9ed918beda094c3,23135884,false,,0xFd445e89F2bC08b6912e5F39C58E55cb73a52A2A,UNISWAP-V2,0xC02aaA39b223FE8D0A0e5C4F27eAD9083C756Cc2,WETH,2.0391,980881567.6425228,false,,,false,,0.0000000020788442430423357,,,23135884,1755133393.0005896
0x6A9a1896E3aBcE2a2354bae2dcdCADea693F8950,Toasty,Toasty Coin,18,1000000000,0x3db2D0EDfAe6c15f87D194F1fF17908C3a7167B8,0x3db2D0EDfAe6c15f87D194F1fF17908C3a7167B8,true,23135919,0x29220439fc14a033076daeedc97ec1554d12eb710801410e088dc1cdcb3beef8,23136148,false,,0x0B9738953350d37126DCD42b132aF905226fFB0A,UNISWAP-V2,0xC02aaA39b223FE8D0A0e5C4F27eAD9083C756Cc2,WETH,1.8743037689587705,380824125.86736614,false,,,false,,0.000000004921704381753259,,,23136148,1755136561.6685386
0x45C809A77D74C89bfa3CC70712A560014eB38610,SQUIRREL,Squirrel by Matt Furie,9,1000000000,0x74c0EB1D601b3fE1f7F726d81BBe636053CA564E,0x74c0EB1D601b3fE1f7F726d81BBe636053CA564E,true,23137643,0x207816ba8e17e4cc9dc79b54684156abe0f15091e996e7aa319044d569cfecde,23137858,false,,0x47B2107b9712465D36FDCc39763884b0B1963994,UNISWAP-V2,0xC02aaA39b223FE8D0A0e5C4F27eAD9083C756Cc2,WETH,27.39958016921673,73106206.29570843,false,,,false,,0.0000003747914377937728,,,23137858,1755157177.5905402
0x6F886AAd87Ec2be64Dc422D75451d6D060972759,tMUTY,MUMUTYCOON TOKEN TEST,18,1000000000,0xa8B26c6bb8e84E429841c2878580A01C29e4389B,0xa8B26c6bb8e84E429841c2878580A01C29e4389B,false,23136886,0x21fe18fa5e574b719f29672c43186517f77f0d306087cddbe86fe972cd535eb1,23137256,false,,0xbaC989f1397D1366a8f7834C0e5CB61bA092d6A3,UNISWAP-V2,0xeE7B8e00b82A1a07b8f6a633def3Cea7C92F3A8d,Unknown,109.19483200542564,11084.294146087746,false,,,false,,0.009851311284802601,,,23137256,1755149905.280929
0x6F886AAd87Ec2be64Dc422D75451d6D060972759,tMUTY,MUMUTYCOON TOKEN TEST,18,1000000000,0xa8B26c6bb8e84E429841c2878580A01C29e4389B,0xa8B26c6bb8e84E429841c2878580A01C29e4389B,false,23136886,0x21fe18fa5e574b719f29672c43186517f77f0d306087cddbe86fe972cd535eb1,23137256,false,,0xF346ee6908E60BDFdE35c1b23827244e02AE8556,UNISWAP-V2,0x70B6b81a93f57CDFda8F0320FA189Fb37b644BeE,Unknown,1786.293129,11198.2,false,,,false,,0.1595160944616099,,,23137256,1755149905.2809343
0xf3E7ec76AC5AC6D09352A4D09B44D4BeE8Da031A,MAN,MANCOIN,18,500000000,0xa2C0C43f82AC6E9Ee89ddCfe6364d6E0D0863C37,0xa2C0C43f82AC6E9Ee89ddCfe6364d6E0D0863C37,false,23120527,0xc70784877ffc5d914d51063d35916a1086c09c041bded9e24a280b3d4234435b,23120647,false,,0x5C4806A74643B3b3EEEb27764Ef13cb900438F31,UNISWAP-V2,0xC02aaA39b223FE8D0A0e5C4F27eAD9083C756Cc2,WETH,0,0,false,,,false,,,,,23120647,1754949624.9138556
0xf3E7ec76AC5AC6D09352A4D09B44D4BeE8Da031A,MAN,MANCOIN,18,500000000,0xa2C0C43f82AC6E9Ee89ddCfe6364d6E0D0863C37,0xa2C0C43f82AC6E9Ee89ddCfe6364d6E0D0863C37,false,23120527,0xc70784877ffc5d914d51063d35916a1086c09c041bded9e24a280b3d4234435b,23120647,false,,0x78eAFCD838B66a8Dc52a1FA5b47bfcDD813F9DDE,UNISWAP-V3,0xC02aaA39b223FE8D0A0e5C4F27eAD9083C756Cc2,WETH,0.06651069441519981,3638586703.890732,true,23120580,0x1d38703c4a2c9e390783ef83c5ce88b5a7894e74068cf260ecc86259129706ae,false,,0.000000000018279266052415376,,,23120647,1754949624.913858
0xA7Ae135f2aAA2A5170F300cC4885Fa81e71a4B21,🛰️CSA,Cyber Shield Asset,18,940000000000000,0xc3dE959692a969333c539D284fBfEB981EEe8034,0xc3dE959692a969333c539D284fBfEB981EEe8034,false,23137749,0x3b4a7521733d5e31dbcf70fb8d831a7f54e4e152728680bff315868dc95d8b9a,23137808,true,Denom_removal (ETH<0.05),0xECc2369D5F4a2926b3B7060422F325865D2204d5,UNISWAP-V2,0xC02aaA39b223FE8D0A0e5C4F27eAD9083C756Cc2,WETH,0.000000000000000001,0.00000002188129171,false,,,true,Denom_removal (ETH<0.05),0.00000000004570114110507419,,,23137808,1755156565.2430038
0xF6C0863C801DC86a148741F8aE6a02b9c0cF5428,RIZE,RIZE,18,5000000000,0x53B4eE0046FB83087D198062FC350b359b694F26,0x53B4eE0046FB83087D198062FC350b359b694F26,true,23122826,0xd25147091983253a9d6927b245acc1fec5bfedec4f00514da5f13baa4c7a806b,23122845,false,,0x19CFA8E3f3eF82360f1c07F87e6bA4FCb68f2440,UNISWAP-V3,0xC02aaA39b223FE8D0A0e5C4F27eAD9083C756Cc2,WETH,128632.85268169412,7499999989.974999,true,23122845,0xee5cb1b6d40004de1cf8d8172d55eb465627ade50185366140675cc7e810ff23,false,,0.000017151047047151116,,,23122845,1754976097.4124806
0x342c589545648eA656D3D3D04bCB535c9D5dd39a,ETH6900,ETH6900,9,100000000,0x3b5618D28B81CeA109dd2A520653F3358A1cA822,0x3b5618D28B81CeA109dd2A520653F3358A1cA822,true,23137788,0x91a4c2a6ffb16414ef46bb1f9051bf0dd08a5eea7a889d42ceadabe32aa772e6,23137856,false,,0x187695d238678Ce0a360c98bEaC7f91b365349ba,UNISWAP-V2,0xC02aaA39b223FE8D0A0e5C4F27eAD9083C756Cc2,WETH,27.84955966392565,7273433.665237149,false,,,false,,0.000003828942552543046,,,23137856,1755157153.0073936
0x66f3a3cbd78b95f3a9A55B59D94C4ce95AcD18eE,PAI,Pilot Ai,9,1000000000,0x152883d3F9eE25923D20857500d3BD51ECFeD873,0x152883d3F9eE25923D20857500d3BD51ECFeD873,true,23133332,0x7351720bcb0024a98fb964b3d4fdecf5e14d4b3a082bb38abdf9bf91ee1e42ca,23136023,false,,0x6933e8093696a159f47d2020263019a32BA11AF2,UNISWAP-V2,0xC02aaA39b223FE8D0A0e5C4F27eAD9083C756Cc2,WETH,8.979242165023058,223896873.64752445,false,,,false,,0.0000000401043659910985,,,23136023,1755135062.3750744
0xCB503c57E1B1d6AB572AD27E458a3C0D5459bB31,PUMPFI,PUMPFI,9,1000000000,0xEfc01BfB9bC5547Ad97768d934D0B84362002bD3,0xEfc01BfB9bC5547Ad97768d934D0B84362002bD3,true,23129328,0x60d2f102a7eae28bf1fefb047ef24f395c3f97ae15e4d0ac3cf7e114a83b860c,23135625,true,Denom_removal (ETH<0.05),0xF50feD81b1aBd20Db11682C85579BB58596bC618,UNISWAP-V2,0xC02aaA39b223FE8D0A0e5C4F27eAD9083C756Cc2,WETH,0.000101662298641982,9736229.811283218,false,,,true,Denom_removal (ETH<0.05),0.00000000001044164944875958,,,23135625,1755130260.7736738
0x636E53F7fFd513C19091818Ee0873989e0B49306,$ETH,VitalikTrumpXiMuskPepeShrekMarioPacRoseETH9999Inu,9,1000000000000,0x49aAdA6413193030Be7708C3Bb660Af12B9295A8,0x49aAdA6413193030Be7708C3Bb660Af12B9295A8,true,23111034,0x62e2abe00845c2ed4ff33fc424c466186a1ddb7de182f314a13a25681084e87a,23111034,false,,0x62d297daAEbF34F42eae2cD0E49Ac2A546109cB0,UNISWAP-V2,0xC02aaA39b223FE8D0A0e5C4F27eAD9083C756Cc2,WETH,0,0,false,,,false,,,,,23111034,1754833513.713932
0xfd7498038759708ee9dFa7F34FEF04b1c3D74928,$ETH,VitalikTrumpXiMuskPepeShrekMarioPacRoseETH9999Inu,9,1000000000000,0x49aAdA6413193030Be7708C3Bb660Af12B9295A8,0x49aAdA6413193030Be7708C3Bb660Af12B9295A8,true,23111705,0x4a5bc1474af3945a335718ddd4efbb4ba3f43aa1127e6d78c82f45fef9afb8f8,23111705,false,,0x1EE17D8A5fb70C253f38AE018d61FA6f5De5AeD9,UNISWAP-V2,0xC02aaA39b223FE8D0A0e5C4F27eAD9083C756Cc2,WETH,0,0,false,,,false,,,,,23111705,1754841614.5335915
0xa945AF47De61F33aCB3BE76BC1b8e6aD55eafd5e,BELAL,Belal,9,1000000000,0x828E92F03C32Db1767d69d7192AfEbc68Ba6F1Ed,0x828E92F03C32Db1767d69d7192AfEbc68Ba6F1Ed,true,23114022,0xb6264dc4d663c1aa7a0704d94c468b3d5687096b7fb8e8c6a2e77176ba90da30,23114022,false,,0xa4E68A8a74440573422FBfa19449b21bca8a00A3,UNISWAP-V2,0xC02aaA39b223FE8D0A0e5C4F27eAD9083C756Cc2,WETH,0,0,false,,,false,,,,,23114022,1754869514.5207608
0xC976Fa350F1A1ca70044C71c722527DBaBDc7C2A,GigaWaffle,Gigantic Waffles,9,1000000000,0x90217dDA8f9d71BCA5C8C3A019e3Eef5867f9249,0x90217dDA8f9d71BCA5C8C3A019e3Eef5867f9249,true,23134664,0x6d0b4615ee524aba236254f167992b2a8fd501abcf670315869b7366a817f016,23135050,true,Denom_removal (ETH<0.05),0x0DC9c28C93846fDa571253C8480CB235705f39ae,UNISWAP-V2,0xC02aaA39b223FE8D0A0e5C4F27eAD9083C756Cc2,WETH,0.000000000001001401,0.000000002,false,,,true,Denom_removal (ETH<0.05),0.0005007004999999999,,,23135050,1755123360.9345298
0x3ff06cA59BEAfE48B50f9a3B6cE32CA502608003,PRFN,PrismFinance,18,830000000,0x2a0C69C473DE3dcd2d1Ca79D51354e0ffFfe5D8a,0x2a0C69C473DE3dcd2d1Ca79D51354e0ffFfe5D8a,false,23131922,0x8583a5d19088b08ecd6e44a32524c5a7df168ca1ef35e03ea02def7fdc37e490,23135227,true,Denom_removal (ETH<0.05),0xa5367426e14E81241439CdaC1016CD5D6eAD03f3,UNISWAP-V2,0xC02aaA39b223FE8D0A0e5C4F27eAD9083C756Cc2,WETH,0.000000000000000101,0.000000000000195325,false,,,true,Denom_removal (ETH<0.05),0.000517086906437988,,,23135227,1755125485.3432667
0xBB420c48cc956752ADe3007524d15eb2a6fcDe64,BABYGIRL,BABYGIRL BY MATT FURIE,9,1000000000,0xF7bFE57C09105638341Bed82AF00De2F403A5246,0xF7bFE57C09105638341Bed82AF00De2F403A5246,true,23128737,0xfc96742989cca32633a6f9e634a6e87ea70dda153c4510e03ae6664fc6a4b61f,23137820,false,,0x686b18fA0443B858794e5261A49cd99E354E34b5,UNISWAP-V2,0xC02aaA39b223FE8D0A0e5C4F27eAD9083C756Cc2,WETH,5.5251664732212555,157134983.57628602,false,,,false,,0.000000035161912054669186,,,23137820,1755156721.4741502
0x4Ca3f84Db82586F8081Aae4d97E01aEfdD50bdcC,HACHIKO,Hachiko Inu,9,420690000180360,0x42cc1B2eA24163b41F13D196c0D1ABA4f72F8A23,0x42cc1B2eA24163b41F13D196c0D1ABA4f72F8A23,true,23134368,0x492ea8a04c188f881570209ddf0ac1a7e5d2f829788bc8fd5309317c4a2be75c,23137053,false,,0x22C9ab67f43aA50bEbe5268cFf320958667c4e6E,UNISWAP-V2,0xC02aaA39b223FE8D0A0e5C4F27eAD9083C756Cc2,WETH,0.5839723957717079,254269631932150.97,false,,,false,,0.000000000000002296665910648482,,,23137053,1755147433.4096892
0x826227690D1426B2951434B9D10359Da3D3E16c0,LIZARD,Lizard,18,1000000000,0x686a9E5491BE448A43CcdB308969906186f7C893,0x686a9E5491BE448A43CcdB308969906186f7C893,true,23119669,0x021a5bbeac75336d465dcba90384f02a3d37fd4d7b6403056cf9c9544ad19fac,23137857,false,,0xcc7009ee60889dD7D63dF3A54412751CF6947F66,UNISWAP-V2,0xC02aaA39b223FE8D0A0e5C4F27eAD9083C756Cc2,WETH,111.30069877563662,9883654.882894844,false,,,false,,0.00001126108712762313,,,23137857,1755157164.952463
0xc62bE2E13F8B5aA9D48c5ebdab9A7B7d1CE1e722,MAXI,Ethereum Maxi,9,1000000000,0x4A9862C63C6987CFFdfc58FDD8261f3a7AA9ae79,0x4A9862C63C6987CFFdfc58FDD8261f3a7AA9ae79,true,23136438,0x9737192ffcc611dd32887c4f77b8d8d77af98164dfd24d6657f7f5481f365912,23137858,false,,0x2Db5702318Ca95Abdf1DD02059791a817EBC3Bb9,UNISWAP-V2,0xC02aaA39b223FE8D0A0e5C4F27eAD9083C756Cc2,WETH,36.55555192096607,57738665.62855411,false,,,false,,0.0000006331208302619287,,,23137858,1755157177.5905252
0x766d629C79B239521dEb3bf71C7981C2Af5013C0,ETH,VitalikTrumpXiMuskPepeShrekMarioPacRoseETH9999Inu,9,1000000000,0xb07A689D1859a2E88CA8869C8b14bBaD9Cc455eF,0xb07A689D1859a2E88CA8869C8b14bBaD9Cc455eF,true,23111851,0x87cda067358025729f2858716ad752f3037ab2cc33dd104b1ce50f4e31f0ed24,23112006,false,,0x09494C16BCD087107bb67b3DA41D90F422814c25,UNISWAP-V2,0xC02aaA39b223FE8D0A0e5C4F27eAD9083C756Cc2,WETH,1.0277145115845443,729834134.0886236,false,,,false,,0.0000000014081480484163668,,,23112006,1754845248.587126
0xDdD4233634C33CA385cff58a0bDE3A2F210e21A6,DOGS,OMFDOGS,18,1000000000,0x1bf3A8c3178Fa998649bB8353F6A1F29AcE1d780,0x1bf3A8c3178Fa998649bB8353F6A1F29AcE1d780,false,23126216,0x1fc6a8defb5be78b4ad9b9f458300832217688cbf17c687a40c85014fc8b8b52,23135270,true,Denom_removal (ETH<0.05),0x09FF9a2CD269D8D21EDae894cEB28722F0a3F0FC,UNISWAP-V2,0xC02aaA39b223FE8D0A0e5C4F27eAD9083C756Cc2,WETH,0.000000000000000001,0.000000000015846278,false,,,true,Denom_removal (ETH<0.05),0.0000000631063016816946,,,23135270,1755126000.9762712
0xdb7a5c2d6eb2229B50e9450298428034B7E210dd,AFire,AI Fire,18,1000000000,0xA7fE38d19642765E29E13Fdc4620b262db36C91a,0xA7fE38d19642765E29E13Fdc4620b262db36C91a,true,23130447,0xdfca54ea3e219bfa24e2741fe478f1f0b7143db2eb2ef7159c01c43d278675c9,23137759,false,,0x23b38094b4dA3F19658A18e11fe8c6bCA24A3516,UNISWAP-V2,0xC02aaA39b223FE8D0A0e5C4F27eAD9083C756Cc2,WETH,3.3505428180266046,33000411.13476447,false,,,false,,0.00000010153033561745406,,,23137759,1755155977.848822
0x1a036bDba948f0E6d5C67456EcC0c9C2F909B407,ORANGE,The Orange Era,9,1000000000,0xB55E60ce4A216a69DDA647D2172D00666283Ac7d,0xB55E60ce4A216a69DDA647D2172D00666283Ac7d,true,23129073,0x9bb1382b4549a914d45a3aac7ad21c1f280f551aaeb181d3f5d7976968b1f2d2,23136228,true,Denom_removal (ETH<0.05),0xC21A844DED1eF09dA4128045e3e2C42f8a37bE8B,UNISWAP-V2,0xC02aaA39b223FE8D0A0e5C4F27eAD9083C756Cc2,WETH,0.000002350216250393,923816385.6318748,false,,,true,Denom_removal (ETH<0.05),0.0000000000000025440296220611974,,,23136228,1755137533.3088503
0x0F6F1818019D656EA5651E913ADF8A26E178c09f,EAGLE,Bald Eagle,18,1000000000,0x74141363dAED8199523fE3AF65890b0b6941d9FD,0x74141363dAED8199523fE3AF65890b0b6941d9FD,false,23111969,0xfbe0b6f880b8aa9990515381c063744f7ed97133a87130d6b5fac5e4c0a01106,23137770,false,,0xEc167EB7f81B9c05B0F9CE0BBe69B5f4D5bb3d6E,UNISWAP-V3,0xC02aaA39b223FE8D0A0e5C4F27eAD9083C756Cc2,WETH,13214608.980067192,351087555603093.4,true,23112013,0x13b133622a9f97926cf9c05934039f393469904dfd32176c5425eb5e1009177d,false,,0.00000003763906971116455,,,23137770,1755156109.1422095
0x0F6F1818019D656EA5651E913ADF8A26E178c09f,EAGLE,Bald Eagle,18,1000000000,0x74141363dAED8199523fE3AF65890b0b6941d9FD,0x74141363dAED8199523fE3AF65890b0b6941d9FD,false,23111969,0xfbe0b6f880b8aa9990515381c063744f7ed97133a87130d6b5fac5e4c0a01106,23137770,false,,0xa90eD9f7b79Ad1D7A5d27BB3CB8DcE539761B549,UNISWAP-V3,0x8d0D000Ee44948FC98c9B98A4FA4921476f08B0d,Unknown,160247972.53270555,889483431584.4631,true,23112013,0xab3f32d46a2c09bcf23c7bf3c3e9c874d8e699ff48c32f34d329bdee9e60c4b7,false,,0.00018015846821030842,,,23137770,1755156109.1422148
0x7De083c11D03CaAB4d91cbe9634CAE7855ecE5DB,🦎ETHZILLA,🦎ETHZILLA,18,500000000,0xB84008b4b2E3727AD803E3AA2d88a2dE5EcE5dd4,0xB84008b4b2E3727AD803E3AA2d88a2dE5EcE5dd4,false,23135312,0x0788c31608c31a52820ed94e1dbeee4b29a5fd24764b97269a171291cc9bfca3,23135366,true,Denom_removal (ETH<0.05),0x2e9b7c0435a28a7fC746E59E202c4c9C5E48Cb1d,UNISWAP-V2,0xC02aaA39b223FE8D0A0e5C4F27eAD9083C756Cc2,WETH,0.000000000000000001,0.000000000010413529,false,,,true,Denom_removal (ETH<0.05),0.000000096028925448808,,,23135366,1755127154.1995902
0x13CB4Dcc1362e6c6e416A12466A5f9184E29ee13,EORA,ETHORA,9,10000000,0x78c503BEF6f5C73744f6d0E7c137df948dD97521,0x78c503BEF6f5C73744f6d0E7c137df948dD97521,true,23116928,0x71eaaf19eee0619eb1f139dc9675ef6c97aa81db6cf1a11861f51aa24c86d4c3,23137795,false,,0x6CCF8B051C2Cd6c93633c3f47d962f7869327cF0,UNISWAP-V2,0xC02aaA39b223FE8D0A0e5C4F27eAD9083C756Cc2,WETH,1.4376293559163915,4438332.044435802,false,,,false,,0.0000003239120781237408,,,23137795,1755156409.0246713
0xaFcf233774d6B476F8a1Ef07250F5e765BE6D7b8,🍋LEMON.AI,🍋Lemon.Ai,18,23000000000,0xB84008b4b2E3727AD803E3AA2d88a2dE5EcE5dd4,0xB84008b4b2E3727AD803E3AA2d88a2dE5EcE5dd4,false,23131839,0x5c22dbce5aeb415bad9d951cc905e88e0c97873e6d17a1d90c808c1f14511566,23135306,true,Denom_removal (ETH<0.05),0x2BeAbC16B2a4BB5fD8203f879Dc472AfCfdea6e1,UNISWAP-V2,0xC02aaA39b223FE8D0A0e5C4F27eAD9083C756Cc2,WETH,0.000000000000000001,0.000000000065639216,false,,,true,Denom_removal (ETH<0.05),0.000000015234795004254773,,,23135306,1755126433.33178
0x6a2e7fBc1CAfF22C77222FB46150f4Be00FD0C95,EEID,Encrypted Ethereum ID,9,1000000000,0xeab0d55267C83D773a98aCB497B2E5EB0288B61B,0xeab0d55267C83D773a98aCB497B2E5EB0288B61B,true,23132210,0x822ea0a159422a4daca4e1745623793bb271e253d0e043bd05868dfed51c0463,23135195,true,Denom_removal (ETH<0.05),0xfF14B1E85b9cc3aCAa98cE69e881a3Dff7Aa7b37,UNISWAP-V2,0xC02aaA39b223FE8D0A0e5C4F27eAD9083C756Cc2,WETH,0.000000001000146179,37608.615900211,false,,,true,Denom_removal (ETH<0.05),0.00000000000002659353860970961,,,23135195,1755125101.237115
0xb9d9D3cf8F55e05784Cb3AB60944BAc09b630a4e,CRYPTO,SatoshiVitalikTrumpElonSaylorRoseEagleSPX42069Inu,9,420690000,0xf8E06cF335798C440549f89aB0C4A3c2F93F6A9C,0xf8E06cF335798C440549f89aB0C4A3c2F93F6A9C,true,23124831,0x3e89a254611c830224568992e732858e4febde9cbb4b0117d0d4a8fd3b08789b,23134353,true,Denom_removal (ETH<0.05),0x26ACE4d670A13C54A5717DC6d461E1f918821960,UNISWAP-V2,0xC02aaA39b223FE8D0A0e5C4F27eAD9083C756Cc2,WETH,0.0000417436186626,16308216.112219444,false,,,true,Denom_removal (ETH<0.05),0.00000000000255966798424521,,,23134353,1755114889.6468697
0xA681664cDF1bf47F23F26983dE399B14fc792d96,QE ,QuantumCoin,18,100000000000,0x146CC769F885F4dadb7e74E7d8771526a838d557,0x146CC769F885F4dadb7e74E7d8771526a838d557,true,23120017,0x7238e61436390e705465ac8cfc174b850acf32f8764379bd431758ec247341b3,23120056,false,,0x8D18F00c065374198f98c3ddb0623DAD44A8f56e,UNISWAP-V3,0xC02aaA39b223FE8D0A0e5C4F27eAD9083C756Cc2,WETH,1543.525950941031,139999963828.27255,true,23120036,0x95db14c7341e3b77a6a43d9607489a864e6badc56c8466af29502ee22ca25f61,false,,0.000000011025188212436672,,,23120056,1754942437.2184548
0x3457d367C8D0c8163B4C6b2413f3abA4f3bfa576,$ETH,VitalikTrumpXiMuskPepeShrekMarioPacRoseETH9999Inu,9,1000000000000,0x49aAdA6413193030Be7708C3Bb660Af12B9295A8,0x49aAdA6413193030Be7708C3Bb660Af12B9295A8,true,23111631,0xe9cfa7a0101e3031389be72eb2c8ceb572415e062ccdc59c9f437f769f2f0da9,23111631,false,,0x4828Ba142A52763912399c3Aa3d9440234E4a24C,UNISWAP-V2,0xC02aaA39b223FE8D0A0e5C4F27eAD9083C756Cc2,WETH,0,0,false,,,false,,,,,23111631,1754840725.3196735
0xbf218b59Ab439029025FD9c435E005498702564c, STG,Stargate Finance STG,18,1000000000,0x0aFde55dDa8166a7BF22F5cC0b6901c5b04f30D2,0x0aFde55dDa8166a7BF22F5cC0b6901c5b04f30D2,true,23117227,0x8d911b94bfcc206d8e77ff9ed39be66610358b646058383ae1177006f7636d0c,23117859,false,,0x014EfFd51991C2f9c7161e4a661B19e4Ad63CF48,UNISWAP-V3,0xC02aaA39b223FE8D0A0e5C4F27eAD9083C756Cc2,WETH,15082.743074617369,1499999670.2666638,true,23117629,0x6a71a3c9cc7a1d34c81bde49a214dedd658bbe9668f9dda3eb35d000d2a89bbd,false,,0.000010055164260093484,,,23117859,1754915916.984285
0xA5d3FA0EE6BDf6e3737E20cc0C9DBe5289676C43,WSPORTS,WATERSPORTS,9,420690000000,0xa1f4154b48c3dA0513e839aEf6c1a23F1A5b9878,0xa1f4154b48c3dA0513e839aEf6c1a23F1A5b9878,true,23135932,0x890b9dd4af4ca3a44bb5b325961dcf2f3e878103597c8ad4cd3ad2d9c4f7d41d,23136099,false,,0xf1fec4756DC50EABa05219fE3EcF2F2284336954,UNISWAP-V2,0xC02aaA39b223FE8D0A0e5C4F27eAD9083C756Cc2,WETH,4.603675095530676,86025738251.89351,false,,,false,,0.000000000053515089658987544,,,23136099,1755135973.8626564
0x950f1f02Cb1A139664e9d9f740A41f776982b175,OKB,OKB,18,300000000,0xA77A95d92169bD7A3bB040B843962aD8069886bb,0xA77A95d92169bD7A3bB040B843962aD8069886bb,true,23130799,0x0f227bfbb907542c9c0d1ad7f06e666cc1de58848092c7a9bf5e3513ba7e75af,23130888,false,,0xFa68396065dD712f1fB89c3E2748a7D161e7A526,UNISWAP-V3,0xC02aaA39b223FE8D0A0e5C4F27eAD9083C756Cc2,WETH,10050764.838475104,399999999.9554694,true,23130853,0xf69ed13b39b4e857c26e12a31c17f5b5b3866e0cd89e9f61d996ae94b90ce58e,false,,0.02512691209898505,,,23130888,1755073141.436427
0xe31eBBc49984209AefdE7Cdc5B11F5EA4c4EdCaE,PUFY,PUFY,18,555236800000,0x51BD345AfFd991D0b4361203AF51415AB85CeeDb,0x51BD345AfFd991D0b4361203AF51415AB85CeeDb,true,23126382,0x753a586ab6236e12ba439ffb7e01d4c7a35b6e9a0aa08c51f6d3fa213f0aeba9,23126382,false,,0x912421797461A292a5cd167A99fe1362844f8dD7,UNISWAP-V2,0xC02aaA39b223FE8D0A0e5C4F27eAD9083C756Cc2,WETH,0,0,false,,,false,,,,,23126382,1755018805.4036582
0x1a5d5489517C6c9fe87D1eA25E56E0772D8152D9,THOTH,Thoth,18,1000000000,0x406a641970AeC23E6A51C88f467628b529267d03,0x406a641970AeC23E6A51C88f467628b529267d03,true,23134845,0xa177e9cbc7380b641b1b6106bdf6835a5fcd2897ac9c0d9477e7e0a8bb7a431a,23137799,false,,0x166947C35505b83F49386eF3b85B1C0679649d1D,UNISWAP-V2,0xC02aaA39b223FE8D0A0e5C4F27eAD9083C756Cc2,WETH,1.5565888201354363,519952377.1440914,false,,,false,,0.000000002993714210299817,,,23137799,1755156457.2492936
0x74dB3eC4f28bCAAdF38E8076eDA175E471C421b1,ETHXP,Ethereum XP,18,10000000,0x5D3852aF0A52F631728995D665ED8f6E3dcFF21C,0x5D3852aF0A52F631728995D665ED8f6E3dcFF21C,true,23121369,0x5aeaf896db7a6a9a36e56d4daffbfee1297b52a6106a601f7cb204e9bfb2eaaf,23137826,false,,0x2Bd8c2E1104feD247757584f05dd7E975F85046e,UNISWAP-V2,0xC02aaA39b223FE8D0A0e5C4F27eAD9083C756Cc2,WETH,11.844939220707968,1062758.7044101593,false,,,false,,0.000011145464319938942,,,23137826,1755156794.4955158
0x74dB3eC4f28bCAAdF38E8076eDA175E471C421b1,ETHXP,Ethereum XP,18,10000000,0x5D3852aF0A52F631728995D665ED8f6E3dcFF21C,0x5D3852aF0A52F631728995D665ED8f6E3dcFF21C,true,23121369,0x5aeaf896db7a6a9a36e56d4daffbfee1297b52a6106a601f7cb204e9bfb2eaaf,23137826,false,,0x189E0d6EedBF3056751C64a89fcD7b9cDD77305c,UNISWAP-V3,0xC02aaA39b223FE8D0A0e5C4F27eAD9083C756Cc2,WETH,503.7975124404824,10851868.24306356,true,23129309,0x560265c41e026fc01c613e954867465c22ea893e04aba485c3f5404ab1a618b8,false,,0.00004642495662094924,,,23137826,1755156794.4955244
0x1FF8E4F43FDB3768b0CD34158e854c9E80e98A3C,🏆VSG,Virtual Sensor Grid,18,744000000000000,0xbB02a8a1F98f0F6aD79636F2Fa0ed2fD3D3aEF8e,0xbB02a8a1F98f0F6aD79636F2Fa0ed2fD3D3aEF8e,false,23131185,0xb30e9524c5f6bc7919b8c26e5a5dd1a22d8601472db20e7faa1c77db1feb1092,23135374,true,Denom_removal (ETH<0.05),0x7E5f3D56d62648C1A5A1cadbab2B2E5E237dbC6b,UNISWAP-V2,0xC02aaA39b223FE8D0A0e5C4F27eAD9083C756Cc2,WETH,0.000000000000000011,0.000000001936097663,false,,,true,Denom_removal (ETH<0.05),0.000000005681531572614682,,,23135374,1755127248.8318555
0x101efaF6062A12dc3d4E5A289c6d22477ba22A9f,🎲OCC,Open Camera Club,18,588000000000000,0x782Ef440Cc745F8B36c4FA0e89a8b431015Db2cd,0x782Ef440Cc745F8B36c4FA0e89a8b431015Db2cd,false,23136497,0x2c9d6a4820d3f31f89616bfbd51091903f209f8201c581e24b2e9d835a25baa7,23136843,true,Denom_removal (ETH<0.05),0x4446b906c2820f9Ff73102FB3d241e5Fb36dBAEB,UNISWAP-V2,0xC02aaA39b223FE8D0A0e5C4F27eAD9083C756Cc2,WETH,0.000000000000000001,0.000000019156605445,false,,,true,Denom_removal (ETH<0.05),0.00000000005220131525238501,,,23136843,1755144912.9014518
0x47f85056348b7d8736294EEE3d2c624Cd3153f6F,TRUMFART,Trumfart,18,10000000,0x33ea7345Adc8E267fdF322d44259795d30CDBF02,0x33ea7345Adc8E267fdF322d44259795d30CDBF02,true,23135794,0x2129f59daa6ed9271ab0fdf066893838b1a97f6cf4a3845967ef0c2732535e6c,23135871,false,,0xF4843D18b8E24D88794265F04Bb7172033074758,UNISWAP-V3,0xC02aaA39b223FE8D0A0e5C4F27eAD9083C756Cc2,WETH,0,0,false,,,false,,,,,23135871,1755133225.2590322
0xA274332C8a5FD2f84aaF1D3Cff778FCa76010b35,WCT,WalletConnect Token,18,1000000000,0xA77A95d92169bD7A3bB040B843962aD8069886bb,0xA77A95d92169bD7A3bB040B843962aD8069886bb,true,23127192,0xabc17d5f92863140f95d540ca7a0305b547f876b00e409b36343bf17eae0adfa,23127212,false,,0x048F1127cbF77E9ED8cEb54a3b8cb00BA6A6DBc1,UNISWAP-V3,0xC02aaA39b223FE8D0A0e5C4F27eAD9083C756Cc2,WETH,156511.6595327168,1999999995.99,true,23127212,0xe0f887da2485b9bb17f9ff97d47f73225bfcd72495e3d6effd2f2b87acfdac94,false,,0.00007825582992326133,,,23127212,1755028829.29746
0x89E37fEce8058FbFbCCD632EeAe7E0ffd142F893,₿elieve,₿elieve,9,1000000000,0xf99387F7A9a6C71cAc97282b5E8758E49B32941a,0xf99387F7A9a6C71cAc97282b5E8758E49B32941a,true,23136168,0xbaf77bfb2a44896a62479e59f754a34f5598ac28c10ce3d31da7a3e7ae10458c,23136470,false,,0xa73bA312af3CD4Ce5B95c5074b908378E749FdD6,UNISWAP-V2,0xC02aaA39b223FE8D0A0e5C4F27eAD9083C756Cc2,WETH,7.751734089398737,190666060.2755202,false,,,false,,0.00000004065607732281858,,,23136470,1755140436.9533746
0x4950C46D503441dA68d1C76a917CfA241AAF4d38,INVAAI,Innovia AI,18,100000000,0x57A434957C3cc162c4e5a224A84343Ed392C6063,0x74F31CE58F222F78d0bb35B45b2dA926cc1F5599,true,23112507,0x9b1fd48a6f6fbc6411eb6428c0667d2420f256a937a99f8f1bb62aed9841f3ed,23135884,false,,0xfa96F75DB5Cd9513138e5b7b241161dBCD4EF593,UNISWAP-V2,0xC02aaA39b223FE8D0A0e5C4F27eAD9083C756Cc2,WETH,5.620031560843583,8921052.285645101,false,,,false,,0.000000629974063697261,,,23135884,1755133393.000574
0xFFC0dBE324f2FD00e04Fb3BE50C96C49784E8C05,GLXR,GalaxyRun,18,727000,0x3dC90389B0d388A36373CC1084E6D5ff4B0C8b50,0x3dC90389B0d388A36373CC1084E6D5ff4B0C8b50,false,23136868,0x83b0d22e3f667269a20378f29d7358b2cd43d2bb7f41f6d23b5b73a19bc26905,23137512,true,Denom_removal (ETH<0.05),0xE139012A7Adc99353BcDCDa5C5961354562bf3C2,UNISWAP-V2,0xC02aaA39b223FE8D0A0e5C4F27eAD9083C756Cc2,WETH,0.000000000000000002,0.000000000000664441,false,,,true,Denom_removal (ETH<0.05),0.0000030100490487492494,,,23137512,1755152989.021325
0x8bf0641f3Be49BB23Cd0b7043b29941B4B6a6CdE,ROCKS,Rockstar,18,1000000000,0xcc646f28Fb3A37165B71c8FDC3052be26f0a3AE8,0xcc646f28Fb3A37165B71c8FDC3052be26f0a3AE8,false,23114200,0x8050754ed6a1b468de655ea0d33fc994a2a06aa9d9510c35faf8955249258871,23114459,false,,0xB8f4AC88388783328E1f4a45C93cD46379e2f884,UNISWAP-V3,0xC02aaA39b223FE8D0A0e5C4F27eAD9083C756Cc2,WETH,0,0,false,,,false,,,,,23114459,1754874842.9073029
0xD877A8951a82b5B32ce797C9c2eD57c0f60E4754,MXY,MXY6900,9,1000000000,0x3aB4b6363e51691f8Af284063dB3ef4dD348bCe7,0x3aB4b6363e51691f8Af284063dB3ef4dD348bCe7,true,23118219,0x1db2e1946a00c350a116a0363eb92c18297a5776279dd243420c9b81a8fb98e7,23130275,false,,0x3F95b6a94598915eB82C16C823Db519eCAbA02E7,UNISWAP-V2,0xC02aaA39b223FE8D0A0e5C4F27eAD9083C756Cc2,WETH,0.5006060081342704,930221768.1206084,false,,,false,,0.000000000538157700981003,,,23130275,1755065773.147042
0xF38489673726ce8D0f01eA454e15A2399AffFe60,VITALIK6900,Vitalik6900,9,1000000000,0x11568DCdE4A58e3993F61Cc8272A6584F5D7467D,0x11568DCdE4A58e3993F61Cc8272A6584F5D7467D,true,23130147,0x6147cc52e330dd92aebcb2c352eacf16b73ceeb96ac5020d37d9fa1b796c228a,23135661,false,,0x16cA41ec437531dB5784604cD1D2DC7b101fd1fa,UNISWAP-V2,0xC02aaA39b223FE8D0A0e5C4F27eAD9083C756Cc2,WETH,15.716461885829109,126292013.74286751,false,,,false,,0.00000012444541360966868,,,23135661,1755130694.5317714
0x6a22B597F406315974FE8edB8F94b650BFB7fBAd,$ETH,VitalikTrumpXiMuskPepeShrekMarioPacRoseETH9999Inu,9,1000000000000,0x49aAdA6413193030Be7708C3Bb660Af12B9295A8,0x49aAdA6413193030Be7708C3Bb660Af12B9295A8,true,23111333,0x1928b8ac4fb32923b38027d8b545f115247dbdec5c4b81a83483507929518978,23111333,false,,0x76822664dBf2d063A7A2F275BD7E26107caB9427,UNISWAP-V2,0xC02aaA39b223FE8D0A0e5C4F27eAD9083C756Cc2,WETH,0,0,false,,,false,,,,,23111333,1754837126.3652208
0x7677Ea515D72C7dbB82f2f65106801661bBD4D8C,BGBG,beware of geeks bearing grifts,18,100000000,0xB58Df67d447c46FFfaF53ee140E37384Ec12BF91,0xB58Df67d447c46FFfaF53ee140E37384Ec12BF91,true,23132729,0xd053d2efdf293883982ad2581f1fea8c25a27d86cd9300107fe332379cc007c4,23135138,true,Denom_removal (ETH<0.05),0xd5E99F26DfCc02c81F71C99634898230C5F3b4B6,UNISWAP-V2,0xC02aaA39b223FE8D0A0e5C4F27eAD9083C756Cc2,WETH,0.000000000000010001,0.000000000000000699,false,,,true,Denom_removal (ETH<0.05),14.307582260371959,,,23135138,1755124418.1968637
0x19164279309FC8B8504fd2025E022aA241C6A5cD,PPRT,Pepper Parrot,18,110000000,0x38567B2A6C384dF60F979aD85De8A53acC5F93E2,0x38567B2A6C384dF60F979aD85De8A53acC5F93E2,false,23136363,0xf4b30a7ae86ac94d4eed29c2d72c56837ff6171431edb996b82d15b972208c23,23136461,true,Denom_removal (ETH<0.05),0x079453c64bef9F8D3529eC8e18067778402b36fD,UNISWAP-V2,0xC02aaA39b223FE8D0A0e5C4F27eAD9083C756Cc2,WETH,0.000000000000000001,0.000000000006506634,false,,,true,Denom_removal (ETH<0.05),0.0000001536892961860157,,,23136461,1755140329.0754106
0x5b7eD8e2acC1B0deE82203745C46f7F21743E203,Tokabu,The Spirit of Gambling,9,420690000000,0x0E9903923940C55CB09b5e659ee56979c4dD68Bf,0x0E9903923940C55CB09b5e659ee56979c4dD68Bf,true,23121906,0xba440a5337d1642a2554e02f14c0f69246f3a276d425880e61b39dd0a663bdf9,23122231,false,,0xf0668e4f9247f9489E2D2E6aD0E84461Da52102B,UNISWAP-V2,0xC02aaA39b223FE8D0A0e5C4F27eAD9083C756Cc2,WETH,0.8411880173065548,302467172671.74426,false,,,false,,0.000000000002781088638070033,,,23122231,1754968729.2623355
0x52da34e6b5a4b0b0B0Dd22dB3A689f16a37A7fc2,OCTA,Octafy AI,18,100000000,0x113D1Fde55B0683879991E7B7495BC0bf7A109DD,0x113D1Fde55B0683879991E7B7495BC0bf7A109DD,true,23135944,0x4f92249ac983d2457d7af441bbe25e0a9029839328fde9565418681a8f7c3070,23135944,false,,0xa665bd0490AbfdF10C2cA7d9A409fF8b0bf93672,UNISWAP-V2,0xC02aaA39b223FE8D0A0e5C4F27eAD9083C756Cc2,WETH,0,0,false,,,false,,,,,23135944,1755134113.4390025
0xA89BF252fBE31606e209916994BFF36f2D74b177,NAILONG,Nailong,18,235000000,0x8639FFC5Cf147194bB5275AB9F58D4737183cC31,0x8639FFC5Cf147194bB5275AB9F58D4737183cC31,false,23135255,0xa8a5c495711956f33f887b6030840624769c75ec7718114d6408f8e164efe138,23136616,true,Denom_removal (ETH<0.05),0x1A219a79Fa50dE2797186F77258e3AcCE37a6C3D,UNISWAP-V2,0xC02aaA39b223FE8D0A0e5C4F27eAD9083C756Cc2,WETH,0.000000000000000001,0.000000000001536806,false,,,true,Denom_removal (ETH<0.05),0.0000006507002185051334,,,23136616,1755142189.5729144
0x44F7Bac47cecA30850015d16782ed3c57D4F8eCF,BAD,BADCOIN,18,500000000,0xa2C0C43f82AC6E9Ee89ddCfe6364d6E0D0863C37,0xa2C0C43f82AC6E9Ee89ddCfe6364d6E0D0863C37,false,23120906,0xec810533a03309552fc47bfc26cc2496a5792e6c813a9475538ca6f2e5c0b144,23120952,false,,0x17Bc0f1dd8045dfb09E5f1058143476e57E1C1bF,UNISWAP-V3,0xC02aaA39b223FE8D0A0e5C4F27eAD9083C756Cc2,WETH,0.0019276283161821168,829954550.7806427,true,23120937,0x25d741276b913c68307b273666394a9e34cc6d08c0dcfb2e24ca679700d7278a,false,,0.000000000002322570933997553,,,23120952,1754953323.2610695
0x44F7Bac47cecA30850015d16782ed3c57D4F8eCF,BAD,BADCOIN,18,500000000,0xa2C0C43f82AC6E9Ee89ddCfe6364d6E0D0863C37,0xa2C0C43f82AC6E9Ee89ddCfe6364d6E0D0863C37,false,23120906,0xec810533a03309552fc47bfc26cc2496a5792e6c813a9475538ca6f2e5c0b144,23120952,false,,0x3C9cada2DEb2d5b09b89e12cBD09464BFD65c339,UNISWAP-V2,0xC02aaA39b223FE8D0A0e5C4F27eAD9083C756Cc2,WETH,0,0,false,,,false,,,,,23120952,1754953323.261067
0x9ACb099A6460Dead936fe7E591D2c875ae4D84b8,Tokabu,Tokabu,2,420000000000000000,0x479cD8eBD599e249EA989bC3576574CB8112AA7b,0x479cD8eBD599e249EA989bC3576574CB8112AA7b,true,23123511,0xc7e9f12084a3e161a9800c1a3a68e94e352ac58244a6559b7f0fb17cb2202a30,23137858,false,,0x657CBf2b6154cf2Ab8a3bC2efA933D74Cc253078,UNISWAP-V2,0xC02aaA39b223FE8D0A0e5C4F27eAD9083C756Cc2,WETH,23.387590962246023,19057559684513164,false,,,false,,0.000000000000001227208065954614,,,23137858,1755157177.5905156
0xBa9aA02aE30E5e060C643f7F639e4DA912DaF7a9,FEDDER,FEDDER COIN,18,1000000000,0x347Fefd895881eb06F70c6879Ba779B36F092248,0x347Fefd895881eb06F70c6879Ba779B36F092248,false,23113438,0x968d66ad08e2d76fbb6a74ce24ca1acd06d6ee2bdfc945f9e72c38ba88e61fe4,23113822,false,,0x96B98676ce44ecfFAE59f3E6f86Fc0bD4622e6b3,UNISWAP-V3,0xC02aaA39b223FE8D0A0e5C4F27eAD9083C756Cc2,WETH,0,0,false,,,false,,,,,23113822,1754867113.0600588
0xDF9EDeE0A8c23de26bB71a298c2B0831Fc7bC65b,FARTROLL,Fartroll,18,10000000,0xF35052CCED4Ace608A812223Be53809a749Dc55d,0xF35052CCED4Ace608A812223Be53809a749Dc55d,true,23135948,0xb538b3b0af01fd85b552ecc6a6525ead2ce3ef73a25ee7de9b11e8111ee2ad1f,23136016,true,Denom_removal (ETH<0.05),0x5460C21b5770a6dA14eB141C1361Aa8E72587300,UNISWAP-V2,0xC02aaA39b223FE8D0A0e5C4F27eAD9083C756Cc2,WETH,0.000000000000000001,0.000000000007071068,false,,,true,Denom_removal (ETH<0.05),0.00000014142135247461912,,,23136016,1755134976.960451
0x7ccd7a16796593B4f1FCb69B44BB215413B4F565,JOBS,JOBSCOIN,18,1000000000,0xDADb560f606440534C29023Bc42E78e6AA9bCc05,0xDADb560f606440534C29023Bc42E78e6AA9bCc05,true,23136341,0x3ebd0d747c8bdce0d7bf2fcc7cf9231dc0f1105141b38a78cfdafdde3e48ba3a,23137599,true,Denom_removal (ETH<0.05),0x0ECDa0d5533b62ff7E173F0Ac02a9730f3AFe5D5,UNISWAP-V2,0xC02aaA39b223FE8D0A0e5C4F27eAD9083C756Cc2,WETH,1.5255139150380057,22187903.407291956,false,,,false,,0.00000006875430666137894,,,23137599,1755154032.7669156
0x53141F1135C6C3B63dce7cd3b33ee17BfD67D3e7,MAZE,Maze App,9,1000000000,0x142DCee20a5708a72494Fc6167E50aE372cE63Cf,0x142DCee20a5708a72494Fc6167E50aE372cE63Cf,true,23118697,0x04fb856e0e2825d94ce466e1fba70e24762b04639a6fd4fe31f1f4569d7fbc80,23137709,true,Denom_removal (ETH<0.05),0x717d6125bc4f586F80AC38403C0dAc4CEf665851,UNISWAP-V2,0xC02aaA39b223FE8D0A0e5C4F27eAD9083C756Cc2,WETH,0.000498424569952713,576.62870913,false,,,true,Denom_removal (ETH<0.05),0.0000008643769587967984,,,23137709,1755155377.5475447
0xd5b01E07D35eA0dbE3F3f1659F000Be80f4A1083, BIO,Bio Protocol BIO,18,1000000000,0x0aFde55dDa8166a7BF22F5cC0b6901c5b04f30D2,0x0aFde55dDa8166a7BF22F5cC0b6901c5b04f30D2,true,23109547,0x359971641c561664619d7e75947842721dd9e3be8b9ffe36b1076e452926ddbb,23111231,false,,0x87ab2352569e9f8a7487aC8a8Ff2E530be8665dF,UNISWAP-V3,0xC02aaA39b223FE8D0A0e5C4F27eAD9083C756Cc2,WETH,10055.161657776143,999999819.1596136,true,23109611,0x8a1a90ee798181b08f0fa18ba9daf53207bf85aeb483dd68db1fcd4412c362ad,false,,0.000010055163476155792,,,23111231,1754835889.44164
0xab189152a6f8b135dA9C201fb9195705D039963E,LDKY,Latex Ducky,18,2000000000000,0x39742115db4BB017F0563D75530119F04733AEe9,0x39742115db4BB017F0563D75530119F04733AEe9,true,23129522,0x9faaa496b754d338a116c35892b9954bae6adababe203d522d32bccdac8539ee,23137825,true,Denom_removal (ETH<0.05),0xED263AD8BAc9a7De45B1900f837794236A7add33,UNISWAP-V2,0xC02aaA39b223FE8D0A0e5C4F27eAD9083C756Cc2,WETH,0.000000000000000101,0.000000000064329406,false,,,true,Denom_removal (ETH<0.05),0.000001570044032428964,,,23137825,1755156780.8727834
0x917A6A4d1C255d2268415FE650B8F99bB445f224,GIJINKA6900,Microsoft Mascot,9,1000000000,0xe1E45D3a46063996911B5443e9BB8C42346aCFEe,0xe1E45D3a46063996911B5443e9BB8C42346aCFEe,true,23116591,0x9f0cbe6319955b7205392117b015870f8b05421ad684fccdd09aa8c8b6f7dede,23132654,false,,0xbA8ABb759C056532958BFdEF02D8c3C466eDFCC3,UNISWAP-V2,0xC02aaA39b223FE8D0A0e5C4F27eAD9083C756Cc2,WETH,0.7156546438493434,875547193.6891787,false,,,false,,0.0000000008173798614257251,,,23132654,1755094455.33549
0x742118BFC14A09677833Bce5345d445Ee04887eD,💡BHT,Black Hole Treasury,18,276000000000000,0x5Afa91A31f995C31d2C508F0C648eB2E6D9c9c39,0x5Afa91A31f995C31d2C508F0C648eB2E6D9c9c39,false,23134135,0x8ee5223870e40c34d78bb76617b38e3d97ca9711bf5d599a8f2cd4bc664f644b,23135067,true,Denom_removal (ETH<0.05),0x763d2F67062017B90c96ca05Fd408AD307Ed6F4f,UNISWAP-V2,0xC02aaA39b223FE8D0A0e5C4F27eAD9083C756Cc2,WETH,0.000000001000000001,0.000000000000000015,false,,,true,Denom_removal (ETH<0.05),66666666.733333334,,,23135067,1755123565.227654
0x74F987F9C274D1Ff0d2271cF95d033ef41490549,🪙ISG,IoT Sensor Grid,18,550000000000000,0xb52F11F4676FEd5B34c7c55F30d21a90257AfbBE,0xb52F11F4676FEd5B34c7c55F30d21a90257AfbBE,false,23131018,0x7819a439ca2637be9361e3c195556758c97416d7a492f9fc346d3093d6f3fd2b,23135431,true,Denom_removal (ETH<0.05),0x41Ba0E2013294516a7e24AB6E33c5b0020255AA2,UNISWAP-V2,0xC02aaA39b223FE8D0A0e5C4F27eAD9083C756Cc2,WETH,0.000000000000000011,0.000000001835702517,false,,,true,Denom_removal (ETH<0.05),0.0000000059922563150247074,,,23135431,1755127934.4785194
0xC67104D3d17EB8cD514F34f818810f42791e1657,BOMF,Book of Matt Furie,9,100000000,0x6fBD45126F36EefA3acbaa5220AfFa358A1f8355,0x6fBD45126F36EefA3acbaa5220AfFa358A1f8355,true,23134889,0x0dcbd453a0aa5d23615c2d531ea8022c45e6e34cdc04a024fb12e2d639a64e33,23137851,true,Denom_removal (ETH<0.05),0xf687C12c9803a70843956a8eD6c54112c5153268,UNISWAP-V2,0xC02aaA39b223FE8D0A0e5C4F27eAD9083C756Cc2,WETH,0.000000000000002868,8752960.33406095,false,,,true,Denom_removal (ETH<0.05),0.00000000000000000000032766057317083563,,,23137851,1755157093.317845
0x008D490E9F7aBa2347fb5aa94EBAD21ECF2a9e2A,NOHP,No Hope,18,980000000,0x7e066314d72459dEcfa6403b5f59957c9bA358B6,0x7e066314d72459dEcfa6403b5f59957c9bA358B6,false,23129561,0x9e5b3fcd08dfecf07b087fda2ba68ef63e9b37ba50baa56f784c8d7afc72172e,23135580,true,Denom_removal (ETH<0.05),0x0cd5c6963aAE795b2f78F92d64FEaf254cb4077C,UNISWAP-V2,0xC02aaA39b223FE8D0A0e5C4F27eAD9083C756Cc2,WETH,0.000000000000001001,0.000000000000014134,false,,,true,Denom_removal (ETH<0.05),0.07082213103155513,,,23135580,1755129722.0066073
0x510f72101c09E7Bc44f56dF5052B2eA6DFC7593A,BRAN,BROWNCOIN,18,500000000,0xa2C0C43f82AC6E9Ee89ddCfe6364d6E0D0863C37,0xa2C0C43f82AC6E9Ee89ddCfe6364d6E0D0863C37,false,23120696,0x01c8484d5a3a0b6623bbbd8178dea60cf630dcbee7c5af136707112b4cd27b27,23120722,false,,0xA4f591060EBb3c7C2b0C33BC54e1EE1ca96Cf43a,UNISWAP-V3,0xC02aaA39b223FE8D0A0e5C4F27eAD9083C756Cc2,WETH,0.0028647492902781884,139641960.3386618,true,23120722,0xeef197b3450fe06aaaa9015d7aff9990b9a32a284791073621ab9ec84b480533,false,,0.00000000002051496042686994,,,23120722,1754950537.4634545
0x510f72101c09E7Bc44f56dF5052B2eA6DFC7593A,BRAN,BROWNCOIN,18,500000000,0xa2C0C43f82AC6E9Ee89ddCfe6364d6E0D0863C37,0xa2C0C43f82AC6E9Ee89ddCfe6364d6E0D0863C37,false,23120696,0x01c8484d5a3a0b6623bbbd8178dea60cf630dcbee7c5af136707112b4cd27b27,23120722,false,,0x6715f3a9f73b39F4588d3aEadBcA41292312eEF1,UNISWAP-V2,0xC02aaA39b223FE8D0A0e5C4F27eAD9083C756Cc2,WETH,0,0,false,,,false,,,,,23120722,1754950537.4634488
0xe32ca6520ef5efe6BeB1ad4ecc0e36e03Eadc76a,LIZARD,Tom the Lizard,12,1000000000,0x252D3dFB2CB6e617ad5a1A0b1EeaC9dBe3F53533,0x252D3dFB2CB6e617ad5a1A0b1EeaC9dBe3F53533,false,23132642,0x1cd23799c7bfc318dbacea690d1128c72187f3814ad1cec1937ad764afe2ae2a,23137274,false,,0x0458Fde18Dc6dA73A4186a86CCE8d3a459F1BEc1,UNISWAP-V2,0xC02aaA39b223FE8D0A0e5C4F27eAD9083C756Cc2,WETH,1.070200917702471,943486116.865555,false,,,false,,0.0000000011343048917962748,,,23137274,1755150121.7200043
0x714Dc144508B661d97eBaf3Ff868815FF3d9b762,NOVA,Nova AI,9,1000000000,0x315B539F88B6470a34D3f0AE0b245c4CC38eeE37,0x315B539F88B6470a34D3f0AE0b245c4CC38eeE37,true,23119940,0x3194bdc36de8d027201656d344ef04b6e5134415acdf2ecbd923ab73ed05fd91,23133912,true,Denom_removal (ETH<0.05),0x5390504CfDEAB123Cfbb32966f5089A247d080fF,UNISWAP-V2,0xC02aaA39b223FE8D0A0e5C4F27eAD9083C756Cc2,WETH,0.000000000000003369,0.000000298,false,,,true,Denom_removal (ETH<0.05),0.00000001130536912751678,,,23133912,1755109585.1202514
0x567d9c6e1c3122fcCFBEd9C41C54b98442eD8E6c,SLPM,Sleep Mode,18,200000000,0x8C172a26518DCE45ED65E9164b5eDB24fB82a604,0x8C172a26518DCE45ED65E9164b5eDB24fB82a604,false,23131155,0x498e7b552ca70274d0e4a93ba081222783c2d02235a06d401753c0715576e708,23135399,true,Denom_removal (ETH<0.05),0x4a49736C4Bd8C904f8eaA575c6214448264eEf92,UNISWAP-V2,0xC02aaA39b223FE8D0A0e5C4F27eAD9083C756Cc2,WETH,0.000000000000000011,0.000000000000615531,false,,,true,Denom_removal (ETH<0.05),0.000017870748995582678,,,23135399,1755127549.7872455
0x9Ec10afE2fB53Fa959985C4b0C1D53D2E93b478B, LINK,Chainlink LINK,18,1000000000,0x0aFde55dDa8166a7BF22F5cC0b6901c5b04f30D2,0x0aFde55dDa8166a7BF22F5cC0b6901c5b04f30D2,true,23109319,0x8e69ec4f9af3a5200d4a6acac26f5f560aa4a820c177c9a33d9f5fcbb2826ba3,23111248,false,,0x7cDaE641ec0cFA1B82C01EC21845E757DEB7fA5e,UNISWAP-V3,0xC02aaA39b223FE8D0A0e5C4F27eAD9083C756Cc2,WETH,1008133.1518197376,999999999.9992056,true,23109403,0xf76fd38e94bb3f993c7614cece47cb678c36f8d64cfcdc6d48150145f62d99ed,false,,0.0010081331518205386,,,23111248,1754836105.5034575
0xbAF97fCBA3323ff224381856a8B092e35F973869,$ETH,VitalikTrumpXiMuskPepeShrekMarioPacRoseETH9999Inu,9,1000000000000,0x49aAdA6413193030Be7708C3Bb660Af12B9295A8,0x49aAdA6413193030Be7708C3Bb660Af12B9295A8,true,23112003,0xc31a614c9a6e7e17be6087997f3b37bee8ec6a122567b5c1b0837c4939a644eb,23112003,false,,0x191889c35Fa430440DEB078ca8e71FAc4d155039,UNISWAP-V2,0xC02aaA39b223FE8D0A0e5C4F27eAD9083C756Cc2,WETH,0,0,false,,,false,,,,,23112003,1754845213.040288
0x2FC7E21D2C821Fc71e0CE380fd9298AcA9Bd97e8,USELESS,USELESS COIN,9,999999000000,0x2BE0bfC23315Dc1E59877c5e33656ED37D44B8d9,0x2BE0bfC23315Dc1E59877c5e33656ED37D44B8d9,true,23134958,0x536fa4de01eb12300c76d7cc521b3ad57af7e337b9f0311f0c79c4a9e3199f41,23137509,false,,0x065A3c8Cff42200660e59e0aFE268578C8532a9f,UNISWAP-V2,0xC02aaA39b223FE8D0A0e5C4F27eAD9083C756Cc2,WETH,4.237645964874799,475314965123.4906,false,,,false,,0.000000000008915448230782771,,,23137509,1755152953.0533824
0x444db666E4a5B25074E5983ea12aBd26A09CA674,$ETH,VitalikTrumpXiMuskPepeShrekMarioPacRoseETH9999Inu,9,1000000000000,0x49aAdA6413193030Be7708C3Bb660Af12B9295A8,0x49aAdA6413193030Be7708C3Bb660Af12B9295A8,true,23111257,0x57d3fee324532b2cdf91b1215741a017ceb9e042a0b6c1f2ddddaa6521bdeffb,23111257,false,,0xF00A146E6Ac67eF4E350875cFE3055Df7f1173eE,UNISWAP-V2,0xC02aaA39b223FE8D0A0e5C4F27eAD9083C756Cc2,WETH,0,0,false,,,false,,,,,23111257,1754836213.8171997
0x443923d71896d37248c47Bb39fce86Ff34a34B5b,DOGS,OMFDOGS,18,1000000000,0x73CCC77B8eF45dfFe653914d2980B9d0252cfd2a,0x73CCC77B8eF45dfFe653914d2980B9d0252cfd2a,false,23124779,0xebea33735e197300f47a60cc9d8bf3a81afa43a6c7373314cfdb5345794f1fbc,23134073,false,,0xE2d753706Aa4B6C58cb8971E5638BAA78F5D5906,UNISWAP-V2,0xC02aaA39b223FE8D0A0e5C4F27eAD9083C756Cc2,WETH,2,1000000000,false,,,false,,0.000000002,,,23134073,1755111517.9520774
0x00b3741950e347144C8804DA98558Bf0aEd98c90,ETH,Shrek2HulkSimbaAnusHannahMontanInu,9,1000000000,0x04c2edf93F90816c76ef7b86750ee946feC890B3,0x04c2edf93F90816c76ef7b86750ee946feC890B3,true,23128310,0x99f94d5c9f302d99282e483e862bb67f56f57ad5e624cf3bfdcef7a6c40cf194,23134614,true,Denom_removal (ETH<0.05),0xc7F81142DAa252CA734C39CfD55d1EC16dAAbE3C,UNISWAP-V2,0xC02aaA39b223FE8D0A0e5C4F27eAD9083C756Cc2,WETH,0.00056596154679231,37005417.54777876,false,,,true,Denom_removal (ETH<0.05),0.000000000015294018667985053,,,23134614,1755118070.8430402
0xD58eD81a589CFd09D6311a90c0DBE4C812F811f7,🌌CNBL,Crypto Nebula,18,280000000,0xCA748E3D25e89Ae757faB4F08E42e5518c305812,0xCA748E3D25e89Ae757faB4F08E42e5518c305812,false,23130030,0x95bd3d878b2e4006fb749d6c95c8471fb1c397086b47f17128794c3cd7f39688,23135566,true,Denom_removal (ETH<0.05),0x30c3a3C3Ab2657d8164C3fff0b1b73465a6f0442,UNISWAP-V2,0xC02aaA39b223FE8D0A0e5C4F27eAD9083C756Cc2,WETH,0.000000000000001001,0.000000000000010626,false,,,true,Denom_removal (ETH<0.05),0.09420289855072464,,,23135566,1755129553.0209482
0x48c732A4cfb9d4e6EE2c993922D02eCcc859d454,🧱SoliDeFi,🧱SoliDeFi,18,500000000,0xB84008b4b2E3727AD803E3AA2d88a2dE5EcE5dd4,0xB84008b4b2E3727AD803E3AA2d88a2dE5EcE5dd4,false,23135379,0x3d4047eb46879014c25165dab974abd627411a1ab5fad8398a8fee0df3aa4ba9,23135706,true,Denom_removal (ETH<0.05),0x4072528886723eeF62e664FbaC7BDD67f448F374,UNISWAP-V2,0xC02aaA39b223FE8D0A0e5C4F27eAD9083C756Cc2,WETH,0.000000000000000011,0.000000000000924705,false,,,true,Denom_removal (ETH<0.05),0.00001189568565109954,,,23135706,1755131232.878641
0x1Ab1aFb8197C87AeaBa39c1445702091Ec938304,UNTRUMP,Unofficial Trump,18,1000000000,0x33ea7345Adc8E267fdF322d44259795d30CDBF02,0x33ea7345Adc8E267fdF322d44259795d30CDBF02,true,23135729,0x99f6cb615b6e305a189a125d74ad74a0e4f552a3fbfa5bf8463727ea1ff57c58,23135769,false,,0x0899789f791a013F327683c6FaAb54eD07293efa,UNISWAP-V3,0xC02aaA39b223FE8D0A0e5C4F27eAD9083C756Cc2,WETH,0,0,false,,,false,,,,,23135769,1755132002.561128
0x62FA86c449Dcab3f4Aa939026dC373D74179c49b,MYSTERY,Mystery,9,1000000000,0xAf6F57098E67d457A03469c1Fa2d72c15D05D634,0xAf6F57098E67d457A03469c1Fa2d72c15D05D634,true,23131532,0xe090678a775eb1a67802bba74be28b35b1a934d3de0d895d18834a910e5a5d5a,23137281,true,Denom_removal (ETH<0.05),0x3C7AFA33b1ec95c11A01B7977F9030d269D042C2,UNISWAP-V2,0xC02aaA39b223FE8D0A0e5C4F27eAD9083C756Cc2,WETH,0.000000000000001214,0.000000825,false,,,true,Denom_removal (ETH<0.05),0.0000000014715151515151515,,,23137281,1755150205.1657965
0xB7077DA965948B1b6C22Cb4091039B135Af897F4,CRGW,CryptoGateway,18,510000000,0x15b35D855fe5cDaCA1aAB28dd1248D13eeE4aA0b,0x15b35D855fe5cDaCA1aAB28dd1248D13eeE4aA0b,false,23131249,0xc88227f9b693851524507e67cc3d284798abc16d710c91339667ffd415242ce4,23135372,true,Denom_removal (ETH<0.05),0x8C2b5c9430627F8302a6c3955811542519e29965,UNISWAP-V2,0xC02aaA39b223FE8D0A0e5C4F27eAD9083C756Cc2,WETH,0.000000000000000101,0.000000000000128633,false,,,true,Denom_removal (ETH<0.05),0.0007851795417972061,,,23135372,1755127224.94456
0x2D5D69Da90B4C02B95C802344b48e3E57ce220D7,BOGBG,Beware of Geeks Bearing Grifts,9,1000000000000,0x783B6c59af8945496C38935A5c0d6A322277A020,0x783B6c59af8945496C38935A5c0d6A322277A020,true,23132723,0x14933ac64c35c12499bd11048c8594992d10f71b666b65ef7e1446a8a4de4085,23137822,false,,0x6F2d946F74D0Df92e3f530C7508B857e7A0e348b,UNISWAP-V2,0xC02aaA39b223FE8D0A0e5C4F27eAD9083C756Cc2,WETH,4.521457763592543,192310527481.60327,false,,,false,,0.00000000002351123374681125,,,23137822,1755156745.2972116
0xBc1F8acEd1414E51aa87558cE1287b02490673E3,MAKO,MAKO,9,1000000000,0x991bBC576049171ccE991B006F951b36b109C54E,0x991bBC576049171ccE991B006F951b36b109C54E,true,23123696,0x3718f9022a64d0542af597f0d77a54cd0587d683a9d4da9491bc64967c3f133f,23133700,true,Denom_removal (ETH<0.05),0xF70758F6e18981f85507Cf15678d0400646e260C,UNISWAP-V2,0xC02aaA39b223FE8D0A0e5C4F27eAD9083C756Cc2,WETH,0.000000000000000335,2170.747448571,false,,,true,Denom_removal (ETH<0.05),0.0000000000000000001543247235971785,,,23133700,1755107028.9856734
0xDdA9bC0b7E70cfD3450d30bf99f39b52B36D53de,MAN,MANCOIN,18,500000000,0xa2C0C43f82AC6E9Ee89ddCfe6364d6E0D0863C37,0xa2C0C43f82AC6E9Ee89ddCfe6364d6E0D0863C37,false,23120785,0xf6ee0bfbb2202566a8fb065ca45ad6f9f653db6a5718907deffdaa3b71e5ddcd,23128179,false,,0x73799601c7E4442dE2c4424E0a19DA72E25432C0,UNISWAP-V2,0xC02aaA39b223FE8D0A0e5C4F27eAD9083C756Cc2,WETH,0.001004145185658092,197206287.0307199,false,,,true,Denom_removal (ETH<0.05),0.000000000005091851790210273,,,23128179,1755040478.15695
0xDdA9bC0b7E70cfD3450d30bf99f39b52B36D53de,MAN,MANCOIN,18,500000000,0xa2C0C43f82AC6E9Ee89ddCfe6364d6E0D0863C37,0xa2C0C43f82AC6E9Ee89ddCfe6364d6E0D0863C37,false,23120785,0xf6ee0bfbb2202566a8fb065ca45ad6f9f653db6a5718907deffdaa3b71e5ddcd,23128179,false,,0x7f002CD44537A4C19650046Df3674a64eF0C8C24,UNISWAP-V3,0xC02aaA39b223FE8D0A0e5C4F27eAD9083C756Cc2,WETH,0.007974490932911608,1254001580.69566,true,23120802,0x482d8a0bad51a8a640f1ffbd6efe8040d43ab570b3caa459edb3d274b1c1309a,false,,0.000000000006359235152229826,,,23128179,1755040478.156953
0x555F70F732f5fD399A7939B05F58429713d6bBbb,BMNR,BitMine,9,1000000000000000,0x036dCCd19fCdCBC08DC2c55170128557645CD891,0x036dCCd19fCdCBC08DC2c55170128557645CD891,true,23126975,0x91a0f4733fcc3437b9e4dda6c8255bebf98b32998b8999d916121c055afa8d14,23137856,false,,0xfb9134BF623f23120075b4EcFDE36772dE766F67,UNISWAP-V2,0xC02aaA39b223FE8D0A0e5C4F27eAD9083C756Cc2,WETH,3.5379443776089934,261591256677756.13,false,,,false,,0.000000000000013524704237218625,,,23137856,1755157153.0073693
0x780014C1fd6dBB8b3D1307FaAf06b3ea51A7083D,LIORA,Liora LIORA,18,1000000000,0x0aFde55dDa8166a7BF22F5cC0b6901c5b04f30D2,0x0aFde55dDa8166a7BF22F5cC0b6901c5b04f30D2,true,23123036,0xfefe4b132e1ea46c59799806a1eed2f9cf09c104689749167e9e8b56527a55c7,23123231,false,,0x36aaCaF33CDdC03ff66BDA82219cd9C935BeE774,UNISWAP-V3,0xC02aaA39b223FE8D0A0e5C4F27eAD9083C756Cc2,WETH,20046.44020956734,999999829.575,true,23123228,0xa336ef1cdc2c762833ef721c7ddb5042d2aaec51ee976d3a486b9eb95a0a7abd,false,,0.000020046443625982494,,,23123231,1754980777.138908
0xe556947619e7dfa1E1581147B599524de11FBB72,AVA,Ava AI AVA,18,1000000000,0x0aFde55dDa8166a7BF22F5cC0b6901c5b04f30D2,0x0aFde55dDa8166a7BF22F5cC0b6901c5b04f30D2,true,23112682,0x0a552c15d430b621e4e61682b125cdb1888f2668ececbd6dab75894284c8c6d5,23112752,false,,0x132F4e04bA6A8bf86438C4fFaA47503BD7Ad7108,UNISWAP-V3,0xC02aaA39b223FE8D0A0e5C4F27eAD9083C756Cc2,WETH,5013.432787867687,999999849.625,true,23112746,0xdce12a20df3dec41b9d6578ee910e1ad7969df536dc915b6bbbbb2921df5846d,false,,0.0000050134335417627554,,,23112752,1754854225.2425787
0x783e0F723FEc324a51f331C9F9752d9F0B8b3f7d,BTC,SatoshiSaylorTrumpXiMuskPepeShrekMarioPacRoseETH9999Inu,9,100000000000,0xd28A55968E2B4c543b2B46F5d387407E15F1a818,0xd28A55968E2B4c543b2B46F5d387407E15F1a818,true,23121709,0xaa4797dff8958c93eb53c9607cdc5126786fb33e55f08cef235996092cad4794,23136620,false,,0xAE60338F0C11598907cBA62841f6063eB3e32400,UNISWAP-V2,0xC02aaA39b223FE8D0A0e5C4F27eAD9083C756Cc2,WETH,0.7666210870115368,83086181137.25677,false,,,false,,0.000000000009226818184664107,,,23136620,1755142237.227222
0x850683EAcc3d411802AB2381565F62Eb55b0b8aD,🐲GMG,Gentle Moth Guild,18,475000000000000,0xb92e34E82F990D1626EA9F6F9FC8dD6657c4449D,0xb92e34E82F990D1626EA9F6F9FC8dD6657c4449D,false,23136898,0xd8abc5673808043e6c40bd12e0af0d50198063a4772511248ed6cff7bab272b0,23136973,true,Denom_removal (ETH<0.05),0x20C76FC6716771A619b9144fbdEd5417Bf5F0870,UNISWAP-V2,0xC02aaA39b223FE8D0A0e5C4F27eAD9083C756Cc2,WETH,0.000000000000000001,0.000000016117866821,false,,,true,Denom_removal (ETH<0.05),0.0000000000620429496722915,,,23136973,1755146474.49899
0xE73b1ac920cA3aaAee727ADdC023C8DF2616C6D9,bogbg,beware of geeks bearing grifts,9,100000000,0xB1E7D1C548Cc11efd95c64d6A3A0Cb06FE410aBd,0xB1E7D1C548Cc11efd95c64d6A3A0Cb06FE410aBd,true,23132712,0x3b8a68120f07ac15ee602a6da71b94058846da51492ddd18d0994bd693eca5be,23134816,true,Denom_removal (ETH<0.05),0x5137800B345BE739169c8F5EDd342AD1436e83b0,UNISWAP-V2,0xC02aaA39b223FE8D0A0e5C4F27eAD9083C756Cc2,WETH,0.000000000000005766,0.000000174,false,,,true,Denom_removal (ETH<0.05),0.00000003313793103448276,,,23134816,1755120517.394096
0x21caf03511bdD1821dFa658d07aBce00d33EbDF8,$ETH,VitalikTrumpXiMuskPepeShrekMarioPacRoseETH9999Inu,9,1000000000000,0x49aAdA6413193030Be7708C3Bb660Af12B9295A8,0x49aAdA6413193030Be7708C3Bb660Af12B9295A8,true,23111407,0xd8974d54c55183347e0589eb704cb7983188e92eeb8eac48fa738d9d12b47118,23111407,false,,0x2eC37A87C7de173a43403091bD4Db697df274d19,UNISWAP-V2,0xC02aaA39b223FE8D0A0e5C4F27eAD9083C756Cc2,WETH,0,0,false,,,false,,,,,23111407,1754838025.3503726
0x2958E444121b924e6aD87867434c1Ee21667B666,67,67,18,674000000,0x9243A412723d89e0e3405f40e572a9aBBBD18590,0x9243A412723d89e0e3405f40e572a9aBBBD18590,false,23128701,0x7218aaa253d7e89fed44b777e97479c502b51988242c6fc3823fb1da1dd4359c,23135222,true,Denom_removal (ETH<0.05),0x2F234828DDf603aD7F41ee3f3442ac16c94fa717,UNISWAP-V2,0xC02aaA39b223FE8D0A0e5C4F27eAD9083C756Cc2,WETH,0.000000000000000001,0.000000000002969624,false,,,true,Denom_removal (ETH<0.05),0.00000033674296813333945,,,23135222,1755125426.6777422
0x2635e440CF07D2deBFdC98424B6a7CC32A553daa,SHIN,Shin Chan,9,100000000,0x1Aa5ce1a00ECE5FABB1C8cc0d47E926bA33FA2bF,0x1Aa5ce1a00ECE5FABB1C8cc0d47E926bA33FA2bF,true,23134351,0x638b0c73274c355b30921b205a8cfd61fe53bb8b3a50185e6d93b39b0b1eda21,23135058,true,Denom_removal (ETH<0.05),0xB78016738DD7544f65100DDbC5a91d6FE7a621Ad,UNISWAP-V2,0xC02aaA39b223FE8D0A0e5C4F27eAD9083C756Cc2,WETH,0.000000001470852228,4.061753214,false,,,true,Denom_removal (ETH<0.05),0.00000000036212249994172095,,,23135058,1755123456.9628131
0x427bC0e9d276BD087156E8B79d0C6D9fD12eC026,DIME,Dimes,18,100000000000,0x53B4eE0046FB83087D198062FC350b359b694F26,0x53B4eE0046FB83087D198062FC350b359b694F26,true,23124662,0x8c0ed79f857acf1fdd649b8ca29f6839caae56d5ef5f11205284442ffc046499,23124677,false,,0x3fa3e1de7cB1E4874F325FB07CCdc865d3e8A26f,UNISWAP-V3,0xC02aaA39b223FE8D0A0e5C4F27eAD9083C756Cc2,WETH,680.5231733484139,149999968812.22498,true,23124677,0xfdeaea019eeb29133431a5eb3a7c19336043f7e2a90a1cb218466e511495a510,false,,0.000000004536822098945339,,,23124677,1754998237.5987787
0x4b803a85839294409c9fbA55c26E687058f38986,$ETH,VitalikTrumpXiMuskPepeShrekMarioPacRoseETH9999Inu,9,1000000000000,0x49aAdA6413193030Be7708C3Bb660Af12B9295A8,0x49aAdA6413193030Be7708C3Bb660Af12B9295A8,true,23111780,0xb3598bb8d520f74dca03491c37e510106e29bee476ec2ab2e1ce6286d72a8272,23111780,false,,0x214f2C5C127d2624BE6f5844113C3f8EA67993B6,UNISWAP-V2,0xC02aaA39b223FE8D0A0e5C4F27eAD9083C756Cc2,WETH,0,0,false,,,false,,,,,23111780,1754842513.4243312
0x72e7870af889E218a1258C3a0D24ECB9502cc5b9,BBC,BIGBOYCOIN,18,1000000000,0xDADb560f606440534C29023Bc42E78e6AA9bCc05,0xDADb560f606440534C29023Bc42E78e6AA9bCc05,false,23119724,0x67c7d9de9d8b1997fd2df2eaa779d1513ba8a1728689a7d1a4aeb3285a746ae8,23119724,false,,0x989c7c04805635A6227c38785FFAcE4C7B5dA7DF,UNISWAP-V2,0xC02aaA39b223FE8D0A0e5C4F27eAD9083C756Cc2,WETH,0,0,false,,,false,,,,,23119724,1754938440.875416
0x73F2EDf55DF4C6c3EC6F82a1dF0093Bc71c60a3f,🦓ZBZT,ZebraZest,18,150000000,0xb57761a66dFEA7aBa263229012945Acb75DDf263,0xb57761a66dFEA7aBa263229012945Acb75DDf263,false,23134603,0x29ec03fabf3e3053ddf05924c4615b466c4b4d25ab068099866abd851a63ef4b,23135608,true,Denom_removal (ETH<0.05),0xb8642F2FC39A6c8687839BA311Fb3C3D9492b51d,UNISWAP-V2,0xC02aaA39b223FE8D0A0e5C4F27eAD9083C756Cc2,WETH,0.000050000001000001,0.000000000000000001,false,,,true,Denom_removal (ETH<0.05),50000001000001,,,23135608,1755130058.3911357
0x1bE77e478AB57a80a65ceB5437977A2A1a8efA1B,BOGBG,beware of geeks bearing grifts,9,100000000,0x92B9FB517f35335E8fB320Ed6840dAC7d68551F1,0x92B9FB517f35335E8fB320Ed6840dAC7d68551F1,true,23132714,0x4100de7422af11599ec46a8afb480022c2818a81e2f613c4a51fff4aaf43afac,23137149,false,,0xae3a95Ea94d73d60807A68b674fE3ec514BC922f,UNISWAP-V2,0xC02aaA39b223FE8D0A0e5C4F27eAD9083C756Cc2,WETH,1.081126035522865,74395210.62557435,false,,,false,,0.000000014532199404126875,,,23137149,1755148596.946545
0xC2Fde8D8F169fd4E3fF5Bc729cb30678F635FFb6,🦊CDC,Crimson Dream Coin,18,279000000000000,0x51f52705b0F64DcBAE9A7364C5d44A67B4C6E670,0x51f52705b0F64DcBAE9A7364C5d44A67B4C6E670,false,23137239,0x9b5f99b7d41dce6e325a386a7df3c9e8ad29f6b504185568a429f385e40c3ab0,23137282,true,Denom_removal (ETH<0.05),0x5d03c1ca4f9393822FE84B1eD211ed8529fC9731,UNISWAP-V2,0xC02aaA39b223FE8D0A0e5C4F27eAD9083C756Cc2,WETH,0.000000000000000001,0.000000032168442892,false,,,true,Denom_removal (ETH<0.05),0.00000000003108636632980115,,,23137282,1755150218.4243104
0x4787f71C3c11528CB0d51a94113589b5dDF606C2,MUMU,Mumu the Bull,9,1000000000,0x34426B2753bE50FF7ba5C79831116fFb053C35Be,0x34426B2753bE50FF7ba5C79831116fFb053C35Be,true,23131889,0x960cce59cf0dc5c62477ef882504958b42c55e40fe4425d6ee21bb7df8e9e3d3,23137730,false,,0x821902A0Ea2FDB546b86D8049660f621f31cD21E,UNISWAP-V2,0xC02aaA39b223FE8D0A0e5C4F27eAD9083C756Cc2,WETH,23.870520954966754,90472768.62024684,false,,,false,,0.0000002638420523545776,,,23137730,1755155628.7816625
0x04d491E828786aeDF0F0CEa070C33cBEfaF98fD6,ETH,THE ETH ANIMAL,9,1000000000,0xC7d9e176f725d1e15deA79155E02200bD68E4769,0xC7d9e176f725d1e15deA79155E02200bD68E4769,true,23128398,0x3c037a2287ee5fe887353538cd944f8a6c3e7ed661802a995f88c768192ccd42,23136988,true,Denom_removal (ETH<0.05),0x2007cbD5b51167Ee8618F0fEadE00Eb03fb2340B,UNISWAP-V2,0xC02aaA39b223FE8D0A0e5C4F27eAD9083C756Cc2,WETH,0.000352602552030062,309539154.7099158,false,,,true,Denom_removal (ETH<0.05),0.0000000000011391210018664778,,,23136988,1755146653.2488644
0x36933658A69235e19a5eD2938380e8EcbE5D1477,FROGE,Froge,9,10000000000,0x292CB3b1D939B2E7225aB60517191fEEFb2dbBb1,0x292CB3b1D939B2E7225aB60517191fEEFb2dbBb1,true,23137451,0xcf67dbacd61c3675ddaccd319b90bd2db725b98d3da7b8d6042c210a52e1b197,23137621,false,,0x20a4075F0336B1F5e5DeD21BDb6C6e3C1A209E7B,UNISWAP-V2,0xC02aaA39b223FE8D0A0e5C4F27eAD9083C756Cc2,WETH,1.001024,7642197866.787116,false,,,false,,0.0000000001309864017458166,,,23137621,1755154296.696362
0x1ec84339c210cC2c1E9274f049Fe14819BfAf4A9,SHEKEL,Rabbi Schlomo by Virtuals,18,1000000000,0x106fce47D4dA5e9d6B7727644EEA54E41c96AEFC,0x106fce47D4dA5e9d6B7727644EEA54E41c96AEFC,true,23112494,0x752f6a04bd6aec31e8ade933e57d9d09185b8be280efc84199506197d9f6c288,23112541,false,,0x3605E01803338E9C8f7d25Cdb0F2B261E6560720,UNISWAP-V3,0xC02aaA39b223FE8D0A0e5C4F27eAD9083C756Cc2,WETH,1961.3892481768185,1499999997.995,true,23112541,0xd93b7cc08eaf314fd4af7e575608b71a7b5c712b53a0193feb25a47d35a2eb50,false,,0.000001307592833865695,,,23112541,1754851680.913694
0xE9C69bf6505D8cDaBDA794ca525C666bd9FA0974,🦄ETF,Enchanted Touch Fund,18,927000000000000,0x4c57563060a28Bed298216EA096682f57Ad7f1E1,0x4c57563060a28Bed298216EA096682f57Ad7f1E1,false,23130896,0x33ec23d30d705fa88cf99ea985685a708cfbe2bda61d51c4204cb63291c47a92,23135466,true,Denom_removal (ETH<0.05),0x5ef19Dad399495E8725d41EF85DA5f07c37657f7,UNISWAP-V2,0xC02aaA39b223FE8D0A0e5C4F27eAD9083C756Cc2,WETH,0.000000000000000011,0.000000002101633854,false,,,true,Denom_removal (ETH<0.05),0.000000005234023033585945,,,23135466,1755128353.8266456
0x89643CCF4722b2eE1689Eb39B6C5C50E85D41d08,ETH6900,ETH6900,9,100000000,0xb97be6e91Ddbdb85443D9289bf228F5D21401Cb5,0xb97be6e91Ddbdb85443D9289bf228F5D21401Cb5,true,23137557,0x24ce1c1797b85248f1e094f68fe05850930c63a922c9e77684437376a7124bef,23137714,true,Denom_removal (ETH<0.05),0x08153c8A2E0bF7bca5a4Ba476263d896E0e69476,UNISWAP-V2,0xC02aaA39b223FE8D0A0e5C4F27eAD9083C756Cc2,WETH,0.000001708103220256,15509263.412834648,false,,,true,Denom_removal (ETH<0.05),0.00000000000011013438709426161,,,23137714,1755155436.7818522
0x0e7343Ea50f0f3c463100ef21f1DF6c40E165F2b,BELAL,Belal,9,1000000000,0x828E92F03C32Db1767d69d7192AfEbc68Ba6F1Ed,0x828E92F03C32Db1767d69d7192AfEbc68Ba6F1Ed,true,23114052,0x58cd4107cbc019d224c6c1a1e8bfd742be05c4f15d0f9d1e14454aa7c817d2f3,23114052,false,,0xAE660a976eDf46F18D268668522F17965E8719FA,UNISWAP-V2,0xC02aaA39b223FE8D0A0e5C4F27eAD9083C756Cc2,WETH,0,0,false,,,false,,,,,23114052,1754869874.7128792
0x5DFB3C950d1d818e6Fb98FC8839D5A6b697AD7B6,OOF,OOF BRUH,18,420000000000,0x233F67e7D55C7D5C4B0AE3275e42399Ac5604232,0x233F67e7D55C7D5C4B0AE3275e42399Ac5604232,false,23119109,0x012d2520a0462b6dfea28b945c58e250aee576618c58675675e4faa66ff8811c,23119187,false,,,,,,,,,,,,,,,,,
0x08F80e0532e3a4a334B4b6e143cb62F84838509b,O40A,Our 40 Acres,18,1000000000000,0x193A30a38B8e5DC9aa9a1c58d81915Ad9e01108e,0x193A30a38B8e5DC9aa9a1c58d81915Ad9e01108e,true,23136259,0x004b00a034deb1c1034d8b7abc6e7e0a449055ebbce2249b14ebef5136c8e58a,23137076,false,,,,,,,,,,,,,,,,,
0x33941c31Fa3d76b3328e1465FFE20F2055ba14Ed,LIFE,Cyber life Studio,18,1000000000000,0x1Bd979F5bBAB48d47AD68a47DFE6750f2271223F,0x1Bd979F5bBAB48d47AD68a47DFE6750f2271223F,false,23126521,0xa63b73dfc3fb74bbca184a89c025da9c362933a053eef4eb29c226e45f1fb3c1,23126521,false,,0x56E4010127e0548864E154D5Da3E122Aee772871,UNISWAP-V2,0xC02aaA39b223FE8D0A0e5C4F27eAD9083C756Cc2,WETH,0,0,false,,,false,,,,,23126521,1755020496.8479035
0x3fFC22ea19D46Ac6995280A64E34E90D04270D07,LIORA,Liora LIORA,18,1000000000,0x0aFde55dDa8166a7BF22F5cC0b6901c5b04f30D2,0x0aFde55dDa8166a7BF22F5cC0b6901c5b04f30D2,true,23113275,0x18bb8b581c0a385bb4120411ddb6ff2ca937a44c2f8fa5c9c93ba3a8a746c277,23122972,false,,0x6AfF8Ae5aBacb771aCb7A81F291471E9A4c9fD7C,UNISWAP-V3,0xC02aaA39b223FE8D0A0e5C4F27eAD9083C756Cc2,WETH,5027.581129334433,499999879.7,true,23113314,0xa05a29e0e244245f824c8f1b8eb16e6da6b50ace723d2b01224e052b47b16209,false,,0.000010055164677941488,,,23122972,1754977646.3521657
0x2d8a0C323479D3aF4AE1897808E07FF663049A6F,ZORP,Zora Printer,18,1000000000,0xE412902d01fcA06c12712A5ABF327DDBfC27970b,0xE412902d01fcA06c12712A5ABF327DDBfC27970b,false,23134295,0x9a737077bd7e2efdcf4db7e56e45968224c3b2a59a3a4c0f18eb28c925381997,23134810,true,Denom_removal (ETH<0.05),0x5F02B68aC133F2CE9f1AEC95FDBBB906A0f6E6D1,UNISWAP-V2,0xC02aaA39b223FE8D0A0e5C4F27eAD9083C756Cc2,WETH,0.000000000100000001,0.000000000000000001,false,,,true,Denom_removal (ETH<0.05),100000000.99999999,,,23134810,1755120445.1360762
0x7607546645655D4E93EA6839a55339263B3e4986,FUSAKA,Fusaka,9,420690000000,0xd7C1Ad61478717B61DEfEeaf926E2af22004D521,0xd7C1Ad61478717B61DEfEeaf926E2af22004D521,true,23119102,0xb5aceeebf77e8d4cf33898d27db64fa409a14a469a068f62f9f876c0b1201b4c,23137795,false,,0x8876ef58c1917C4bfD773b53108de6f8aEfC8869,UNISWAP-V2,0xC02aaA39b223FE8D0A0e5C4F27eAD9083C756Cc2,WETH,3.3522633538202005,111928915483.50217,false,,,false,,0.00000000002994993151983421,,,23137795,1755156409.024693
0xA4dB1699e8A80806E503eF4738D6a911Cc658214,JOE,JOECOIN,18,500000000,0xDADb560f606440534C29023Bc42E78e6AA9bCc05,0xDADb560f606440534C29023Bc42E78e6AA9bCc05,false,23120212,0x919861ced88e63d1dc6872e9149352b9b6117b4a4bd94697caf1c1fc26016536,23136244,false,,0xe2077C461Fd9dB1C2B2e845Ab3b5bC595Cff0807,UNISWAP-V2,0xC02aaA39b223FE8D0A0e5C4F27eAD9083C756Cc2,WETH,0,0,false,,,false,,,,,23136244,1755137726.6868353
0xA4dB1699e8A80806E503eF4738D6a911Cc658214,JOE,JOECOIN,18,500000000,0xDADb560f606440534C29023Bc42E78e6AA9bCc05,0xDADb560f606440534C29023Bc42E78e6AA9bCc05,false,23120212,0x919861ced88e63d1dc6872e9149352b9b6117b4a4bd94697caf1c1fc26016536,23136244,false,,0x1Dd82c58cf13f280cbca38Bf8Cf978ed3d2295F6,UNISWAP-V3,0xC02aaA39b223FE8D0A0e5C4F27eAD9083C756Cc2,WETH,0.013325258855110067,468988174.9404189,true,23120315,0xfd1c59d28bef904ba87f9d445de5a2efc3386b6dd498f081a742e7ba5e5ea9f8,false,,0.000000000028412782170473557,,,23136244,1755137726.6868389
0xe7986A66486E0056149e25967ADc78aa2087C373,ZKJ,Polyhedra Network,18,1000000000,0xA77A95d92169bD7A3bB040B843962aD8069886bb,0xA77A95d92169bD7A3bB040B843962aD8069886bb,true,23111659,0x22a5d557fa033f3c4729a68e47d72f10b82c125e247caec6ce4b4bf71df61409,23112247,false,,0x728a0E9225c9bf4d80379938C233253C6F32D504,UNISWAP-V3,0xC02aaA39b223FE8D0A0e5C4F27eAD9083C756Cc2,WETH,71092.94675545313,999999995.99,true,23112247,0xba0d466651392e4121a555dd1047794b3cdd98e2ad35075abe7c0338847eeaa0,false,,0.00007109294704053585,,,23112247,1754848152.9854865
0x1E62Efe631384D3D09FE9144C2190CE76C693ED7,ETF,ETF6900,9,1000000000,0xB2d62C6223220Df7939104577732A1a54BBB52a3,0xB2d62C6223220Df7939104577732A1a54BBB52a3,true,23134473,0xaf29f55c883a963fce30d7b6fccf16371bd931c2d5be82245e52981f34d957b5,23134694,true,Denom_removal (ETH<0.05),0xBd02b4B50CF1ea9a373A56911156A5a6D766e2c4,UNISWAP-V2,0xC02aaA39b223FE8D0A0e5C4F27eAD9083C756Cc2,WETH,0.000010000000001222,0.000004829,false,,,true,Denom_removal (ETH<0.05),2.0708221166332574,,,23134694,1755119053.8914776
0xA1da889Ca5C50DAD0c8420DE03CDD64067fD1fe0,MAD,MADCOIN,18,1000000000,0x4472E0D6829506fAc0a6b0F5b129949B4d29f77C,0x4472E0D6829506fAc0a6b0F5b129949B4d29f77C,true,23123764,0x21f0f27c377ad69a16a93356f1446f6131409b027f0b0b34aa090b72ee86f2c2,23132624,false,,,,,,,,,,,,,,,,,
0x67A8a5Cea5d4C1AA5860ae2F06d4eA0e09aaF98E,RCRN,Rocket Raccoon,18,840000000,0x3b65d4f9325638c574e6D54BBd11EBf95e8d019a,0x3b65d4f9325638c574e6D54BBd11EBf95e8d019a,false,23130784,0x6d76d6feb826e3b30f925a6d9f77391f8bc3a5090f15e72d7b87fee9f85fe4e7,23135471,true,Denom_removal (ETH<0.05),0xf609101823B17F010ef2154f47397059BD143b93,UNISWAP-V2,0xC02aaA39b223FE8D0A0e5C4F27eAD9083C756Cc2,WETH,0.000000000000010001,0.000000000000002685,false,,,true,Denom_removal (ETH<0.05),3.7247672253258846,,,23135471,1755128413.8472111
0x6452806E36c0776308CcCBD1512782cbCe993692,SPUP,Space Pup,18,420000,0x0A6F270854eEE469df6E5Ad042D52E9332438143,0x0A6F270854eEE469df6E5Ad042D52E9332438143,false,23130084,0x4a7d5b0a918a8a087a776d8d28570de4619b35fadf54b73727779a799ee38fc3,23135559,true,Denom_removal (ETH<0.05),0x18aBDA9423c6F7355d54e94ff9d8Bc6DDBC62687,UNISWAP-V2,0xC02aaA39b223FE8D0A0e5C4F27eAD9083C756Cc2,WETH,0.000000000000010003,0.000000000000000126,false,,,true,Denom_removal (ETH<0.05),79.38888888888889,,,23135559,1755129469.0209565
0xe0a32c501d9184054Fc08d0b17fe958FC736261b,🏧RSC,Rocket Science Club,18,168000000000000,0x5d2f5Cc9991cCbBf85e5e1f1FAB21748D06d83C5,0x5d2f5Cc9991cCbBf85e5e1f1FAB21748D06d83C5,false,23135894,0x238603da8e7bec899a400f50cbd36baf7f09a9912d6c4d7a711cda04568e43ef,23136033,true,Denom_removal (ETH<0.05),0xC85778F3251CaD22bFfcFA778000f4b64E936fB2,UNISWAP-V2,0xC02aaA39b223FE8D0A0e5C4F27eAD9083C756Cc2,WETH,0.000000000000000001,0.000000009365674603,false,,,true,Denom_removal (ETH<0.05),0.00000000010677287460741818,,,23136033,1755135180.111291
0xC044ceAd41411f6F1EA421Bba43066247183bBAe,🍑PCPG,🍑PeachPenguin,18,450000000,0xAc74D88ED9733B62B2F907Da051F1626727b0e46,0xAc74D88ED9733B62B2F907Da051F1626727b0e46,false,23136465,0x4f5e5b777ccc742a86247fc67594c2fa1fb6be112339197b4f450302367b11e1,23136575,true,Denom_removal (ETH<0.05),0xEC878e8139E213558206eB029562168335A13EfD,UNISWAP-V2,0xC02aaA39b223FE8D0A0e5C4F27eAD9083C756Cc2,WETH,0.000000000000000001,0.000000000009427958,false,,,true,Denom_removal (ETH<0.05),0.00000010606750687688681,,,23136575,1755141697.0279176
0x0000000cE52efF3f940995ac1Efc1f0641814E03,BMNR,BitMine,9,1000000000000000,0xc553889C0BC6C63a1D606c441a8B6016252a1038,0xc553889C0BC6C63a1D606c441a8B6016252a1038,true,23126893,0x2297c7fbc39bcaf26c5667e4e051ec11e32a78341159ae51b034b4912c7e553d,23136687,true,Denom_removal (ETH<0.05),0x257D317aBa1c0040fE51C0aE3947c31Ce4C36fe5,UNISWAP-V2,0xC02aaA39b223FE8D0A0e5C4F27eAD9083C756Cc2,WETH,0.000000000000000005,0.00022806,false,,,true,Denom_removal (ETH<0.05),0.000000000000021924055073226343,,,23136687,1755143040.7824848
0x694201E7B8bcc1597ec8047A04a4A303f3FA77cB,FROSCH,Frosch,18,420690000000,0xD9d38d628D6E5442b631DFc0cA9ceBb44dF45391,0xD9d38d628D6E5442b631DFc0cA9ceBb44dF45391,true,23112663,0x0612539d809642182e7f2d6f0332542d9da65ffc42d70ecf6f2f36e6ef09f73b,23137836,false,,0xfB80c4822b65f3fC8bB4C0496780bDE50d8A1aC7,UNISWAP-V2,0xC02aaA39b223FE8D0A0e5C4F27eAD9083C756Cc2,WETH,1.817053233818492,246993161563.86157,false,,,false,,0.000000000007356694502445492,,,23137836,1755156913.5932236
0x4b5AaE28e585a7C28d1A7Bba70BBb5fD376Eabb9,Maze,Maze,9,100000000,0x5FaD8FE2B028Bb0d7CA95EfcF9EAB86D3B7385a3,0x5FaD8FE2B028Bb0d7CA95EfcF9EAB86D3B7385a3,true,23118245,0x208d903b143cf98e858266cbc30a8f2c1febe4bb64216c31d34329d58ebf0ddf,23137852,false,,0x134575885478BD60701d40CAd13b83341844cc1a,UNISWAP-V2,0xC02aaA39b223FE8D0A0e5C4F27eAD9083C756Cc2,WETH,15.108560939431046,8390447.174915973,false,,,false,,0.0000018006860211931853,,,23137852,1755157104.9221113
0xc9d8A4db384b9C2189917533Ad2B5152055Eb6F9,SHIN,Shin Chan,9,100000000,0x0093bd6f2Ed8aB14F223A096AbF26d359E81E909,0x0093bd6f2Ed8aB14F223A096AbF26d359E81E909,true,23135526,0x5658f29645a9729cc7ccc1d806209943aabb9c2148654e661cf9dbacd79e6034,23137852,false,,0x6B47316C190F8B2917e7d6B91eA7e1312D02FDf5,UNISWAP-V2,0xC02aaA39b223FE8D0A0e5C4F27eAD9083C756Cc2,WETH,37.10849273279387,4344712.465248024,false,,,false,,0.000008541069870471964,,,23137852,1755157104.922119
0x65e5253eA254fd0442efE4A6Dfd645F80af8FE06,IMG,Internet Money Gang,9,420690000000,0x867a0216867c1Aae80B2B3AcF586086CB32ca255,0x867a0216867c1Aae80B2B3AcF586086CB32ca255,true,23134378,0x4c63309892b1d73e9b6d5a88a09b18b75a92545849a0db3186226c307dc21ef7,23135606,true,Denom_removal (ETH<0.05),0x1fE863f859C309D33cdDd49c3dC4a60981B37A9b,UNISWAP-V2,0xC02aaA39b223FE8D0A0e5C4F27eAD9083C756Cc2,WETH,0.000050000000000045,0.000000001,false,,,true,Denom_removal (ETH<0.05),50000.000000044995,,,23135606,1755130033.7463813
0x7e2a51b9309C055Cb2658a395BB12627Cf9d4560,PNDM,PandaMoon,18,712000,0x17bAfA9b7EcFf543fC6C752ABdB94618aBd49b98,0x17bAfA9b7EcFf543fC6C752ABdB94618aBd49b98,false,23130638,0xe93d0ae64c8b625ba5010110c54cf21b32123da7d93f3e5b94b823be6a74dd35,23135490,true,Denom_removal (ETH<0.05),0xe9609fff1d8afC57C54A0dcc96D9b43fe1fdBcE9,UNISWAP-V2,0xC02aaA39b223FE8D0A0e5C4F27eAD9083C756Cc2,WETH,0.000000000000001002,0.000000000000001534,false,,,true,Denom_removal (ETH<0.05),0.6531942633637547,,,23135490,1755128641.228201
0x0FdF07E8db29B4aEBd5e918940A44afc6489CD23,$ETH,VitalikTrumpXiMuskPepeShrekMarioPacRoseETH9999Inu,9,1000000000,0x7A13308CF585BdcB02044a8CBb539D16b1C4619f,0x7A13308CF585BdcB02044a8CBb539D16b1C4619f,true,23111792,0x347f7f2caadb804677ae764f99c313f02745c8a0c5a5442aa270b820a5648bfc,23136660,true,Denom_removal (ETH<0.05),0x841C1CF6187B26F45e036Ecb2dc1dbFA4b673ACE,UNISWAP-V2,0xC02aaA39b223FE8D0A0e5C4F27eAD9083C756Cc2,WETH,0.00043948732695553,4483028.471943801,false,,,true,Denom_removal (ETH<0.05),0.00000000009803357924358044,,,23136660,1755142717.0355034
0x4a66e9A448bCBC34F9C646416BE348DD5A054B2F,CDEG,chainDEG,18,1000000,0xbd96Ce810533583090B27aFe327de711b401840E,0xbd96Ce810533583090B27aFe327de711b401840E,true,23111446,0xfa890a1b9ac9a6319ce65881fa7a7e3aa3aa8dc0dabb16c4842c1fa28274453a,23133025,true,hidden_mint,0xaebD0b323F44F6487410Ae4D437D4abc942a8264,UNISWAP-V2,0xC02aaA39b223FE8D0A0e5C4F27eAD9083C756Cc2,WETH,0.07807062565497028,128483.81472090835,false,,,false,,0.0000006076300413756763,,,23133025,1755098917.187766
0xa28052eab04aEe4f0a09dFca67a21CaA1dCED8DD,WLOOP,Workloop AI,9,1000000000,0xdB054b195f64c0e4548F731266737731ab8d8c46,0xdB054b195f64c0e4548F731266737731ab8d8c46,true,23133494,0xc94aa403dd6957f8b86c2fdeb636603d596b8d4c46fb27d751510a086ff36fba,23135955,true,Denom_removal (ETH<0.05),0xBfb55Eb2038345F070C6A875e15A0b3b9a6c743E,UNISWAP-V2,0xC02aaA39b223FE8D0A0e5C4F27eAD9083C756Cc2,WETH,0.000454993945164201,22492752.76334584,false,,,true,Denom_removal (ETH<0.05),0.000000000020228468696177484,,,23135955,1755134244.5604565
0xB187e0396Dcf6f1de94BB4670e7F0DC231ed6589,🐦SWP,Solar Wind Power,18,419000000000000,0xEd00393efc7253935A5a5E6d37215A7d4395386F,0xEd00393efc7253935A5a5E6d37215A7d4395386F,false,23136058,0x082f8911f8232498aca474c3846cd76fc723c6bc2dd0f79e55e773a7ddca571b,23136406,true,Denom_removal (ETH<0.05),0xC674D8d487CAC805202E2f44AE9f16A13587bBe7,UNISWAP-V2,0xC02aaA39b223FE8D0A0e5C4F27eAD9083C756Cc2,WETH,0.000000000000000001,0.000000016040544332,false,,,true,Denom_removal (ETH<0.05),0.00000000006234202401754254,,,23136406,1755139668.9898534
0x72eb1e391358F42f6c16B847141E9f84b76c0777,LMRAI,Lumerin AI,9,1000000000,0x5ECc335C6EbE90b057cbb76a4508C91C06Fd4590,0x5ECc335C6EbE90b057cbb76a4508C91C06Fd4590,true,23123124,0x33ea14cedb077641d44b5427de6feb97fe2fc8682dfa54af46a77d08663c79b5,23137857,false,,0xd71700C9186725607a07aa73998a3D03ad3Ae481,UNISWAP-V2,0xC02aaA39b223FE8D0A0e5C4F27eAD9083C756Cc2,WETH,35.324914376565566,75427137.77957663,false,,,false,,0.00000046833162992074286,,,23137857,1755157164.952484
0xABE5f5FDF6a1B69B62b0858048A88CEe579A6CD5,TGPM,TigerPump,18,870000,0xbe3Ef3B2cbe625a8aDA79a2cEAE4B305848d7A77,0xbe3Ef3B2cbe625a8aDA79a2cEAE4B305848d7A77,false,23131982,0x48a3008047389f4b532a2de70fbaf592be39f3cad32517c5c920594473c403c6,23135224,true,Denom_removal (ETH<0.05),0x21B1bFEc4dcB052737Da72Ce97105e40F711C2d2,UNISWAP-V2,0xC02aaA39b223FE8D0A0e5C4F27eAD9083C756Cc2,WETH,0.000000000000000102,0.000000000000015402,false,,,true,Denom_removal (ETH<0.05),0.006622516556291392,,,23135224,1755125448.933561
0x6B916d40F13d8e52d09e92168732B77deD65E2fD,🔥GDS,Genetic Data Stream,18,886000000000000,0x0590F5160B01AaC724f244C93CD8707e57517109,0x0590F5160B01AaC724f244C93CD8707e57517109,false,23131323,0xb9ca66249dbcf0e213d643ee7e4ece6d49dc5c3c92ea6d9f7f56a9454b47d1e0,23135314,true,Denom_removal (ETH<0.05),0x3480c3bEd3e8fa3Be366101FF3Ef25eEd55CDbCd,UNISWAP-V2,0xC02aaA39b223FE8D0A0e5C4F27eAD9083C756Cc2,WETH,0.000000000000100001,0.000000000000248752,false,,,true,Denom_removal (ETH<0.05),0.4020108381038142,,,23135314,1755126529.421932
0xDf1c77E7f06771a0eE271F8c71776D417Fa48A83,STEL,STEALTH,18,10000000,0x3b915a11BaFad8559923c34479781258d18a95cb,0x3b915a11BaFad8559923c34479781258d18a95cb,true,23112813,0xab25ed52241f935abcebfacd1895650fc99e53d919b31309a0344e4d0b837a8b,23113505,false,,0x73b0aE3E690c1679B00a51058f516DB3F4C1B6c7,UNISWAP-V2,0xC02aaA39b223FE8D0A0e5C4F27eAD9083C756Cc2,WETH,0,0,false,,,false,,,,,23113505,1754863286.1954265
0xEDE8C95A74F2e0d4BF6e19728a0815287865fBB7,IDI,idea-driven ideas,18,1000000000,0x84f87d9472A2e138fe8fE16e8cB43e1187832da2,0x84f87d9472A2e138fe8fE16e8cB43e1187832da2,false,23124761,0xc1aa5fce79bd5c0b13e4f56172e031bb4195f65da74801a8358f0901c84e8920,23126600,false,,0xC12a7CF05f4C851C138C3B8809D553a21A21c402,UNISWAP-V2,0xC02aaA39b223FE8D0A0e5C4F27eAD9083C756Cc2,WETH,8.13422442069161,115016760.0858891,false,,,false,,0.00000007072207923973301,,,23126600,1755021446.3315294
0xf5aF33e30A5F38EB287c7925A4e87d43F6A3eB77,Wilson,Wilson,9,4206900000,0x8a80B799b238222f72af375B7975fb8d22De4F32,0x8a80B799b238222f72af375B7975fb8d22De4F32,true,23132662,0xaa8909cf46ad680c7d805c5dafd13381740d7777b2842758fe5fbb2753c75314,23135857,true,Denom_removal (ETH<0.05),0x79E77BE3fAbd5f5E7B974e4EFF837c2594f1f7B4,UNISWAP-V2,0xC02aaA39b223FE8D0A0e5C4F27eAD9083C756Cc2,WETH,0.000000000000000992,0.00000101,false,,,true,Denom_removal (ETH<0.05),0.0000000009821782178217821,,,23135857,1755133057.272213
0x6EC5989c5739c47bed096Fa5Cb8A20028b744e06,BOGBG,beware of geeks bearing grifts,9,100000000,0x4412640d2E859f93d557278f0754eb72435b7Eb1,0x4412640d2E859f93d557278f0754eb72435b7Eb1,true,23132727,0x116f8650e22a5029c83a2db1d6fb4f959a5730cca7e0c0d3c2ad7cc2c73c8d69,23135172,true,Denom_removal (ETH<0.05),0x3f469Fd5B20Ff02328bA295db7570373800d7330,UNISWAP-V2,0xC02aaA39b223FE8D0A0e5C4F27eAD9083C756Cc2,WETH,0.000010021559728073,210238.320680179,false,,,true,Denom_removal (ETH<0.05),0.00000000004766761690090792,,,23135172,1755124827.8529823
0x8165A4F84e49d29fDc28C0665f69551d336c5Ec2,GEC,Gemini Exotic,18,100000000,0xA1AB9039B5d54413ab4CBAF7699fe07CFF7276a1,0xA1AB9039B5d54413ab4CBAF7699fe07CFF7276a1,true,23125628,0x97349e4a4cc11a92c02147e5c1f0e749a0d0ba70441f1a70746387f2cc046df6,23137583,false,,0xC99512b588A613694dae96168c4C8BC59C7383A7,UNISWAP-V3,0xC02aaA39b223FE8D0A0e5C4F27eAD9083C756Cc2,WETH,24583.69546269302,527863.8043183382,true,23125693,0x886fe4590ebc443f4cce9a60c4929e8dc8cc7afa84c8a4b42cf5bf5255e69899,false,,0.04657204237452766,,,23137583,1755153841.2306144
0xAFf5Eb7a8A4519B34bC38030997575DEAFAeE6a3,🥔PTPG,Potato Pigeon,18,240000000,0x1347a1C7B7731e46ccAC038a059B6e289CBc4D1A,0x1347a1C7B7731e46ccAC038a059B6e289CBc4D1A,false,23136676,0x5becf1a577a490736e7971971e67e9fec2712077e5ccdbb29b23e6d31eeb4615,23136871,true,Denom_removal (ETH<0.05),0x1cC141838142a9030F1F26FfEE5C70a4307Ceccd,UNISWAP-V2,0xC02aaA39b223FE8D0A0e5C4F27eAD9083C756Cc2,WETH,0.000000000000000001,0.000000000009496142,false,,,true,Denom_removal (ETH<0.05),0.00000010530592318438372,,,23136871,1755145248.626911
0x21d577E39d91dE9e4B23D34837202E5CEC1174Cf,ETHBULL,Ethereum is back,9,420690000,0x3d26912552ae35c4956491A916c0549f8200883b,0x3d26912552ae35c4956491A916c0549f8200883b,true,23135018,0xdfa50ec0a43d6ec8769dbb55788a72d741babc38f9d95dad5c84a634c8ed2544,23137848,false,,0x72DDe76e4Dc7BCd305BC4c0D43F54C1FFcb02484,UNISWAP-V2,0xC02aaA39b223FE8D0A0e5C4F27eAD9083C756Cc2,WETH,58.10453020996253,15374891.218351731,false,,,false,,0.000003779183175007312,,,23137848,1755157057.017688
0x6A1719e5271c008518dCAFD94AfF9c92EFb0FdE7,🍇GPGT,🍇GrapeGoat,18,580000000,0x76a596b5dea7651fD7Ca95406152A29B6c303138,0x76a596b5dea7651fD7Ca95406152A29B6c303138,false,23130341,0x86b0503ecbbeba599fd7ca423f7daa06743a0415bcd2b15365de81574b62cece,23135524,true,Denom_removal (ETH<0.05),0x684C4B194A9763621c5770b74276187ad26caCc7,UNISWAP-V2,0xC02aaA39b223FE8D0A0e5C4F27eAD9083C756Cc2,WETH,0.000000000000100001,0.00000000000000012,false,,,true,Denom_removal (ETH<0.05),833.3416666666667,,,23135524,1755129052.8619275
0x19cc42E43BA64441f123ef9110219d377E5Fe796,ETF,ETF6900,9,1000000000,0xB2d62C6223220Df7939104577732A1a54BBB52a3,0xB2d62C6223220Df7939104577732A1a54BBB52a3,true,23134293,0xdcbb6722b80c3d2dd07ac49bb99a3fde3ee80b4d647ce6efe45289a93f0b7ea2,23134293,false,,0x6E23D72076A86447DC87E2afDeB1A509C133e663,UNISWAP-V2,0xC02aaA39b223FE8D0A0e5C4F27eAD9083C756Cc2,WETH,0,0,false,,,false,,,,,23134293,1755114170.1921444
0xaA7aB6f90889D56b79dF8bf53c007b9A41237de6,Tom,Tom Lee,2,420000000000000000,0x8c47a1176B1358Ae7309b393Bb6C298273C92C64,0x8c47a1176B1358Ae7309b393Bb6C298273C92C64,true,23111166,0x52af25b41e9ef5833747ae4082374949bd7adf176266aab6b1d6e1c11421d751,23137169,false,,0x5a56A3998EAeE0AB63b409Eb422A45FE3e65D094,UNISWAP-V2,0xC02aaA39b223FE8D0A0e5C4F27eAD9083C756Cc2,WETH,2.323185451401697,197209912151029950,false,,,false,,0.00000000000000001178026715828829,,,23137169,1755148848.3200417
0x5d27f7C8bC688C7af5091c710Da1755c7a0CaD36,INTUIA,INTUIA,9,10000000,0x859c41eB3ed15e9C9E236efbB4B94Af63dE2FE29,0x859c41eB3ed15e9C9E236efbB4B94Af63dE2FE29,true,23122505,0x446f2b54be990cae23108de12d8dcae21bc995689a3cde1fa8f3b42d3be72366,23137521,false,,0xAF4cc5960f5432E945b8A88fC0ba6c164Ad9a412,UNISWAP-V2,0xC02aaA39b223FE8D0A0e5C4F27eAD9083C756Cc2,WETH,1.6055493940494507,4251312.108143055,false,,,false,,0.0000003776597326209353,,,23137521,1755153097.4948485
0xDbeeeE3ea4Cf84640655fA9B27464e2083528b11,LA,LA,9,420690000000,0x4E263Bd6e5d8aaE7B04B4C71f15DB21ca0eA0C9a,0x4E263Bd6e5d8aaE7B04B4C71f15DB21ca0eA0C9a,true,23134763,0xf5f7b7156cb44ec12b42021c819baccdb216784aa9813fd2949efd2bb1a9ef5e,23134795,true,Denom_removal (ETH<0.05),0xa25e701F705Db84AAf4a01811F10F645cC31100b,UNISWAP-V2,0xC02aaA39b223FE8D0A0e5C4F27eAD9083C756Cc2,WETH,0.00000000000000001,0.000101127,false,,,true,Denom_removal (ETH<0.05),0.00000000000009888555974171094,,,23134795,1755120265.4979734
0x04D8D586414546408C1AfD23506514a8bBf59176,Maze,Maze,9,100000000,0x5FaD8FE2B028Bb0d7CA95EfcF9EAB86D3B7385a3,0x5FaD8FE2B028Bb0d7CA95EfcF9EAB86D3B7385a3,true,23118201,0xdd5fa67dc8281ae653f854f70d94963935834b580958d951b3b804cb2c4bccba,23118207,false,,0x2854BeedD358257CF3606Bc22677626D2F5f7406,UNISWAP-V2,0xC02aaA39b223FE8D0A0e5C4F27eAD9083C756Cc2,WETH,0,0,false,,,false,,,,,23118207,1754920141.090647
0x145Ca33CbeeD9cF1C99Ecc29Ac11efF0fc834C63,🧩OCC,Open Camera Club,18,251000000000000,0x58c7b5F26523c4e78A872299A60467f4e9C0fb45,0x58c7b5F26523c4e78A872299A60467f4e9C0fb45,false,23130630,0xe8dab1f27189e5c6b06820019bb6fa462ff55971a35894418e08c22f36f841b9,23135517,true,Denom_removal (ETH<0.05),0x431895e42A9E83F70F2e664bDf79B21F905cf8e9,UNISWAP-V2,0xC02aaA39b223FE8D0A0e5C4F27eAD9083C756Cc2,WETH,0.000000000000001001,0.000000000011338185,false,,,true,Denom_removal (ETH<0.05),0.00008828573532712688,,,23135517,1755128966.648095
0xEa60E3549304964b6F4A6e72A3214913ef0C6491,ETH9999,VitalikTrumpXiMuskPepeShrekMarioPacRoseETH9999Inu,9,1000000000,0x70A7432d887614079B2783696F939f30A3111029,0x70A7432d887614079B2783696F939f30A3111029,true,23134727,0xa47968cd63de673a66562898bbe9b865fcbcf4b2dce2a694c05e600e223c745d,23137037,true,Denom_removal (ETH<0.05),0xa8db90A30eFb7e126A9d62b89684811F142AE0c6,UNISWAP-V2,0xC02aaA39b223FE8D0A0e5C4F27eAD9083C756Cc2,WETH,0.000115861252714367,17366497.727255467,false,,,true,Denom_removal (ETH<0.05),0.000000000006671538184266774,,,23137037,1755147240.7475848
0x03C874e504D09120510F44Be04E4D812723F7575,🦊SNF,Sultry Night Fund,18,191000000000000,0x9c4B23460dd475846A299F0944635FD2ad2b1412,0x9c4B23460dd475846A299F0944635FD2ad2b1412,false,23135850,0x4cd53e0fd175edaf3c9595ba77bc7e23df4d947d9518b393f6e144d666a7cb1c,23135873,true,Denom_removal (ETH<0.05),0x36d58E3070A86b7496F98112064D1b63bb0E21ca,UNISWAP-V2,0xC02aaA39b223FE8D0A0e5C4F27eAD9083C756Cc2,WETH,0.000000000000000001,0.000000011984251924,false,,,true,Denom_removal (ETH<0.05),0.00000000008344283868043294,,,23135873,1755133249.0365932
