tx_hash,block_number,block_timestamp,from_address,to_address,amount_eth,movement_type,from_role,to_role
0xad4b7814c4c16f1dc1d333197a6659acbe8d7c3a949bcce5478db6a9b7273163,25153681,1779487643,0x063676cb3ae3c76fb7282f6db01d010abf7e95a0,0x3328f7f4a1d1c57c35df56bbf0c9dcafca309c49,0.072329125800534896,Direct,address,address
0xad4b7814c4c16f1dc1d333197a6659acbe8d7c3a949bcce5478db6a9b7273163,25153681,1779487643,0x063676cb3ae3c76fb7282f6db01d010abf7e95a0,0x0000000000000000000000000000000000000000,0.000011589329095702,Gas,address,address
0xef7f037fa3c6dc326abf0da45e9601988bec62149fb7dad2b46e38293c9a1e48,25153681,1779487643,0xe12af9854d77ee2463e84966bb4b18b5dd31c20a,0x3328f7f4a1d1c57c35df56bbf0c9dcafca309c49,0.068022787123214232,Direct,address,address
0xef7f037fa3c6dc326abf0da45e9601988bec62149fb7dad2b46e38293c9a1e48,25153681,1779487643,0xe12af9854d77ee2463e84966bb4b18b5dd31c20a,0x0000000000000000000000000000000000000000,0.000015914772846078,Gas,address,address
0x1abb0c38a54b29df8915c7231d9d192c8067d537b5020e35625fe3abac1a0cbd,25153683,1779487667,0x257cda2f9dabd296a9a7fc9065103c7972f4b943,0x7a250d5630b4cf539739df2c5dacb4c659f2488d,0.049700000000000001,Direct,address,address
0x1abb0c38a54b29df8915c7231d9d192c8067d537b5020e35625fe3abac1a0cbd,25153683,1779487667,0x257cda2f9dabd296a9a7fc9065103c7972f4b943,0x0000000000000000000000000000000000000000,0.000009847263651408,Gas,address,address
0x1adcb5a15f6b7e7254fdad757fb437d4ea99afc8e9cd147730798d576e7954ce,25153683,1779487667,0x7d41f4fa2df4888ccce8eee9d26f55b7e33567d3,0x3328f7f4a1d1c57c35df56bbf0c9dcafca309c49,0.086173966086040901,Direct,address,address
0x1adcb5a15f6b7e7254fdad757fb437d4ea99afc8e9cd147730798d576e7954ce,25153683,1779487667,0x7d41f4fa2df4888ccce8eee9d26f55b7e33567d3,0x0000000000000000000000000000000000000000,0.000011887847323832,Gas,address,address
0x3ed3e16fa9cef5e8e31c67f2d58b725ce8ed692c9ffbbc741c6726e348cebf55,25153683,1779487667,0xe3f81b0c4e0302e9e87563ee1ba165913c07fbb3,0x7a250d5630b4cf539739df2c5dacb4c659f2488d,0.050000000000000003,Direct,address,address
0x3ed3e16fa9cef5e8e31c67f2d58b725ce8ed692c9ffbbc741c6726e348cebf55,25153683,1779487667,0xe3f81b0c4e0302e9e87563ee1ba165913c07fbb3,0x0000000000000000000000000000000000000000,0.000009847263651408,Gas,address,address
0x44c63950b50386d333ba9160deac8300b7b5e1ae9daa38a57a694df0ed82efb0,25153683,1779487667,0x71fbaccdcd43cdab9161fe92a8359f90cf0e2905,0x7a250d5630b4cf539739df2c5dacb4c659f2488d,0.040000000000000001,Direct,address,address
0x44c63950b50386d333ba9160deac8300b7b5e1ae9daa38a57a694df0ed82efb0,25153683,1779487667,0x71fbaccdcd43cdab9161fe92a8359f90cf0e2905,0x0000000000000000000000000000000000000000,0.000009847263651408,Gas,address,address
0x494880db704c999a9c8ef9fb59cc0453c855b2f738f770718d10ba5ac3113ec9,25153683,1779487667,0xf409fc839dfb91345f742f0046bc0667a7c5e200,0x3328f7f4a1d1c57c35df56bbf0c9dcafca309c49,0.051828034774625935,Direct,address,address
0x494880db704c999a9c8ef9fb59cc0453c855b2f738f770718d10ba5ac3113ec9,25153683,1779487667,0xf409fc839dfb91345f742f0046bc0667a7c5e200,0x0000000000000000000000000000000000000000,0.000011163888076856,Gas,address,address
0x79fc498d6b54cc286dfa62ae1306cde943bba33ba3839655875a95401d53ad70,25153683,1779487667,0xd377fdd91381cfcc1c37388e52ef0a7c37f33c21,0x7a250d5630b4cf539739df2c5dacb4c659f2488d,0.118021306212909072,Direct,address,address
0x79fc498d6b54cc286dfa62ae1306cde943bba33ba3839655875a95401d53ad70,25153683,1779487667,0xd377fdd91381cfcc1c37388e52ef0a7c37f33c21,0x0000000000000000000000000000000000000000,0.000009847263651408,Gas,address,address
0x88703cb282e14272c4627ad8c396970e01a14251894760a1539eeb4cc9ec58d3,25153683,1779487667,0x46ddf32eb8bfb94d94c10f06afaef1d59176f6c9,0x3328f7f4a1d1c57c35df56bbf0c9dcafca309c49,0.099500000000000005,Direct,address,address
0x88703cb282e14272c4627ad8c396970e01a14251894760a1539eeb4cc9ec58d3,25153683,1779487667,0x46ddf32eb8bfb94d94c10f06afaef1d59176f6c9,0x0000000000000000000000000000000000000000,0.000011163888076856,Gas,address,address
0xc0180f29eb0d68c12e2f2c1f55460d52139a3a34fe1ea00cdaca9e4ee8990e9d,25153683,1779487667,0xa37eaed2aba7be8e83e2f419fb2094093886d90a,0x3328f7f4a1d1c57c35df56bbf0c9dcafca309c49,0.108925386141063230,Direct,address,address
0xc0180f29eb0d68c12e2f2c1f55460d52139a3a34fe1ea00cdaca9e4ee8990e9d,25153683,1779487667,0xa37eaed2aba7be8e83e2f419fb2094093886d90a,0x0000000000000000000000000000000000000000,0.000011163888076856,Gas,address,address
0xccfd722dfb3125db2697f0d5381c115a72953f4e95d61fec2bafde043720f01d,25153683,1779487667,0x7c5a0f138ba96b7132f6befe9f79cf4796f06a92,0x7a250d5630b4cf539739df2c5dacb4c659f2488d,0.058158488134788376,Direct,address,address
0xccfd722dfb3125db2697f0d5381c115a72953f4e95d61fec2bafde043720f01d,25153683,1779487667,0x7c5a0f138ba96b7132f6befe9f79cf4796f06a92,0x0000000000000000000000000000000000000000,0.000009847263651408,Gas,address,address
0xdd2d10b9852e3958b8ea640a09f042e6606891a8954cfa15dd38db4f189cc7a0,25153683,1779487667,0x6e659b2f0caccb0c5d642c87b300d7efc367454b,0x7a250d5630b4cf539739df2c5dacb4c659f2488d,0.056407493258081615,Direct,address,address
0xdd2d10b9852e3958b8ea640a09f042e6606891a8954cfa15dd38db4f189cc7a0,25153683,1779487667,0x6e659b2f0caccb0c5d642c87b300d7efc367454b,0x0000000000000000000000000000000000000000,0.000009846429596976,Gas,address,address
0xffcdf80e218fa7a4400ce84ee4b7b59f536ac34975f0465a51cbc9091ccbe988,25153683,1779487667,0x7a0fec301682758cce8aa6a9d1ce9196bde16052,0x3328f7f4a1d1c57c35df56bbf0c9dcafca309c49,0.091259999999999994,Direct,address,address
0xffcdf80e218fa7a4400ce84ee4b7b59f536ac34975f0465a51cbc9091ccbe988,25153683,1779487667,0x7a0fec301682758cce8aa6a9d1ce9196bde16052,0x0000000000000000000000000000000000000000,0.000011163888076856,Gas,address,address
0x006b161847767b98efce666ac77313cdf662969f2827ffa6e6eb3483e1994988,25153685,1779487691,0x9de74997e2a418d9b9614a7960cf48b2f8dd22b2,0x3328f7f4a1d1c57c35df56bbf0c9dcafca309c49,0.050594324893184800,Direct,address,address
0x006b161847767b98efce666ac77313cdf662969f2827ffa6e6eb3483e1994988,25153685,1779487691,0x9de74997e2a418d9b9614a7960cf48b2f8dd22b2,0x0000000000000000000000000000000000000000,0.000012249431001311,Gas,address,address
0x224541cfe6b574371a8530d19407473376699db85c4d44f2fe071f577dbfb7ed,25153685,1779487691,0x0adb41bc7be29dc28790ec8f6c22cd697eed8071,0x7a250d5630b4cf539739df2c5dacb4c659f2488d,0.043882132288906285,Direct,address,address
0x224541cfe6b574371a8530d19407473376699db85c4d44f2fe071f577dbfb7ed,25153685,1779487691,0x0adb41bc7be29dc28790ec8f6c22cd697eed8071,0x0000000000000000000000000000000000000000,0.000010146780435834,Gas,address,address
0x535d0ad906a2f6e778ba5858d7cee2797b15ec637e04fca7f6b3b9e0e90a60be,25153685,1779487691,0x263161a729d0961a3165ef61afa7f31cd8018cee,0x3328f7f4a1d1c57c35df56bbf0c9dcafca309c49,0.055746148820091879,Direct,address,address
0x535d0ad906a2f6e778ba5858d7cee2797b15ec637e04fca7f6b3b9e0e90a60be,25153685,1779487691,0x263161a729d0961a3165ef61afa7f31cd8018cee,0x0000000000000000000000000000000000000000,0.000011503451632463,Gas,address,address
0x8fdc1bc2dbb3afafcd9c69737ffa7b10d3d5d62603b3c2342031cf09da008820,25153685,1779487691,0x2f1a91f603a082c6f64e0ad8925cf918c5c491f0,0x7a250d5630b4cf539739df2c5dacb4c659f2488d,0.052197110608729835,Direct,address,address
0x8fdc1bc2dbb3afafcd9c69737ffa7b10d3d5d62603b3c2342031cf09da008820,25153685,1779487691,0x2f1a91f603a082c6f64e0ad8925cf918c5c491f0,0x0000000000000000000000000000000000000000,0.000010146780435834,Gas,address,address
0xbfc3b152b97e9dd89b8ee7fa87394d834ba9dc8ab3a10eeaf52fd3b06cf07765,25153685,1779487691,0x3f4cf4bab3551e1bd54176d3f7fa12b46283948b,0x3328f7f4a1d1c57c35df56bbf0c9dcafca309c49,0.044346704891977617,Direct,address,address
0xbfc3b152b97e9dd89b8ee7fa87394d834ba9dc8ab3a10eeaf52fd3b06cf07765,25153685,1779487691,0x3f4cf4bab3551e1bd54176d3f7fa12b46283948b,0x0000000000000000000000000000000000000000,0.000011503451632463,Gas,address,address
0x1f75b76d7abc900a890c3f2301ac42c63613c464422e463d78d35dcb4b23c378,25153687,1779487715,0x52915868ae644307e9b9a579ca9c324de22ab77d,0x3328f7f4a1d1c57c35df56bbf0c9dcafca309c49,0.080000000000000002,Direct,address,address
0x1f75b76d7abc900a890c3f2301ac42c63613c464422e463d78d35dcb4b23c378,25153687,1779487715,0x52915868ae644307e9b9a579ca9c324de22ab77d,0x0000000000000000000000000000000000000000,0.000012120125122731,Gas,address,address
0x3285205d79b749cfc2edbad562157535ef47738a7920f5c25b13c1728e3d6346,25153687,1779487715,0x11aa5e4b97b7da4739edfb875399d27c55bdd46c,0x7a250d5630b4cf539739df2c5dacb4c659f2488d,0.125258900651879584,Direct,address,address
0x3285205d79b749cfc2edbad562157535ef47738a7920f5c25b13c1728e3d6346,25153687,1779487715,0x11aa5e4b97b7da4739edfb875399d27c55bdd46c,0x0000000000000000000000000000000000000000,0.000010657958343462,Gas,address,address
0x4a83e7692b96cf19f3e001cb956b5f8260838b49e10acde20f078813a0c66b83,25153687,1779487715,0x4ba861d765cbb027d0c66aca2a5581f90f9b6f80,0x7a250d5630b4cf539739df2c5dacb4c659f2488d,0.077451305178052640,Direct,address,address
0x4a83e7692b96cf19f3e001cb956b5f8260838b49e10acde20f078813a0c66b83,25153687,1779487715,0x4ba861d765cbb027d0c66aca2a5581f90f9b6f80,0x0000000000000000000000000000000000000000,0.000010657958343462,Gas,address,address
0x7ac040bc08024239d647054f9a042ae8195f803f40019319232613ef8e83c40d,25153687,1779487715,0x7426be1607bdc81ef0834c9ac8fdb29ccc208fdc,0x3328f7f4a1d1c57c35df56bbf0c9dcafca309c49,0.049500000000000002,Direct,address,address
0x7ac040bc08024239d647054f9a042ae8195f803f40019319232613ef8e83c40d,25153687,1779487715,0x7426be1607bdc81ef0834c9ac8fdb29ccc208fdc,0x0000000000000000000000000000000000000000,0.000012120125122731,Gas,address,address
0x9181ce7402c6903efbc58dc6e45efeed7fa2e456646097b3f24a7e8ad25a145b,25153687,1779487715,0xb7a2c15f099662cfd2688b3acd3ac984a331c841,0x3328f7f4a1d1c57c35df56bbf0c9dcafca309c49,0.137596443172583599,Direct,address,address
0x9181ce7402c6903efbc58dc6e45efeed7fa2e456646097b3f24a7e8ad25a145b,25153687,1779487715,0xb7a2c15f099662cfd2688b3acd3ac984a331c841,0x0000000000000000000000000000000000000000,0.000012082976376609,Gas,address,address
0xa7801f0f0aae60d733317ec3d663795744fcd8ae7066d678d6246d184f33a725,25153687,1779487715,0xefafec41e93c5b4f68981c4625dc5755ba3cf766,0x7a250d5630b4cf539739df2c5dacb4c659f2488d,0.049500000000000002,Direct,address,address
0xa7801f0f0aae60d733317ec3d663795744fcd8ae7066d678d6246d184f33a725,25153687,1779487715,0xefafec41e93c5b4f68981c4625dc5755ba3cf766,0x0000000000000000000000000000000000000000,0.000011476695515634,Gas,address,address
0xee85bf586ab11003e739784c7c09dce635044cff377ce5a5effb44fc6e0b2485,25153687,1779487715,0xba82d820ca5878d29ae32cae6ce0ddab1617cf49,0x7a250d5630b4cf539739df2c5dacb4c659f2488d,0.082291416087580560,Direct,address,address
0xee85bf586ab11003e739784c7c09dce635044cff377ce5a5effb44fc6e0b2485,25153687,1779487715,0xba82d820ca5878d29ae32cae6ce0ddab1617cf49,0x0000000000000000000000000000000000000000,0.000010657958343462,Gas,address,address
0x0e5cada842eb4204f2157193750fc421b03f4e9152ff0200b659803466533115,25153692,1779487775,0x20323dbb5ef6c976743e3bff6e6e0123a427a2cf,0x7a250d5630b4cf539739df2c5dacb4c659f2488d,0.089999999999999997,Direct,address,address
0x0e5cada842eb4204f2157193750fc421b03f4e9152ff0200b659803466533115,25153692,1779487775,0x20323dbb5ef6c976743e3bff6e6e0123a427a2cf,0x0000000000000000000000000000000000000000,0.000011012136255966,Gas,address,address
0x2b9adeadaef413029d0ae03b89667d2e5c484ec2ff8bd568cf5da961e206eb3f,25153693,1779487787,0xe12af9854d77ee2463e84966bb4b18b5dd31c20a,0x0000000000000000000000000000000000000000,0.000003293546265300,Gas,address,address
0x9415617783f288c3efe88cb5c950b7b63838bb408f5e51633d238085a084e62b,25153693,1779487787,0x063676cb3ae3c76fb7282f6db01d010abf7e95a0,0x0000000000000000000000000000000000000000,0.000003293546265300,Gas,address,address
0xb4a272350837e569feadc08c28e93e15088e5b65c678879c5c80d46e4af602bf,25153693,1779487787,0x063676cb3ae3c76fb7282f6db01d010abf7e95a0,0x0000000000000000000000000000000000000000,0.000010423423237625,Gas,address,address
0xd0cef1e1a53747e2f9ae09c670fe40b07a5e2272449f0df7f410003399e4a058,25153693,1779487787,0xe12af9854d77ee2463e84966bb4b18b5dd31c20a,0x0000000000000000000000000000000000000000,0.000014991112047575,Gas,address,address
0x03a90c4c3f9a54aee295c40f977b3702e9d42fb49beba76852434bc16845f5f3,25153695,1779487811,0xeadc53afe6479b990ca0a75492b56cdd1697d602,0x3328f7f4a1d1c57c35df56bbf0c9dcafca309c49,0.068163746101177689,Direct,address,address
0x03a90c4c3f9a54aee295c40f977b3702e9d42fb49beba76852434bc16845f5f3,25153695,1779487811,0xeadc53afe6479b990ca0a75492b56cdd1697d602,0x0000000000000000000000000000000000000000,0.000012491612744572,Gas,address,address
0x09c91ee7eddecba83696573340a70b489f7e97346d39097fb5be17482fc319bb,25153695,1779487811,0xcbb3baa593bea0f5c3509bf612422d6f1abb926c,0x3328f7f4a1d1c57c35df56bbf0c9dcafca309c49,0.059999999999999998,Direct,address,address
0x09c91ee7eddecba83696573340a70b489f7e97346d39097fb5be17482fc319bb,25153695,1779487811,0xcbb3baa593bea0f5c3509bf612422d6f1abb926c,0x0000000000000000000000000000000000000000,0.000012491612744572,Gas,address,address
0x3416e75e6267cf5b4826173c11f1b5c36b703770e6925eea991f2ad6c616425b,25153695,1779487811,0x7f3d829e5076c3662c1e71170729f0d7bbafed3e,0x7a250d5630b4cf539739df2c5dacb4c659f2488d,0.187010539107050761,Direct,address,address
0x3416e75e6267cf5b4826173c11f1b5c36b703770e6925eea991f2ad6c616425b,25153695,1779487811,0x7f3d829e5076c3662c1e71170729f0d7bbafed3e,0x0000000000000000000000000000000000000000,0.000011018401768296,Gas,address,address
0x4b368f2ba02c1a1f16dc7a1649a31f65175aec3f54d372a31de98224253b39b3,25153695,1779487811,0xe632ab5fac6661e9feb0a60a460bb1f836653e24,0x3328f7f4a1d1c57c35df56bbf0c9dcafca309c49,0.133759727891438085,Direct,address,address
0x4b368f2ba02c1a1f16dc7a1649a31f65175aec3f54d372a31de98224253b39b3,25153695,1779487811,0xe632ab5fac6661e9feb0a60a460bb1f836653e24,0x0000000000000000000000000000000000000000,0.000013301672689084,Gas,address,address
0x715b8e7c0f44aa84b3caa02f17cb476bf2e4ac9829a7239f06f53a6610d97869,25153695,1779487811,0xa1e1d9c48c2e160a3cec8c87fcc43fca5e050fef,0x3328f7f4a1d1c57c35df56bbf0c9dcafca309c49,0.070000000000000007,Direct,address,address
0x715b8e7c0f44aa84b3caa02f17cb476bf2e4ac9829a7239f06f53a6610d97869,25153695,1779487811,0xa1e1d9c48c2e160a3cec8c87fcc43fca5e050fef,0x0000000000000000000000000000000000000000,0.000012491612744572,Gas,address,address
0x74fdf00f2ec873dff6f3c3e84279f42e508bbe7eef8f57213853f50ce8e97e56,25153695,1779487811,0x93468d3862295dafbacbebc5b278afc38425c3c9,0x3328f7f4a1d1c57c35df56bbf0c9dcafca309c49,0.099000000000000005,Direct,address,address
0x74fdf00f2ec873dff6f3c3e84279f42e508bbe7eef8f57213853f50ce8e97e56,25153695,1779487811,0x93468d3862295dafbacbebc5b278afc38425c3c9,0x0000000000000000000000000000000000000000,0.000012491612744572,Gas,address,address
0x8572fbdc505a88d75a0105fb43ab6f9fe9f765bba9475b9e569e78ef2ef69f08,25153695,1779487811,0x29dfe95936285daba90ceeb38d679c9fca5dfd04,0x7a250d5630b4cf539739df2c5dacb4c659f2488d,0.177194976146116012,Direct,address,address
0x8572fbdc505a88d75a0105fb43ab6f9fe9f765bba9475b9e569e78ef2ef69f08,25153695,1779487811,0x29dfe95936285daba90ceeb38d679c9fca5dfd04,0x0000000000000000000000000000000000000000,0.000011018401768296,Gas,address,address
0x8addd2dea95d071dce04714574fe6324192d1e9b43226588ff26ea92b8d95cac,25153695,1779487811,0x7a1de418ef3682c1cd451fcfc3a170450c5561f9,0x3328f7f4a1d1c57c35df56bbf0c9dcafca309c49,0.040000000000000001,Direct,address,address
0x8addd2dea95d071dce04714574fe6324192d1e9b43226588ff26ea92b8d95cac,25153695,1779487811,0x7a1de418ef3682c1cd451fcfc3a170450c5561f9,0x0000000000000000000000000000000000000000,0.000012491612744572,Gas,address,address
0xf929d2d1ce8349756b45cb7c9ca2a83cb38cd25104397e78963ff5319a11ce68,25153695,1779487811,0x1ca0d010717627675c50d3c6ff5bbec6d317ef3f,0x7a250d5630b4cf539739df2c5dacb4c659f2488d,0.150011553781917217,Direct,address,address
0xf929d2d1ce8349756b45cb7c9ca2a83cb38cd25104397e78963ff5319a11ce68,25153695,1779487811,0x1ca0d010717627675c50d3c6ff5bbec6d317ef3f,0x0000000000000000000000000000000000000000,0.000011018401768296,Gas,address,address
0x2195b32f581eb88bc15073fc04aca47ba2ebaa5e6337dab84ad401ae2c3e0998,25153697,1779487835,0xe862f449e26a18f75d80d94ff1cf9d4aa1ca8b3e,0x3328f7f4a1d1c57c35df56bbf0c9dcafca309c49,0.140034054016776960,Direct,address,address
0x2195b32f581eb88bc15073fc04aca47ba2ebaa5e6337dab84ad401ae2c3e0998,25153697,1779487835,0xe862f449e26a18f75d80d94ff1cf9d4aa1ca8b3e,0x0000000000000000000000000000000000000000,0.000012436799269400,Gas,address,address
0x39f74c8100a074457b5e6fb756623279803165b3fbef84a41edb3b9535c3e58b,25153697,1779487835,0xb64acede994b71a3d43a5af7db8b5a830cbcaa9a,0x7a250d5630b4cf539739df2c5dacb4c659f2488d,0.048223524119122785,Direct,address,address
0x39f74c8100a074457b5e6fb756623279803165b3fbef84a41edb3b9535c3e58b,25153697,1779487835,0xb64acede994b71a3d43a5af7db8b5a830cbcaa9a,0x0000000000000000000000000000000000000000,0.000010982770884720,Gas,address,address
0x41190b41af4ae8ddb921ddb32705e71b77917fd6fbd895a23ae92ab3ded0ca49,25153697,1779487835,0x90f42785e6524ac4e94444599f6435a5f45b83cc,0x3328f7f4a1d1c57c35df56bbf0c9dcafca309c49,0.049500000000000002,Direct,address,address
0x41190b41af4ae8ddb921ddb32705e71b77917fd6fbd895a23ae92ab3ded0ca49,25153697,1779487835,0x90f42785e6524ac4e94444599f6435a5f45b83cc,0x0000000000000000000000000000000000000000,0.000013244239673240,Gas,address,address
0x657d051177064ca18546c152d4b58c41a0a7e2ff2fc1eb625e3b62c5eb6b3e96,25153697,1779487835,0x596a5e9b117a3d7b21e0f77ff4431c4d1770f494,0x3328f7f4a1d1c57c35df56bbf0c9dcafca309c49,0.075679193842706521,Direct,address,address
0x657d051177064ca18546c152d4b58c41a0a7e2ff2fc1eb625e3b62c5eb6b3e96,25153697,1779487835,0x596a5e9b117a3d7b21e0f77ff4431c4d1770f494,0x0000000000000000000000000000000000000000,0.000012436799269400,Gas,address,address
0x6a3d58a7d4ebbf077078ee2c741fcb1a3e4ca946011e620f8e1af8d2e4bb2aee,25153697,1779487835,0x3e517d5e32fd6808a169e8b47479609d2a713084,0x7a250d5630b4cf539739df2c5dacb4c659f2488d,0.152790208781163367,Direct,address,address
0x6a3d58a7d4ebbf077078ee2c741fcb1a3e4ca946011e620f8e1af8d2e4bb2aee,25153697,1779487835,0x3e517d5e32fd6808a169e8b47479609d2a713084,0x0000000000000000000000000000000000000000,0.000010982770884720,Gas,address,address
0xba5ddfc8ea571485f062f2547eee9460c41fd9231fe7b33fe160448cc0b5daec,25153697,1779487835,0x4454614f1e53079acc13220f56c98da7a2fb74fe,0x3328f7f4a1d1c57c35df56bbf0c9dcafca309c49,0.059999999999999998,Direct,address,address
0xba5ddfc8ea571485f062f2547eee9460c41fd9231fe7b33fe160448cc0b5daec,25153697,1779487835,0x4454614f1e53079acc13220f56c98da7a2fb74fe,0x0000000000000000000000000000000000000000,0.000012436799269400,Gas,address,address
0x5e9b124ea558c589d8d7c3c34d73141cbb6c1758f87aadf812114a14718afad7,25153700,1779487871,0x7d41f4fa2df4888ccce8eee9d26f55b7e33567d3,0x0000000000000000000000000000000000000000,0.000003359897520996,Gas,address,address
0x909d6173b61300d688f8e455ec60e06f20035595fe805534727e6bed00ff179f,25153700,1779487871,0x7d41f4fa2df4888ccce8eee9d26f55b7e33567d3,0x0000000000000000000000000000000000000000,0.000011398150677799,Gas,address,address
0x04e76c28c231c9a65fa6e6b70451c1eb21d715bb059f5f6add48759a52d27ecc,25153913,1779490427,0x52915868ae644307e9b9a579ca9c324de22ab77d,0x50995f97f63f8ec9a131272269f1388d88a03990,0.033586696911865270,Direct,address,address
0x04e76c28c231c9a65fa6e6b70451c1eb21d715bb059f5f6add48759a52d27ecc,25153913,1779490427,0x52915868ae644307e9b9a579ca9c324de22ab77d,0x0000000000000000000000000000000000000000,0.000001182963012000,Gas,address,address
0x05d4431571698ebefa43550aaa76b36092df072cef639b754b68f6b6390fd2c2,25153913,1779490427,0x43076ad18faba5166f0b94a1d8e24b60f6c82255,0x50995f97f63f8ec9a131272269f1388d88a03990,0.018450063883820485,Direct,address,address
0x05d4431571698ebefa43550aaa76b36092df072cef639b754b68f6b6390fd2c2,25153913,1779490427,0x43076ad18faba5166f0b94a1d8e24b60f6c82255,0x0000000000000000000000000000000000000000,0.000001182963012000,Gas,address,address
0x07ed00e4ef4d2917c427acc945fd0d0cbf46da7f388babb8690b4306c0f9401c,25153913,1779490427,0x7c5a0f138ba96b7132f6befe9f79cf4796f06a92,0x50995f97f63f8ec9a131272269f1388d88a03990,0.007530481638548216,Direct,address,address
0x07ed00e4ef4d2917c427acc945fd0d0cbf46da7f388babb8690b4306c0f9401c,25153913,1779490427,0x7c5a0f138ba96b7132f6befe9f79cf4796f06a92,0x0000000000000000000000000000000000000000,0.000001182963012000,Gas,address,address
0x154a7135e861c3b3d0077ecc9ee3e582e70670e06ea4c87704647fb6118e0712,25153913,1779490427,0x4ba861d765cbb027d0c66aca2a5581f90f9b6f80,0x50995f97f63f8ec9a131272269f1388d88a03990,0.010136853900591897,Direct,address,address
0x154a7135e861c3b3d0077ecc9ee3e582e70670e06ea4c87704647fb6118e0712,25153913,1779490427,0x4ba861d765cbb027d0c66aca2a5581f90f9b6f80,0x0000000000000000000000000000000000000000,0.000001182963012000,Gas,address,address
0x1584606a4ea597bdec8ade0ad5cfd11b73833ed582fd9578a512482324283789,25153913,1779490427,0x8343d9c79116936275c41d262dc109969297eee7,0x50995f97f63f8ec9a131272269f1388d88a03990,0.005901196809177679,Direct,address,address
0x1584606a4ea597bdec8ade0ad5cfd11b73833ed582fd9578a512482324283789,25153913,1779490427,0x8343d9c79116936275c41d262dc109969297eee7,0x0000000000000000000000000000000000000000,0.000001182963012000,Gas,address,address
0x1b295debd087814c5af36695793162ea4f133a24935279cc085f0e775fc4bbab,25153913,1779490427,0x870a8213faf15d366677de6fa8aed31cd2154a87,0x50995f97f63f8ec9a131272269f1388d88a03990,0.010120808867030708,Direct,address,address
0x1b295debd087814c5af36695793162ea4f133a24935279cc085f0e775fc4bbab,25153913,1779490427,0x870a8213faf15d366677de6fa8aed31cd2154a87,0x0000000000000000000000000000000000000000,0.000001182963012000,Gas,address,address
0x1d284ad009b027e64cb9cde179c78a62f2e77387760c73c0b0cb624785938dc9,25153913,1779490427,0x3bf21733e11dcd57e97d60012af268c27de54839,0x50995f97f63f8ec9a131272269f1388d88a03990,0.008817703560072946,Direct,address,address
0x1d284ad009b027e64cb9cde179c78a62f2e77387760c73c0b0cb624785938dc9,25153913,1779490427,0x3bf21733e11dcd57e97d60012af268c27de54839,0x0000000000000000000000000000000000000000,0.000001182963012000,Gas,address,address
0x20ff5c202eedbcd476ddb142678ad14acbfbf2b70386caee9af2734287a32a19,25153913,1779490427,0x11aa5e4b97b7da4739edfb875399d27c55bdd46c,0x50995f97f63f8ec9a131272269f1388d88a03990,0.013429258426764958,Direct,address,address
0x20ff5c202eedbcd476ddb142678ad14acbfbf2b70386caee9af2734287a32a19,25153913,1779490427,0x11aa5e4b97b7da4739edfb875399d27c55bdd46c,0x0000000000000000000000000000000000000000,0.000001182963012000,Gas,address,address
0x2251941c59c522257eb39a51adf5c4d67901b47d35d80789afdece735ffaa008,25153913,1779490427,0x7426be1607bdc81ef0834c9ac8fdb29ccc208fdc,0x50995f97f63f8ec9a131272269f1388d88a03990,0.006886696911865267,Direct,address,address
0x2251941c59c522257eb39a51adf5c4d67901b47d35d80789afdece735ffaa008,25153913,1779490427,0x7426be1607bdc81ef0834c9ac8fdb29ccc208fdc,0x0000000000000000000000000000000000000000,0.000001182963012000,Gas,address,address
0x228f87b5c47e16059bf383ace20c03e3ce33b1467af4651f9e030e8568cce1a5,25153913,1779490427,0x4454614f1e53079acc13220f56c98da7a2fb74fe,0x50995f97f63f8ec9a131272269f1388d88a03990,0.029586380237718601,Direct,address,address
0x228f87b5c47e16059bf383ace20c03e3ce33b1467af4651f9e030e8568cce1a5,25153913,1779490427,0x4454614f1e53079acc13220f56c98da7a2fb74fe,0x0000000000000000000000000000000000000000,0.000001182963012000,Gas,address,address
0x3564629274925093528ff3ee5c77d3cac9b212e6d95d191213fe85c989235d8a,25153913,1779490427,0x46ddf32eb8bfb94d94c10f06afaef1d59176f6c9,0x50995f97f63f8ec9a131272269f1388d88a03990,0.007687653148911139,Direct,address,address
0x3564629274925093528ff3ee5c77d3cac9b212e6d95d191213fe85c989235d8a,25153913,1779490427,0x46ddf32eb8bfb94d94c10f06afaef1d59176f6c9,0x0000000000000000000000000000000000000000,0.000001182963012000,Gas,address,address
0x357a17457318ec8cdaab58ff5fec4903b2df7c2be5b6aebab263f2f93d13a552,25153913,1779490427,0x93468d3862295dafbacbebc5b278afc38425c3c9,0x50995f97f63f8ec9a131272269f1388d88a03990,0.045386325424243423,Direct,address,address
0x357a17457318ec8cdaab58ff5fec4903b2df7c2be5b6aebab263f2f93d13a552,25153913,1779490427,0x93468d3862295dafbacbebc5b278afc38425c3c9,0x0000000000000000000000000000000000000000,0.000001182963012000,Gas,address,address
0x3a865ebf9a0ff7f10a3460d46e4b6ee02bfa53976a04dbfd32f0b77dc98041ba,25153913,1779490427,0x7a0fec301682758cce8aa6a9d1ce9196bde16052,0x50995f97f63f8ec9a131272269f1388d88a03990,0.010127653148911144,Direct,address,address
0x3a865ebf9a0ff7f10a3460d46e4b6ee02bfa53976a04dbfd32f0b77dc98041ba,25153913,1779490427,0x7a0fec301682758cce8aa6a9d1ce9196bde16052,0x0000000000000000000000000000000000000000,0.000001182963012000,Gas,address,address
0x43e6dbc124137282ee2f020f6abb776a0dc2935ebd10deed78034ab4e03a3e39,25153913,1779490427,0x10929a535625d921fbff72480142dea0184be50e,0x50995f97f63f8ec9a131272269f1388d88a03990,0.007136188215014992,Direct,address,address
0x43e6dbc124137282ee2f020f6abb776a0dc2935ebd10deed78034ab4e03a3e39,25153913,1779490427,0x10929a535625d921fbff72480142dea0184be50e,0x0000000000000000000000000000000000000000,0.000001182963012000,Gas,address,address
0x44cd0eca9f3915873a568cdbef366242d279d794a3ff6d6e92fe7dfa1dce02ab,25153913,1779490427,0xa37eaed2aba7be8e83e2f419fb2094093886d90a,0x50995f97f63f8ec9a131272269f1388d88a03990,0.011962267007847903,Direct,address,address
0x44cd0eca9f3915873a568cdbef366242d279d794a3ff6d6e92fe7dfa1dce02ab,25153913,1779490427,0xa37eaed2aba7be8e83e2f419fb2094093886d90a,0x0000000000000000000000000000000000000000,0.000001182963012000,Gas,address,address
0x4b929ced78489819c01f76f6fe7a4aa5fdef5ba9d12baf568ee0b0a1b6ed96c1,25153913,1779490427,0x71fbaccdcd43cdab9161fe92a8359f90cf0e2905,0x50995f97f63f8ec9a131272269f1388d88a03990,0.030988969773336591,Direct,address,address
0x4b929ced78489819c01f76f6fe7a4aa5fdef5ba9d12baf568ee0b0a1b6ed96c1,25153913,1779490427,0x71fbaccdcd43cdab9161fe92a8359f90cf0e2905,0x0000000000000000000000000000000000000000,0.000001182963012000,Gas,address,address
0x503fdf078add7bf3936433d4dfb07453fefd4b1e469b00e81f15d54525aa3e2c,25153913,1779490427,0xc1e67fd3c3ebff35e87a76fc9e7c4598ed2fdf79,0x50995f97f63f8ec9a131272269f1388d88a03990,0.025862382683872913,Direct,address,address
0x503fdf078add7bf3936433d4dfb07453fefd4b1e469b00e81f15d54525aa3e2c,25153913,1779490427,0xc1e67fd3c3ebff35e87a76fc9e7c4598ed2fdf79,0x0000000000000000000000000000000000000000,0.000001182963012000,Gas,address,address
0x53849eb89915d5489fd96e2e437e2f6151a4b39cbc7393ce73098c9796cef51c,25153913,1779490427,0x90f42785e6524ac4e94444599f6435a5f45b83cc,0x50995f97f63f8ec9a131272269f1388d88a03990,0.021685572797314760,Direct,address,address
0x53849eb89915d5489fd96e2e437e2f6151a4b39cbc7393ce73098c9796cef51c,25153913,1779490427,0x90f42785e6524ac4e94444599f6435a5f45b83cc,0x0000000000000000000000000000000000000000,0.000001182963012000,Gas,address,address
0x586d32b29f8676c663b09a38ce5ba78f92c1617875a3605d795b5ba2d430ac5c,25153913,1779490427,0x5355c7c2bb2e49945537beaabbaff57ad2e9b224,0x50995f97f63f8ec9a131272269f1388d88a03990,0.007184413004161488,Direct,address,address
0x586d32b29f8676c663b09a38ce5ba78f92c1617875a3605d795b5ba2d430ac5c,25153913,1779490427,0x5355c7c2bb2e49945537beaabbaff57ad2e9b224,0x0000000000000000000000000000000000000000,0.000001182963012000,Gas,address,address
0x5c88c71ce2880e8e7ffd54292f093d18c9b005f4fc9474aaf59b70f0dd2b7dc0,25153913,1779490427,0xe635e0d567fe83ac4cba2902a6448f9f9889b2fd,0x50995f97f63f8ec9a131272269f1388d88a03990,0.008595658174377248,Direct,address,address
0x5c88c71ce2880e8e7ffd54292f093d18c9b005f4fc9474aaf59b70f0dd2b7dc0,25153913,1779490427,0xe635e0d567fe83ac4cba2902a6448f9f9889b2fd,0x0000000000000000000000000000000000000000,0.000001182963012000,Gas,address,address
0x673b6eb60b0ebcfa48b2ee5cbb82b2420ec15074a6d7c878cbb38c9b0c30bb8f,25153913,1779490427,0xb7a2c15f099662cfd2688b3acd3ac984a331c841,0x50995f97f63f8ec9a131272269f1388d88a03990,0.011990290888027793,Direct,address,address
0x673b6eb60b0ebcfa48b2ee5cbb82b2420ec15074a6d7c878cbb38c9b0c30bb8f,25153913,1779490427,0xb7a2c15f099662cfd2688b3acd3ac984a331c841,0x0000000000000000000000000000000000000000,0.000001182963012000,Gas,address,address
0x6a76e19ddf5eb2f03d74741c5efd4092cdb96c326dd686e30ab5dc6090580ff8,25153913,1779490427,0xce0e56416d5e8bd78c9dc305f6fc05b5715111c8,0x50995f97f63f8ec9a131272269f1388d88a03990,0.005667848682498926,Direct,address,address
0x6a76e19ddf5eb2f03d74741c5efd4092cdb96c326dd686e30ab5dc6090580ff8,25153913,1779490427,0xce0e56416d5e8bd78c9dc305f6fc05b5715111c8,0x0000000000000000000000000000000000000000,0.000001182963012000,Gas,address,address
0x71e2a12051fe29166bc7f7a95e5a463e4866e18e41567f33c27acb4ef04aa5ef,25153913,1779490427,0x750819c35800a9acdf9a800212202ddb100af5db,0x50995f97f63f8ec9a131272269f1388d88a03990,0.022158405682585855,Direct,address,address
0x71e2a12051fe29166bc7f7a95e5a463e4866e18e41567f33c27acb4ef04aa5ef,25153913,1779490427,0x750819c35800a9acdf9a800212202ddb100af5db,0x0000000000000000000000000000000000000000,0.000001182963012000,Gas,address,address
0x746308eb74a138c7e980ce3663a5d29c8318d7d5c3d56ca6e4624ffc15356f67,25153913,1779490427,0xd5902c4f0b456f47fadf5e83d1a3eb96d6f9408c,0x50995f97f63f8ec9a131272269f1388d88a03990,0.009967538760559384,Direct,address,address
0x746308eb74a138c7e980ce3663a5d29c8318d7d5c3d56ca6e4624ffc15356f67,25153913,1779490427,0xd5902c4f0b456f47fadf5e83d1a3eb96d6f9408c,0x0000000000000000000000000000000000000000,0.000001182963012000,Gas,address,address
0x778afc8bb94cf998e23e56b67d57492221dfe42632ea7767e0d0b232f0691b61,25153913,1779490427,0xba82d820ca5878d29ae32cae6ce0ddab1617cf49,0x50995f97f63f8ec9a131272269f1388d88a03990,0.009396742991063979,Direct,address,address
0x778afc8bb94cf998e23e56b67d57492221dfe42632ea7767e0d0b232f0691b61,25153913,1779490427,0xba82d820ca5878d29ae32cae6ce0ddab1617cf49,0x0000000000000000000000000000000000000000,0.000001182963012000,Gas,address,address
0x7c2ddb2c3c15f69fb4ff8177b4548c35ad96a4db342d645e689f310836f02495,25153913,1779490427,0xf7b096deccabc81290c7666e15f838bf90d4fd00,0x50995f97f63f8ec9a131272269f1388d88a03990,0.009771201789440281,Direct,address,address
0x7c2ddb2c3c15f69fb4ff8177b4548c35ad96a4db342d645e689f310836f02495,25153913,1779490427,0xf7b096deccabc81290c7666e15f838bf90d4fd00,0x0000000000000000000000000000000000000000,0.000001182963012000,Gas,address,address
0x7e4a043799c9a9e524840f67d373458634f9869d440d16ee28549c021c9aaa7c,25153913,1779490427,0xd377fdd91381cfcc1c37388e52ef0a7c37f33c21,0x50995f97f63f8ec9a131272269f1388d88a03990,0.011167663560427522,Direct,address,address
0x7e4a043799c9a9e524840f67d373458634f9869d440d16ee28549c021c9aaa7c,25153913,1779490427,0xd377fdd91381cfcc1c37388e52ef0a7c37f33c21,0x0000000000000000000000000000000000000000,0.000001182963012000,Gas,address,address
0x7fd7f2b9054eeb6b462d74183eb571a52a318afdc072315c0054b203205b173e,25153913,1779490427,0xa8b78f6ebf220c1d7498236260316831624ac232,0x50995f97f63f8ec9a131272269f1388d88a03990,0.007190127330453372,Direct,address,address
0x7fd7f2b9054eeb6b462d74183eb571a52a318afdc072315c0054b203205b173e,25153913,1779490427,0xa8b78f6ebf220c1d7498236260316831624ac232,0x0000000000000000000000000000000000000000,0.000001182963012000,Gas,address,address
0x80f44c29584f62b3a1d79e66823ab30525a4d4c95e24c8a1e3cc070ba367cdd1,25153913,1779490427,0xe3f81b0c4e0302e9e87563ee1ba165913c07fbb3,0x50995f97f63f8ec9a131272269f1388d88a03990,0.024588969773336588,Direct,address,address
0x80f44c29584f62b3a1d79e66823ab30525a4d4c95e24c8a1e3cc070ba367cdd1,25153913,1779490427,0xe3f81b0c4e0302e9e87563ee1ba165913c07fbb3,0x0000000000000000000000000000000000000000,0.000001182963012000,Gas,address,address
0x835ad84d129ae1950c51856c18514a21ec9d5b6902cf040b5320db66a198dcc7,25153913,1779490427,0x3f4cf4bab3551e1bd54176d3f7fa12b46283948b,0x50995f97f63f8ec9a131272269f1388d88a03990,0.009740608693377915,Direct,address,address
0x835ad84d129ae1950c51856c18514a21ec9d5b6902cf040b5320db66a198dcc7,25153913,1779490427,0x3f4cf4bab3551e1bd54176d3f7fa12b46283948b,0x0000000000000000000000000000000000000000,0.000001182963012000,Gas,address,address
0x87372af37e1670fb7c79dbb65b662e74e32f2f40665cc76048989b70490974fb,25153913,1779490427,0xb64acede994b71a3d43a5af7db8b5a830cbcaa9a,0x50995f97f63f8ec9a131272269f1388d88a03990,0.009564310146980497,Direct,address,address
0x87372af37e1670fb7c79dbb65b662e74e32f2f40665cc76048989b70490974fb,25153913,1779490427,0xb64acede994b71a3d43a5af7db8b5a830cbcaa9a,0x0000000000000000000000000000000000000000,0.000001182963012000,Gas,address,address
0x89cf0fa3bc01b8465974b30f2a14c2e1aad96e876186405bcbe9cffa9e6e9cc5,25153913,1779490427,0x29dfe95936285daba90ceeb38d679c9fca5dfd04,0x50995f97f63f8ec9a131272269f1388d88a03990,0.015392822489103704,Direct,address,address
0x89cf0fa3bc01b8465974b30f2a14c2e1aad96e876186405bcbe9cffa9e6e9cc5,25153913,1779490427,0x29dfe95936285daba90ceeb38d679c9fca5dfd04,0x0000000000000000000000000000000000000000,0.000001182963012000,Gas,address,address
0x8a6d4285233f7ee174d38e41a3a7ef0213ae8fbbd73df7130e3994da3a6c51b4,25153913,1779490427,0xa1e1d9c48c2e160a3cec8c87fcc43fca5e050fef,0x50995f97f63f8ec9a131272269f1388d88a03990,0.010986325424243420,Direct,address,address
0x8a6d4285233f7ee174d38e41a3a7ef0213ae8fbbd73df7130e3994da3a6c51b4,25153913,1779490427,0xa1e1d9c48c2e160a3cec8c87fcc43fca5e050fef,0x0000000000000000000000000000000000000000,0.000001182963012000,Gas,address,address
0x8f7aaa78874d9bf5cf63399c962bed6cd1bae1aa152ca1aaffd308b07e041e8f,25153913,1779490427,0xeadc53afe6479b990ca0a75492b56cdd1697d602,0x50995f97f63f8ec9a131272269f1388d88a03990,0.008022579323065738,Direct,address,address
0x8f7aaa78874d9bf5cf63399c962bed6cd1bae1aa152ca1aaffd308b07e041e8f,25153913,1779490427,0xeadc53afe6479b990ca0a75492b56cdd1697d602,0x0000000000000000000000000000000000000000,0.000001182963012000,Gas,address,address
0x906050375a514e075ab253ad2a7e9016ef7547de3bf2ac9846824c87b9deeac0,25153913,1779490427,0xbc8a46c29a79250bee25f77b8475804a1650a8e3,0x50995f97f63f8ec9a131272269f1388d88a03990,0.009060526970288316,Direct,address,address
0x906050375a514e075ab253ad2a7e9016ef7547de3bf2ac9846824c87b9deeac0,25153913,1779490427,0xbc8a46c29a79250bee25f77b8475804a1650a8e3,0x0000000000000000000000000000000000000000,0.000001182963012000,Gas,address,address
0x913222854168c707233cda66d09c3a37f9782c58aa34f4f2c1800770ecd37598,25153913,1779490427,0x9de74997e2a418d9b9614a7960cf48b2f8dd22b2,0x50995f97f63f8ec9a131272269f1388d88a03990,0.009892242712801888,Direct,address,address
0x913222854168c707233cda66d09c3a37f9782c58aa34f4f2c1800770ecd37598,25153913,1779490427,0x9de74997e2a418d9b9614a7960cf48b2f8dd22b2,0x0000000000000000000000000000000000000000,0.000001182963012000,Gas,address,address
0x94799ccdb1adc43998830a601108703e71603c9af54a5e0e781d36d9bc13bf66,25153913,1779490427,0xff5202ecf522699226d19ecc0881532722106ccd,0x50995f97f63f8ec9a131272269f1388d88a03990,0.043564079666415623,Direct,address,address
0x94799ccdb1adc43998830a601108703e71603c9af54a5e0e781d36d9bc13bf66,25153913,1779490427,0xff5202ecf522699226d19ecc0881532722106ccd,0x0000000000000000000000000000000000000000,0.000001182963012000,Gas,address,address
0x95442620d8b8d31c801af4f1d7a16dc38c03a127f739d684652f9ba39b18afff,25153913,1779490427,0xdb7f5bb0d3815862a77330d3056690fd01b6341f,0x50995f97f63f8ec9a131272269f1388d88a03990,0.050854832632537442,Direct,address,address
0x95442620d8b8d31c801af4f1d7a16dc38c03a127f739d684652f9ba39b18afff,25153913,1779490427,0xdb7f5bb0d3815862a77330d3056690fd01b6341f,0x0000000000000000000000000000000000000000,0.000001182963012000,Gas,address,address
0x97aaedb5870667a25061d2957ec3e4ff0c00e9ac2903b8b82d8e7caf042db6bc,25153913,1779490427,0x3e517d5e32fd6808a169e8b47479609d2a713084,0x50995f97f63f8ec9a131272269f1388d88a03990,0.015397625484939909,Direct,address,address
0x97aaedb5870667a25061d2957ec3e4ff0c00e9ac2903b8b82d8e7caf042db6bc,25153913,1779490427,0x3e517d5e32fd6808a169e8b47479609d2a713084,0x0000000000000000000000000000000000000000,0.000001182963012000,Gas,address,address
0x98a8204f3b9671041bb053df81f0efeb35277d81cb5a6420e35a135d88dbad2d,25153913,1779490427,0x7fce3e6b828ee24ac69d0027e8eca33c77a22009,0x50995f97f63f8ec9a131272269f1388d88a03990,0.006608701588330099,Direct,address,address
0x98a8204f3b9671041bb053df81f0efeb35277d81cb5a6420e35a135d88dbad2d,25153913,1779490427,0x7fce3e6b828ee24ac69d0027e8eca33c77a22009,0x0000000000000000000000000000000000000000,0.000001182963012000,Gas,address,address
0xac0b17371ea961f7414283872d49e942c038d75af609fc52c225beee50159b97,25153913,1779490427,0x2f1a91f603a082c6f64e0ad8925cf918c5c491f0,0x50995f97f63f8ec9a131272269f1388d88a03990,0.009791559647822332,Direct,address,address
0xac0b17371ea961f7414283872d49e942c038d75af609fc52c225beee50159b97,25153913,1779490427,0x2f1a91f603a082c6f64e0ad8925cf918c5c491f0,0x0000000000000000000000000000000000000000,0.000001182963012000,Gas,address,address
0xacf96ea4d38e6b9b873cf39ab710046034a15ec4dc46beb94280262cf9e8056d,25153913,1779490427,0xfde8ca90a0e648ba896b8a4d0f579c36c373fdd3,0x50995f97f63f8ec9a131272269f1388d88a03990,0.009750366728060168,Direct,address,address
0xacf96ea4d38e6b9b873cf39ab710046034a15ec4dc46beb94280262cf9e8056d,25153913,1779490427,0xfde8ca90a0e648ba896b8a4d0f579c36c373fdd3,0x0000000000000000000000000000000000000000,0.000001182963012000,Gas,address,address
0xb0db32c1a3991ca6a9a6f46195700ea8e4c7d403600efebc3d10bceae23d707e,25153913,1779490427,0x596a5e9b117a3d7b21e0f77ff4431c4d1770f494,0x50995f97f63f8ec9a131272269f1388d88a03990,0.008907186395012080,Direct,address,address
0xb0db32c1a3991ca6a9a6f46195700ea8e4c7d403600efebc3d10bceae23d707e,25153913,1779490427,0x596a5e9b117a3d7b21e0f77ff4431c4d1770f494,0x0000000000000000000000000000000000000000,0.000001182963012000,Gas,address,address
0xb4813a1ee81ebe86e7a8bec9e17aa625d1acb0ef2112c086cb321ba76d73f84a,25153913,1779490427,0x7f3d829e5076c3662c1e71170729f0d7bbafed3e,0x50995f97f63f8ec9a131272269f1388d88a03990,0.011777259528168944,Direct,address,address
0xb4813a1ee81ebe86e7a8bec9e17aa625d1acb0ef2112c086cb321ba76d73f84a,25153913,1779490427,0x7f3d829e5076c3662c1e71170729f0d7bbafed3e,0x0000000000000000000000000000000000000000,0.000001182963012000,Gas,address,address
0xb61280846ab9134af31e77842b9a2cd27c3643b4c94127dd212bc2e030fa1153,25153913,1779490427,0x063676cb3ae3c76fb7282f6db01d010abf7e95a0,0x50995f97f63f8ec9a131272269f1388d88a03990,0.008044384937854473,Direct,address,address
0xb61280846ab9134af31e77842b9a2cd27c3643b4c94127dd212bc2e030fa1153,25153913,1779490427,0x063676cb3ae3c76fb7282f6db01d010abf7e95a0,0x0000000000000000000000000000000000000000,0.000001182963012000,Gas,address,address
0xb7fe04419dc6377e5a60804c4831a87e990dfd65c8acf57422a8f8fffb49c036,25153913,1779490427,0x0adb41bc7be29dc28790ec8f6c22cd697eed8071,0x50995f97f63f8ec9a131272269f1388d88a03990,0.009206537967645876,Direct,address,address
0xb7fe04419dc6377e5a60804c4831a87e990dfd65c8acf57422a8f8fffb49c036,25153913,1779490427,0x0adb41bc7be29dc28790ec8f6c22cd697eed8071,0x0000000000000000000000000000000000000000,0.000001182963012000,Gas,address,address
0xc819dcdbb79e49a6c51dcabfb32d4b88dbc4a647d92f7110cb4cbb53f1149601,25153913,1779490427,0x263161a729d0961a3165ef61afa7f31cd8018cee,0x50995f97f63f8ec9a131272269f1388d88a03990,0.007941164765263657,Direct,address,address
0xc819dcdbb79e49a6c51dcabfb32d4b88dbc4a647d92f7110cb4cbb53f1149601,25153913,1779490427,0x263161a729d0961a3165ef61afa7f31cd8018cee,0x0000000000000000000000000000000000000000,0.000001182963012000,Gas,address,address
0xd478bec054b7c8cf5e1bb2726049c5f7bcee02f3ecb2d80ad3acbe5d7778b510,25153913,1779490427,0x6e659b2f0caccb0c5d642c87b300d7efc367454b,0x50995f97f63f8ec9a131272269f1388d88a03990,0.010581477349309403,Direct,address,address
0xd478bec054b7c8cf5e1bb2726049c5f7bcee02f3ecb2d80ad3acbe5d7778b510,25153913,1779490427,0x6e659b2f0caccb0c5d642c87b300d7efc367454b,0x0000000000000000000000000000000000000000,0.000001182963012000,Gas,address,address
0xd4c7684df2d0092fff63dad1dd5fe21b121e3b6c5d7ab932294e1559799a1bf6,25153913,1779490427,0xf409fc839dfb91345f742f0046bc0667a7c5e200,0x50995f97f63f8ec9a131272269f1388d88a03990,0.006759618374285204,Direct,address,address
0xd4c7684df2d0092fff63dad1dd5fe21b121e3b6c5d7ab932294e1559799a1bf6,25153913,1779490427,0xf409fc839dfb91345f742f0046bc0667a7c5e200,0x0000000000000000000000000000000000000000,0.000001182963012000,Gas,address,address
0xd8ca8e5740c408eb221fa85239f4112e0fb34d0473819f96341ad2ad4a25ccad,25153913,1779490427,0xefafec41e93c5b4f68981c4625dc5755ba3cf766,0x50995f97f63f8ec9a131272269f1388d88a03990,0.005687340341472364,Direct,address,address
0xd8ca8e5740c408eb221fa85239f4112e0fb34d0473819f96341ad2ad4a25ccad,25153913,1779490427,0xefafec41e93c5b4f68981c4625dc5755ba3cf766,0x0000000000000000000000000000000000000000,0.000001182963012000,Gas,address,address
0xd9b4f40694cde0881836162a8523958f63dbaee393d79980c862fea56fd99838,25153913,1779490427,0x257cda2f9dabd296a9a7fc9065103c7972f4b943,0x50995f97f63f8ec9a131272269f1388d88a03990,0.022388969773336591,Direct,address,address
0xd9b4f40694cde0881836162a8523958f63dbaee393d79980c862fea56fd99838,25153913,1779490427,0x257cda2f9dabd296a9a7fc9065103c7972f4b943,0x0000000000000000000000000000000000000000,0.000001182963012000,Gas,address,address
0xe0deca0a117ef7b98a9eee43a7d7d3a2b862d7758d1850d2310495c6c52cc663,25153913,1779490427,0xe632ab5fac6661e9feb0a60a460bb1f836653e24,0x50995f97f63f8ec9a131272269f1388d88a03990,0.011225787472860816,Direct,address,address
0xe0deca0a117ef7b98a9eee43a7d7d3a2b862d7758d1850d2310495c6c52cc663,25153913,1779490427,0xe632ab5fac6661e9feb0a60a460bb1f836653e24,0x0000000000000000000000000000000000000000,0.000001182963012000,Gas,address,address
0xe2e155855d7ddc9988731ee7cac9e4a69752cd5373b0cea00bcf7a107269412c,25153913,1779490427,0x20323dbb5ef6c976743e3bff6e6e0123a427a2cf,0x50995f97f63f8ec9a131272269f1388d88a03990,0.009987804900732034,Direct,address,address
0xe2e155855d7ddc9988731ee7cac9e4a69752cd5373b0cea00bcf7a107269412c,25153913,1779490427,0x20323dbb5ef6c976743e3bff6e6e0123a427a2cf,0x0000000000000000000000000000000000000000,0.000001182963012000,Gas,address,address
0xe46ff500b71dff73bfa81a7607c1ac93118a808bf5a21d8100d8fb96287b1604,25153913,1779490427,0x77b7fdf464ce43597d20608c0ef9865a4f4c7fa5,0x50995f97f63f8ec9a131272269f1388d88a03990,0.008460052994860726,Direct,address,address
0xe46ff500b71dff73bfa81a7607c1ac93118a808bf5a21d8100d8fb96287b1604,25153913,1779490427,0x77b7fdf464ce43597d20608c0ef9865a4f4c7fa5,0x0000000000000000000000000000000000000000,0.000001182963012000,Gas,address,address
0xe6a813c6203f34ded81c64091dba0e3d85cc26e5a8ad3e298f9a2d65972b5603,25153913,1779490427,0x7d41f4fa2df4888ccce8eee9d26f55b7e33567d3,0x50995f97f63f8ec9a131272269f1388d88a03990,0.010098205055424483,Direct,address,address
0xe6a813c6203f34ded81c64091dba0e3d85cc26e5a8ad3e298f9a2d65972b5603,25153913,1779490427,0x7d41f4fa2df4888ccce8eee9d26f55b7e33567d3,0x0000000000000000000000000000000000000000,0.000001182963012000,Gas,address,address
0xed0bc697017c2aeb25f14f51e36f32abac3df34090479ee5d46bb551c474ee5d,25153913,1779490427,0xe12af9854d77ee2463e84966bb4b18b5dd31c20a,0x50995f97f63f8ec9a131272269f1388d88a03990,0.009341830482614817,Direct,address,address
0xed0bc697017c2aeb25f14f51e36f32abac3df34090479ee5d46bb551c474ee5d,25153913,1779490427,0xe12af9854d77ee2463e84966bb4b18b5dd31c20a,0x0000000000000000000000000000000000000000,0.000001182963012000,Gas,address,address
0xef89b8df442350c4151a0159221c7f44d2266ec434c4652e51d17d59c49d32a3,25153913,1779490427,0x2b28ab667f3a0efbb744ba310761eb0cf3046062,0x50995f97f63f8ec9a131272269f1388d88a03990,0.006870954570304636,Direct,address,address
0xef89b8df442350c4151a0159221c7f44d2266ec434c4652e51d17d59c49d32a3,25153913,1779490427,0x2b28ab667f3a0efbb744ba310761eb0cf3046062,0x0000000000000000000000000000000000000000,0.000001182963012000,Gas,address,address
0xf70db376387edbe1327117ab30977b4936a66eea9cd06361476cc3ec6db4e6ae,25153913,1779490427,0xe862f449e26a18f75d80d94ff1cf9d4aa1ca8b3e,0x50995f97f63f8ec9a131272269f1388d88a03990,0.011552326220941640,Direct,address,address
0xf70db376387edbe1327117ab30977b4936a66eea9cd06361476cc3ec6db4e6ae,25153913,1779490427,0xe862f449e26a18f75d80d94ff1cf9d4aa1ca8b3e,0x0000000000000000000000000000000000000000,0.000001182963012000,Gas,address,address
0xf7dc3b371f5262af1f0daa750ca8c09edb5463936e6425ac2e804f1d1a6095b1,25153913,1779490427,0xcbb3baa593bea0f5c3509bf612422d6f1abb926c,0x50995f97f63f8ec9a131272269f1388d88a03990,0.057386325424243434,Direct,address,address
0xf7dc3b371f5262af1f0daa750ca8c09edb5463936e6425ac2e804f1d1a6095b1,25153913,1779490427,0xcbb3baa593bea0f5c3509bf612422d6f1abb926c,0x0000000000000000000000000000000000000000,0.000001182963012000,Gas,address,address
0xf97a226a1e84556b91bb83162bc9c39f2a2944151f3ff1b4cb29327b2cbc8dc4,25153913,1779490427,0x7a1de418ef3682c1cd451fcfc3a170450c5561f9,0x50995f97f63f8ec9a131272269f1388d88a03990,0.005986325424243427,Direct,address,address
0xf97a226a1e84556b91bb83162bc9c39f2a2944151f3ff1b4cb29327b2cbc8dc4,25153913,1779490427,0x7a1de418ef3682c1cd451fcfc3a170450c5561f9,0x0000000000000000000000000000000000000000,0.000001182963012000,Gas,address,address
0xfa8f57b26db69a98b53e5a88cc371e3c6b42533cad35ba52fafe85914c169da8,25153913,1779490427,0x1ca0d010717627675c50d3c6ff5bbec6d317ef3f,0x50995f97f63f8ec9a131272269f1388d88a03990,0.012376244853302484,Direct,address,address
0xfa8f57b26db69a98b53e5a88cc371e3c6b42533cad35ba52fafe85914c169da8,25153913,1779490427,0x1ca0d010717627675c50d3c6ff5bbec6d317ef3f,0x0000000000000000000000000000000000000000,0.000001182963012000,Gas,address,address
0xfaea6ca8956bdfa8b20172781eb3492eeeab472d807272aa129c365aee7f9101,25153913,1779490427,0xa18d64318ddf90d2c08c96acb0210467fc787478,0x50995f97f63f8ec9a131272269f1388d88a03990,0.005328155643655437,Direct,address,address
0xfaea6ca8956bdfa8b20172781eb3492eeeab472d807272aa129c365aee7f9101,25153913,1779490427,0xa18d64318ddf90d2c08c96acb0210467fc787478,0x0000000000000000000000000000000000000000,0.000001182963012000,Gas,address,address
0xacf8986cd6c547cbe903925442d0c897d06f972ff81314d03b01c624982fe7b8,25157525,1779533891,0x4d8b6d3723d8df7370e3d10d30fe5d4daede234a,0x4313c378cc91ea583c91387b9216e2c03096b27f,0.100000000000000006,Direct,address,address
0xacf8986cd6c547cbe903925442d0c897d06f972ff81314d03b01c624982fe7b8,25157525,1779533891,0x4d8b6d3723d8df7370e3d10d30fe5d4daede234a,0x0000000000000000000000000000000000000000,0.000114667939642422,Gas,address,address
0x463013ddf5fed2ef21773788b754ccd596930fe9d15f8af9e919e24d8a3e2231,25157582,1779534575,0x4d8b6d3723d8df7370e3d10d30fe5d4daede234a,0x0000000000000000000000000000000000000000,0.000109551428966288,Gas,address,address
0x6487fcf8ccf3a0f6938101fc2990f2589385a0942097e0505672db03706c8c8c,25157582,1779534575,0x4d8b6d3723d8df7370e3d10d30fe5d4daede234a,0x0000000000000000000000000000000000000000,0.000029054647963774,Gas,address,address
0x80c473c873b89a408131fef47f852feb98bbb5c5f0a784bc7031158a2da869e4,25158021,1779539843,0x4d8b6d3723d8df7370e3d10d30fe5d4daede234a,0x4313c378cc91ea583c91387b9216e2c03096b27f,0.100000000000000006,Direct,address,address
0x80c473c873b89a408131fef47f852feb98bbb5c5f0a784bc7031158a2da869e4,25158021,1779539843,0x4d8b6d3723d8df7370e3d10d30fe5d4daede234a,0x0000000000000000000000000000000000000000,0.000141452983824664,Gas,address,address
0x8dcfe49ebad8b1cbc7ebae5a94d3952cc262777a29188241192c1292bcad7fdd,25158029,1779539939,0x4d8b6d3723d8df7370e3d10d30fe5d4daede234a,0x0000000000000000000000000000000000000000,0.001581151000000000,Gas,address,address
0x9e7acd8958e2e2e3d9c0632517e13963f78f70514e0f09c3bafe98c5ee283e79,25158029,1779539939,0x4d8b6d3723d8df7370e3d10d30fe5d4daede234a,0x0000000000000000000000000000000000000000,0.000506352000000000,Gas,address,address
0xc19ef4b64a5861480eec84b4dcb9270b8f324a4738985aba0ba822a165673a95,25158879,1779550199,0x4d8b6d3723d8df7370e3d10d30fe5d4daede234a,0x4313c378cc91ea583c91387b9216e2c03096b27f,0.050000000000000003,Direct,address,address
0xc19ef4b64a5861480eec84b4dcb9270b8f324a4738985aba0ba822a165673a95,25158879,1779550199,0x4d8b6d3723d8df7370e3d10d30fe5d4daede234a,0x0000000000000000000000000000000000000000,0.000131433271870904,Gas,address,address
0x265f0e4ce50c47910c7c7e0d42d2bbb6641b186e8090f13ab9623f1bb6da00e6,25158881,1779550223,0x4d8b6d3723d8df7370e3d10d30fe5d4daede234a,0x4313c378cc91ea583c91387b9216e2c03096b27f,0.050000000000000003,Direct,address,address
0x265f0e4ce50c47910c7c7e0d42d2bbb6641b186e8090f13ab9623f1bb6da00e6,25158881,1779550223,0x4d8b6d3723d8df7370e3d10d30fe5d4daede234a,0x0000000000000000000000000000000000000000,0.000125122869795994,Gas,address,address
0x0372426899da9abb6c4ef0e23504ed609bef9b3efcabc7fa31413413c5ebb90f,25158884,1779550259,0x4d8b6d3723d8df7370e3d10d30fe5d4daede234a,0x0000000000000000000000000000000000000000,0.000151106585731724,Gas,address,address
0xbe79e69b8cce3f714f76266305b4d241c4322baf4346a6682f2889b14cdcbcec,25158884,1779550259,0x4d8b6d3723d8df7370e3d10d30fe5d4daede234a,0x0000000000000000000000000000000000000000,0.000036113154066808,Gas,address,address
0x68deb38c0f72277c828b8cd3d5f873fea3442fe83715ec4f54ff17ab7cae1a99,25158996,1779551615,0x2348e8a3a21dbe64ace84853d7b4b696e8a1fc27,0x28474cbcd780aeeb3ed1501b68254bed87cf5597,0.010000000000000000,Direct,address,victim_vault
0x13c0ba9357e7cbbec65f71ac4d0f2bd3e8139428c3c5e8cbb420d5d3c2f4fbcb,25158999,1779551651,0x2348e8a3a21dbe64ace84853d7b4b696e8a1fc27,0x28474cbcd780aeeb3ed1501b68254bed87cf5597,0.010000000000000000,Direct,address,victim_vault
0xa13035cecac7c8b0518a8fb5d8b7011731acc68f91e2ec6fe88e5e7d364d6d71,25159020,1779551903,0x2348e8a3a21dbe64ace84853d7b4b696e8a1fc27,0x28474cbcd780aeeb3ed1501b68254bed87cf5597,0.010000000000000000,Direct,address,victim_vault
0xd59eb3363f27b2156f839522721d35cafe7255e889e30c91a85a0e3f230798e6,25159046,1779552215,0x4d8b6d3723d8df7370e3d10d30fe5d4daede234a,0x4313c378cc91ea583c91387b9216e2c03096b27f,0.100000000000000006,Direct,address,address
0xd59eb3363f27b2156f839522721d35cafe7255e889e30c91a85a0e3f230798e6,25159046,1779552215,0x4d8b6d3723d8df7370e3d10d30fe5d4daede234a,0x0000000000000000000000000000000000000000,0.000135802480816088,Gas,address,address
0x63d2731b047e1e51699c7f85f477e8a3108527185ed3baf2c0a0a439d6ee849e,25159050,1779552275,0x4d8b6d3723d8df7370e3d10d30fe5d4daede234a,0x0000000000000000000000000000000000000000,0.000134125116727612,Gas,address,address
0xebc3b9d3e4a79c34086b17c61d7934f1baa5d693e7ce6ee3f1bd37c0f4400313,25159050,1779552275,0x4d8b6d3723d8df7370e3d10d30fe5d4daede234a,0x0000000000000000000000000000000000000000,0.000033577522718668,Gas,address,address
0xa761407604da8a07b7c4cccd11362b4d97daa34ee36e9eb67c146966a423b507,25159250,1779554675,0x4d8b6d3723d8df7370e3d10d30fe5d4daede234a,0x4313c378cc91ea583c91387b9216e2c03096b27f,0.100000000000000006,Direct,address,address
0xa761407604da8a07b7c4cccd11362b4d97daa34ee36e9eb67c146966a423b507,25159250,1779554675,0x4d8b6d3723d8df7370e3d10d30fe5d4daede234a,0x0000000000000000000000000000000000000000,0.000127718160154650,Gas,address,address
0xa5ead939adcb5aee53973b0ed6e4e5d712713c084a0aba9f6a701b8e0b27f9e8,25159262,1779554819,0x4d8b6d3723d8df7370e3d10d30fe5d4daede234a,0x0000000000000000000000000000000000000000,0.000116941840010254,Gas,address,address
0xb8bdb3e0389b181c4a0bb44fc264dd833a166b00f90bf3fd55adcd08c4d7a55e,25159262,1779554819,0x4d8b6d3723d8df7370e3d10d30fe5d4daede234a,0x0000000000000000000000000000000000000000,0.000030830827392046,Gas,address,address
0x61b24f989330c2b298014ba961a539da8cef0319d4628180d34235a519ea65bc,25159332,1779555671,0x4d8b6d3723d8df7370e3d10d30fe5d4daede234a,0x4313c378cc91ea583c91387b9216e2c03096b27f,0.100000000000000006,Direct,address,address
0x61b24f989330c2b298014ba961a539da8cef0319d4628180d34235a519ea65bc,25159332,1779555671,0x4d8b6d3723d8df7370e3d10d30fe5d4daede234a,0x0000000000000000000000000000000000000000,0.000517431506460492,Gas,address,address
0x2c20442f383a3e82292781fffc20d228f0d5edfb0499ab97c4441a57e0279004,25159345,1779555827,0x4d8b6d3723d8df7370e3d10d30fe5d4daede234a,0x4313c378cc91ea583c91387b9216e2c03096b27f,0.100000000000000006,Direct,address,address
0x2c20442f383a3e82292781fffc20d228f0d5edfb0499ab97c4441a57e0279004,25159345,1779555827,0x4d8b6d3723d8df7370e3d10d30fe5d4daede234a,0x0000000000000000000000000000000000000000,0.000517673793622881,Gas,address,address
0x9bbca50fdc992700703cfedc61fbe3892c29b3ad68f38d703e31f77cd33a9c25,25159361,1779556019,0x4d8b6d3723d8df7370e3d10d30fe5d4daede234a,0x0000000000000000000000000000000000000000,0.000030253172212813,Gas,address,address
0xa6881e784af590da49690a031dc7519ab23d9df23fc47d3cf86a442077610da4,25159361,1779556019,0x4d8b6d3723d8df7370e3d10d30fe5d4daede234a,0x0000000000000000000000000000000000000000,0.000117276386589075,Gas,address,address
0xdce9d50ed50dc1d2c578007677629ea24d6ae6b73a7bcab7618dfbd13aa436cc,25159372,1779556151,0x4d8b6d3723d8df7370e3d10d30fe5d4daede234a,0x4313c378cc91ea583c91387b9216e2c03096b27f,0.100000000000000006,Direct,address,address
0xdce9d50ed50dc1d2c578007677629ea24d6ae6b73a7bcab7618dfbd13aa436cc,25159372,1779556151,0x4d8b6d3723d8df7370e3d10d30fe5d4daede234a,0x0000000000000000000000000000000000000000,0.000471714489826437,Gas,address,address
0x2be58074def7fbcfda796d9e78dea96db08c93a0a337874768cbbc81fccd15a3,25159590,1779558779,0x4d8b6d3723d8df7370e3d10d30fe5d4daede234a,0x0000000000000000000000000000000000000000,0.000007894301162466,Gas,address,address
0x7ce6a277ee887dd447376bf8a5a02c8b90e2c012938c05775437bce8f1cdd076,25159590,1779558779,0x4d8b6d3723d8df7370e3d10d30fe5d4daede234a,0x0000000000000000000000000000000000000000,0.000100003235100698,Gas,address,address
0x08821d8eba8260fb5704463e760c610572b525ebbf332a38256a03ce0ff11a31,25159591,1779558791,0x4d8b6d3723d8df7370e3d10d30fe5d4daede234a,0x0000000000000000000000000000000000000000,0.000059304464242065,Gas,address,address
0x116d3914acabbf9cd9bf0b950a8fa32effce0c8b070565e30d2d2bb3e39cbd17,25159680,1779559859,0x4d8b6d3723d8df7370e3d10d30fe5d4daede234a,0x0000000000000000000000000000000000000000,0.000505923000000000,Gas,address,address
0xfb03ae34ba5b42a326f6c8e22c9771e7e239c26bb627fa533f22ca1539563cd0,25159680,1779559859,0x4d8b6d3723d8df7370e3d10d30fe5d4daede234a,0x0000000000000000000000000000000000000000,0.002012593000000000,Gas,address,address
0x705e09062431c13aa1d46ca67328083ababcae738a2268b720993774bb9c132b,25161868,1779586199,0x4d8b6d3723d8df7370e3d10d30fe5d4daede234a,0x4313c378cc91ea583c91387b9216e2c03096b27f,0.200000000000000011,Direct,address,address
0x705e09062431c13aa1d46ca67328083ababcae738a2268b720993774bb9c132b,25161868,1779586199,0x4d8b6d3723d8df7370e3d10d30fe5d4daede234a,0x0000000000000000000000000000000000000000,0.000513916312441080,Gas,address,address
0x6e8067da41f736fcc0f8fa2114ebd075ab1a3bb0074a129347120bbfb9021144,25161918,1779586799,0x4d8b6d3723d8df7370e3d10d30fe5d4daede234a,0x4313c378cc91ea583c91387b9216e2c03096b27f,0.020000000000000000,Direct,address,address
0x6e8067da41f736fcc0f8fa2114ebd075ab1a3bb0074a129347120bbfb9021144,25161918,1779586799,0x4d8b6d3723d8df7370e3d10d30fe5d4daede234a,0x0000000000000000000000000000000000000000,0.000556930182857104,Gas,address,address
0x229f6c1910ac1bfcbd50f860c831fddffc3273903ac161d2d570ebe96fef151d,25163154,1779601691,0x9ec2f5e65548f87e107aa61bec0a4c13ce6ba663,0x0000000000000000000000000000000000000000,0.000164815543460272,Gas,address,address
0x37fe1e9bd9e73cd84332ce1de577f1a01bae434ba961435d00ef1ec4992728b7,25163154,1779601691,0x9ec2f5e65548f87e107aa61bec0a4c13ce6ba663,0x0000000000000000000000000000000000000000,0.000028635272775950,Gas,address,address
0x0be5a3669949c4fa5f7ab71dcf3333b5c671990c50f5b5bb0d2c875476c25d29,25163992,1779611759,0x4d8b6d3723d8df7370e3d10d30fe5d4daede234a,0x0000000000000000000000000000000000000000,0.000116748106513605,Gas,address,address
0x60e5b12138796a59e48085eeb063b673c02714df4eaf8f28da4c9f9af51a4d84,25163992,1779611759,0x4d8b6d3723d8df7370e3d10d30fe5d4daede234a,0x0000000000000000000000000000000000000000,0.000029339647913451,Gas,address,address
0x855ecdd7096002216f4bf9d59413aef56184be9b5dd5141555d8cbf0be058298,25164261,1779614999,0x4d8b6d3723d8df7370e3d10d30fe5d4daede234a,0x4313c378cc91ea583c91387b9216e2c03096b27f,0.014000000000000000,Direct,address,address
0x855ecdd7096002216f4bf9d59413aef56184be9b5dd5141555d8cbf0be058298,25164261,1779614999,0x4d8b6d3723d8df7370e3d10d30fe5d4daede234a,0x0000000000000000000000000000000000000000,0.000473707239204752,Gas,address,address
0x3c953ddd7d9f3d33714d112db6a45d390d495c79f1b63e9c87e3b6198741f31e,25164306,1779615551,0x9ec2f5e65548f87e107aa61bec0a4c13ce6ba663,0x4313c378cc91ea583c91387b9216e2c03096b27f,0.040000000000000001,Direct,address,address
0x3c953ddd7d9f3d33714d112db6a45d390d495c79f1b63e9c87e3b6198741f31e,25164306,1779615551,0x9ec2f5e65548f87e107aa61bec0a4c13ce6ba663,0x0000000000000000000000000000000000000000,0.000122214535793504,Gas,address,address
0x180b5fe78801746753fff958d768dff6da1c8cf6e633b4940aab7614af061622,25167486,1779653855,0xa18d64318ddf90d2c08c96acb0210467fc787478,0x3328f7f4a1d1c57c35df56bbf0c9dcafca309c49,0.040000000000000001,Direct,address,address
0x180b5fe78801746753fff958d768dff6da1c8cf6e633b4940aab7614af061622,25167486,1779653855,0xa18d64318ddf90d2c08c96acb0210467fc787478,0x0000000000000000000000000000000000000000,0.000014300448358941,Gas,address,address
0x267e33b27352ccaf9c83fc91483f51a2332c949053739f0d6fc60fa933e75000,25167486,1779653855,0x870a8213faf15d366677de6fa8aed31cd2154a87,0x7a250d5630b4cf539739df2c5dacb4c659f2488d,0.100000000000000006,Direct,address,address
0x267e33b27352ccaf9c83fc91483f51a2332c949053739f0d6fc60fa933e75000,25167486,1779653855,0x870a8213faf15d366677de6fa8aed31cd2154a87,0x0000000000000000000000000000000000000000,0.000012616447729440,Gas,address,address
0x5742f7c51c43c8a2eb6fcb2a13dc775837c00131af445b7b7ce670df3c8fa716,25167486,1779653855,0xf7b096deccabc81290c7666e15f838bf90d4fd00,0x7a250d5630b4cf539739df2c5dacb4c659f2488d,0.149199999999999999,Direct,address,address
0x5742f7c51c43c8a2eb6fcb2a13dc775837c00131af445b7b7ce670df3c8fa716,25167486,1779653855,0xf7b096deccabc81290c7666e15f838bf90d4fd00,0x0000000000000000000000000000000000000000,0.000013541345715468,Gas,address,address
0xac8e6f8207026cf31106104b0e6b7d0e4e217f9957028fcbd95642a85fbb6270,25167488,1779653879,0x7fce3e6b828ee24ac69d0027e8eca33c77a22009,0x7a250d5630b4cf539739df2c5dacb4c659f2488d,0.105848598520506709,Direct,address,address
0xac8e6f8207026cf31106104b0e6b7d0e4e217f9957028fcbd95642a85fbb6270,25167488,1779653879,0x7fce3e6b828ee24ac69d0027e8eca33c77a22009,0x0000000000000000000000000000000000000000,0.000012314649090432,Gas,address,address
0xb6486d79bb790251dd51a6896943d4e449f37fc6a98fbdc2dbe4269b53379209,25167488,1779653879,0xdb7f5bb0d3815862a77330d3056690fd01b6341f,0x3328f7f4a1d1c57c35df56bbf0c9dcafca309c49,0.075568744643802352,Direct,address,address
0xb6486d79bb790251dd51a6896943d4e449f37fc6a98fbdc2dbe4269b53379209,25167488,1779653879,0xdb7f5bb0d3815862a77330d3056690fd01b6341f,0x0000000000000000000000000000000000000000,0.000013959547006752,Gas,address,address
0xf1390dde97a84ef22c84f81d507e2568690e06a279e5d9b09a853df93283f1f1,25167488,1779653879,0x8343d9c79116936275c41d262dc109969297eee7,0x3328f7f4a1d1c57c35df56bbf0c9dcafca309c49,0.072578226370817941,Direct,address,address
0xf1390dde97a84ef22c84f81d507e2568690e06a279e5d9b09a853df93283f1f1,25167488,1779653879,0x8343d9c79116936275c41d262dc109969297eee7,0x0000000000000000000000000000000000000000,0.000014863438154016,Gas,address,address
0x39ba30ced62ba847d8968a70b51412d580ffe8d03ee00780dd4a8157ea7d50b7,25167490,1779653903,0xc1e67fd3c3ebff35e87a76fc9e7c4598ed2fdf79,0x7a250d5630b4cf539739df2c5dacb4c659f2488d,0.050000000000000003,Direct,address,address
0x39ba30ced62ba847d8968a70b51412d580ffe8d03ee00780dd4a8157ea7d50b7,25167490,1779653903,0xc1e67fd3c3ebff35e87a76fc9e7c4598ed2fdf79,0x0000000000000000000000000000000000000000,0.000012967503737920,Gas,address,address
0x2249d439f21f795691e51f97ceed217a85873a77ef140c0f8392fe2522698ca4,25167494,1779653951,0xbc8a46c29a79250bee25f77b8475804a1650a8e3,0x3328f7f4a1d1c57c35df56bbf0c9dcafca309c49,0.137626990334556470,Direct,address,address
0x2249d439f21f795691e51f97ceed217a85873a77ef140c0f8392fe2522698ca4,25167494,1779653951,0xbc8a46c29a79250bee25f77b8475804a1650a8e3,0x0000000000000000000000000000000000000000,0.000017443681780149,Gas,address,address
0xa411ed2cc2f642e2e3a614007b8a139d27d707247af4b49ee7b7243dc3f7e247,25167494,1779653951,0xe635e0d567fe83ac4cba2902a6448f9f9889b2fd,0x7a250d5630b4cf539739df2c5dacb4c659f2488d,0.078848581375555227,Direct,address,address
0xa411ed2cc2f642e2e3a614007b8a139d27d707247af4b49ee7b7243dc3f7e247,25167494,1779653951,0xe635e0d567fe83ac4cba2902a6448f9f9889b2fd,0x0000000000000000000000000000000000000000,0.000016519029905328,Gas,address,address
0xf404661114563b3b13b5c8870ab57a209badb794631b1711d715d8dfa5e693b0,25167494,1779653951,0x77b7fdf464ce43597d20608c0ef9865a4f4c7fa5,0x7a250d5630b4cf539739df2c5dacb4c659f2488d,0.078011964700352057,Direct,address,address
0xf404661114563b3b13b5c8870ab57a209badb794631b1711d715d8dfa5e693b0,25167494,1779653951,0x77b7fdf464ce43597d20608c0ef9865a4f4c7fa5,0x0000000000000000000000000000000000000000,0.000015389538416160,Gas,address,address
0x1493988bac521a835fb1e9789ddf71e0e98dc067095fde1e9c3ad287f674f5a3,25167495,1779653963,0x10929a535625d921fbff72480142dea0184be50e,0x3328f7f4a1d1c57c35df56bbf0c9dcafca309c49,0.149999999999999994,Direct,address,address
0x1493988bac521a835fb1e9789ddf71e0e98dc067095fde1e9c3ad287f674f5a3,25167495,1779653963,0x10929a535625d921fbff72480142dea0184be50e,0x0000000000000000000000000000000000000000,0.000017036990999946,Gas,address,address
0x53f09e3e89f08630d7cb92b2f0157157f9ff01ef0c69cb9534e246b653202ffb,25167495,1779653963,0x750819c35800a9acdf9a800212202ddb100af5db,0x7a250d5630b4cf539739df2c5dacb4c659f2488d,0.149199999999999999,Direct,address,address
0x53f09e3e89f08630d7cb92b2f0157157f9ff01ef0c69cb9534e246b653202ffb,25167495,1779653963,0x750819c35800a9acdf9a800212202ddb100af5db,0x0000000000000000000000000000000000000000,0.000015029468049336,Gas,address,address
0x75cb156302ca84cc2a6465311ab49e1df817efccd2db4382e688153b9871bbdb,25167495,1779653963,0x2b28ab667f3a0efbb744ba310761eb0cf3046062,0x7a250d5630b4cf539739df2c5dacb4c659f2488d,0.040000000000000001,Direct,address,address
0x75cb156302ca84cc2a6465311ab49e1df817efccd2db4382e688153b9871bbdb,25167495,1779653963,0x2b28ab667f3a0efbb744ba310761eb0cf3046062,0x0000000000000000000000000000000000000000,0.000015030738968640,Gas,address,address
0x95c8ddbe234b9dc91a56bdf78b9e3f1db64c344d333ee0cbfca70026e22d6419,25167495,1779653963,0xfde8ca90a0e648ba896b8a4d0f579c36c373fdd3,0x3328f7f4a1d1c57c35df56bbf0c9dcafca309c49,0.050000000000000003,Direct,address,address
0x95c8ddbe234b9dc91a56bdf78b9e3f1db64c344d333ee0cbfca70026e22d6419,25167495,1779653963,0xfde8ca90a0e648ba896b8a4d0f579c36c373fdd3,0x0000000000000000000000000000000000000000,0.000017036990999946,Gas,address,address
0x153212b83fca3fa26d8eaed6cd07b072e2f83aad9202fc6e94ee80c1decbe119,25167503,1779654059,0x3bf21733e11dcd57e97d60012af268c27de54839,0x3328f7f4a1d1c57c35df56bbf0c9dcafca309c49,0.080000000000000002,Direct,address,address
0x153212b83fca3fa26d8eaed6cd07b072e2f83aad9202fc6e94ee80c1decbe119,25167503,1779654059,0x3bf21733e11dcd57e97d60012af268c27de54839,0x0000000000000000000000000000000000000000,0.000013952983085316,Gas,address,address
0xafd1253c66b7b06855989cb4451d17bd1f8af482be3050028bf0c4722f7a7f86,25167503,1779654059,0xff5202ecf522699226d19ecc0881532722106ccd,0x7a250d5630b4cf539739df2c5dacb4c659f2488d,0.029999999999999999,Direct,address,address
0xafd1253c66b7b06855989cb4451d17bd1f8af482be3050028bf0c4722f7a7f86,25167503,1779654059,0xff5202ecf522699226d19ecc0881532722106ccd,0x0000000000000000000000000000000000000000,0.000012324149439360,Gas,address,address
0xcf39dd4e8768f8100634affa639ed02c5172a03df3a707959873e046daba9679,25167503,1779654059,0xce0e56416d5e8bd78c9dc305f6fc05b5715111c8,0x7a250d5630b4cf539739df2c5dacb4c659f2488d,0.070000000000000007,Direct,address,address
0xcf39dd4e8768f8100634affa639ed02c5172a03df3a707959873e046daba9679,25167503,1779654059,0xce0e56416d5e8bd78c9dc305f6fc05b5715111c8,0x0000000000000000000000000000000000000000,0.000013228661421888,Gas,address,address
0x0d1bc8e5061ada34451c55c65a58dfb48e5e1ededd55ffc06b79c39f3dc05be5,25167508,1779654119,0xd5902c4f0b456f47fadf5e83d1a3eb96d6f9408c,0x3328f7f4a1d1c57c35df56bbf0c9dcafca309c49,0.065140705480183594,Direct,address,address
0x0d1bc8e5061ada34451c55c65a58dfb48e5e1ededd55ffc06b79c39f3dc05be5,25167508,1779654119,0xd5902c4f0b456f47fadf5e83d1a3eb96d6f9408c,0x0000000000000000000000000000000000000000,0.000016143527900385,Gas,address,address
0x212a844f4d37bb16f402b51925b917a2e718ad11a2a5362fac4301685a4bc05b,25167508,1779654119,0xa8b78f6ebf220c1d7498236260316831624ac232,0x7a250d5630b4cf539739df2c5dacb4c659f2488d,0.077255445735256861,Direct,address,address
0x212a844f4d37bb16f402b51925b917a2e718ad11a2a5362fac4301685a4bc05b,25167508,1779654119,0xa8b78f6ebf220c1d7498236260316831624ac232,0x0000000000000000000000000000000000000000,0.000013376359504800,Gas,address,address
0xbe8259f60c8344c2013c441c8dc1f5f2cbc9a40e03de2eaec1b293fc97ef8eaf,25167508,1779654119,0x43076ad18faba5166f0b94a1d8e24b60f6c82255,0x3328f7f4a1d1c57c35df56bbf0c9dcafca309c49,0.120287934116495007,Direct,address,address
0xbe8259f60c8344c2013c441c8dc1f5f2cbc9a40e03de2eaec1b293fc97ef8eaf,25167508,1779654119,0x43076ad18faba5166f0b94a1d8e24b60f6c82255,0x0000000000000000000000000000000000000000,0.000015161790579345,Gas,address,address
0x298b1103caefb03a9e8c70eeba7b223d757d99f931dfadd0533440a7c35fc647,25167512,1779654167,0x063676cb3ae3c76fb7282f6db01d010abf7e95a0,0x3328f7f4a1d1c57c35df56bbf0c9dcafca309c49,0.039039091747339945,Direct,address,address
0x298b1103caefb03a9e8c70eeba7b223d757d99f931dfadd0533440a7c35fc647,25167512,1779654167,0x063676cb3ae3c76fb7282f6db01d010abf7e95a0,0x0000000000000000000000000000000000000000,0.000014958264620526,Gas,address,address
0x6fbd9f6a4dcae1425df2c35208cbcb7ac201d9166d5653ff3841dd2ba578a775,25167512,1779654167,0xe12af9854d77ee2463e84966bb4b18b5dd31c20a,0x3328f7f4a1d1c57c35df56bbf0c9dcafca309c49,0.139456659235184216,Direct,address,address
0x6fbd9f6a4dcae1425df2c35208cbcb7ac201d9166d5653ff3841dd2ba578a775,25167512,1779654167,0xe12af9854d77ee2463e84966bb4b18b5dd31c20a,0x0000000000000000000000000000000000000000,0.000014958264620526,Gas,address,address
0x97df824223b8934a66c18746a0c6e82696ea95999710c9f8647986b51d9bb77c,25167512,1779654167,0x5355c7c2bb2e49945537beaabbaff57ad2e9b224,0x3328f7f4a1d1c57c35df56bbf0c9dcafca309c49,0.080370089503228950,Direct,address,address
0x97df824223b8934a66c18746a0c6e82696ea95999710c9f8647986b51d9bb77c,25167512,1779654167,0x5355c7c2bb2e49945537beaabbaff57ad2e9b224,0x0000000000000000000000000000000000000000,0.000014958264620526,Gas,address,address
0xa7ed6ab229ab075e9911aba4aa42417c0f02249362fbfbbdbad38c7116031af4,25167512,1779654167,0x7d41f4fa2df4888ccce8eee9d26f55b7e33567d3,0x3328f7f4a1d1c57c35df56bbf0c9dcafca309c49,0.155351649763681376,Direct,address,address
0xa7ed6ab229ab075e9911aba4aa42417c0f02249362fbfbbdbad38c7116031af4,25167512,1779654167,0x7d41f4fa2df4888ccce8eee9d26f55b7e33567d3,0x0000000000000000000000000000000000000000,0.000014958264620526,Gas,address,address
0xe830fa52aa40cad73f929f9015d09f0958cff793768da7bf63b3ebc034bbb88b,25167512,1779654167,0xf409fc839dfb91345f742f0046bc0667a7c5e200,0x3328f7f4a1d1c57c35df56bbf0c9dcafca309c49,0.061123072822608024,Direct,address,address
0xe830fa52aa40cad73f929f9015d09f0958cff793768da7bf63b3ebc034bbb88b,25167512,1779654167,0xf409fc839dfb91345f742f0046bc0667a7c5e200,0x0000000000000000000000000000000000000000,0.000014958264620526,Gas,address,address
0x0536436b02b8bb779a6f57c9c9038bdd412614ef49b59d935be380b20daf60cd,25167517,1779654227,0xd377fdd91381cfcc1c37388e52ef0a7c37f33c21,0x7a250d5630b4cf539739df2c5dacb4c659f2488d,0.149199999999999999,Direct,address,address
0x0536436b02b8bb779a6f57c9c9038bdd412614ef49b59d935be380b20daf60cd,25167517,1779654227,0xd377fdd91381cfcc1c37388e52ef0a7c37f33c21,0x0000000000000000000000000000000000000000,0.000014819553351520,Gas,address,address
0x078746d02b382b7e373dbe7b35cace82f4aa3b3a988b935f40de028f2a9d7af9,25167517,1779654227,0x6e659b2f0caccb0c5d642c87b300d7efc367454b,0x3328f7f4a1d1c57c35df56bbf0c9dcafca309c49,0.099000000000000005,Direct,address,address
0x078746d02b382b7e373dbe7b35cace82f4aa3b3a988b935f40de028f2a9d7af9,25167517,1779654227,0x6e659b2f0caccb0c5d642c87b300d7efc367454b,0x0000000000000000000000000000000000000000,0.000016797617043303,Gas,address,address
0x09c552c6e07d1a517c9bf650e833b5addcd29d47c498b6d36f80df6952739723,25167517,1779654227,0xa37eaed2aba7be8e83e2f419fb2094093886d90a,0x3328f7f4a1d1c57c35df56bbf0c9dcafca309c49,0.040000000000000001,Direct,address,address
0x09c552c6e07d1a517c9bf650e833b5addcd29d47c498b6d36f80df6952739723,25167517,1779654227,0xa37eaed2aba7be8e83e2f419fb2094093886d90a,0x0000000000000000000000000000000000000000,0.000017885275355799,Gas,address,address
0x4ac785c46adac759673202891a8adc6c562efb707a3b8f6cb73f0d6a880fc955,25167517,1779654227,0x71fbaccdcd43cdab9161fe92a8359f90cf0e2905,0x7a250d5630b4cf539739df2c5dacb4c659f2488d,0.089999999999999997,Direct,address,address
0x4ac785c46adac759673202891a8adc6c562efb707a3b8f6cb73f0d6a880fc955,25167517,1779654227,0x71fbaccdcd43cdab9161fe92a8359f90cf0e2905,0x0000000000000000000000000000000000000000,0.000014819553351520,Gas,address,address
0x9da7df6fb76150fe37d3cc2478861a6ace9203b49057499895c58eb55fd7e924,25167517,1779654227,0x7a0fec301682758cce8aa6a9d1ce9196bde16052,0x7a250d5630b4cf539739df2c5dacb4c659f2488d,0.099500000000000005,Direct,address,address
0x9da7df6fb76150fe37d3cc2478861a6ace9203b49057499895c58eb55fd7e924,25167517,1779654227,0x7a0fec301682758cce8aa6a9d1ce9196bde16052,0x0000000000000000000000000000000000000000,0.000014819553351520,Gas,address,address
0xa7bd955e5e69ec105e4ee2a2e03b3cae2ec96db32801bdc4c42d19d20ef4761c,25167517,1779654227,0xe3f81b0c4e0302e9e87563ee1ba165913c07fbb3,0x3328f7f4a1d1c57c35df56bbf0c9dcafca309c49,0.100000000000000006,Direct,address,address
0xa7bd955e5e69ec105e4ee2a2e03b3cae2ec96db32801bdc4c42d19d20ef4761c,25167517,1779654227,0xe3f81b0c4e0302e9e87563ee1ba165913c07fbb3,0x0000000000000000000000000000000000000000,0.000016797617043303,Gas,address,address
0xcc09520acdc67cbae95b57f347b284ad872f313fd79c893a528b8298ff40806f,25167517,1779654227,0x257cda2f9dabd296a9a7fc9065103c7972f4b943,0x3328f7f4a1d1c57c35df56bbf0c9dcafca309c49,0.099500000000000005,Direct,address,address
0xcc09520acdc67cbae95b57f347b284ad872f313fd79c893a528b8298ff40806f,25167517,1779654227,0x257cda2f9dabd296a9a7fc9065103c7972f4b943,0x0000000000000000000000000000000000000000,0.000016797617043303,Gas,address,address
0xf3337db8e161eac6239c7e1327da96ba50ac691c159a576a276a1507e7439af1,25167517,1779654227,0x7c5a0f138ba96b7132f6befe9f79cf4796f06a92,0x3328f7f4a1d1c57c35df56bbf0c9dcafca309c49,0.039800000000000002,Direct,address,address
0xf3337db8e161eac6239c7e1327da96ba50ac691c159a576a276a1507e7439af1,25167517,1779654227,0x7c5a0f138ba96b7132f6befe9f79cf4796f06a92,0x0000000000000000000000000000000000000000,0.000016797617043303,Gas,address,address
0x1d4baee311352585db774d08a4ad53ede4e418567795069f8671d72d62c985ae,25167521,1779654275,0x2f1a91f603a082c6f64e0ad8925cf918c5c491f0,0x7a250d5630b4cf539739df2c5dacb4c659f2488d,0.049700000000000001,Direct,address,address
0x1d4baee311352585db774d08a4ad53ede4e418567795069f8671d72d62c985ae,25167521,1779654275,0x2f1a91f603a082c6f64e0ad8925cf918c5c491f0,0x0000000000000000000000000000000000000000,0.000017468014151840,Gas,address,address
0x342a58c4dd250698071f444e24d9f2e45c80af91bf1d73e9a3634a34483d579f,25167521,1779654275,0x46ddf32eb8bfb94d94c10f06afaef1d59176f6c9,0x3328f7f4a1d1c57c35df56bbf0c9dcafca309c49,0.099000000000000005,Direct,address,address
0x342a58c4dd250698071f444e24d9f2e45c80af91bf1d73e9a3634a34483d579f,25167521,1779654275,0x46ddf32eb8bfb94d94c10f06afaef1d59176f6c9,0x0000000000000000000000000000000000000000,0.000021081623421033,Gas,address,address
0xbd0c471f421a2810f76b740624a3160f20c58a297cdebffc4f61e7a1632fb151,25167521,1779654275,0x9de74997e2a418d9b9614a7960cf48b2f8dd22b2,0x7a250d5630b4cf539739df2c5dacb4c659f2488d,0.099000000000000005,Direct,address,address
0xbd0c471f421a2810f76b740624a3160f20c58a297cdebffc4f61e7a1632fb151,25167521,1779654275,0x9de74997e2a418d9b9614a7960cf48b2f8dd22b2,0x0000000000000000000000000000000000000000,0.000017468014151840,Gas,address,address
0xbdf7992a2167d19f16a2c0785069a1bc76dda3156256cbc9d27c8fb9ef65e480,25167521,1779654275,0x263161a729d0961a3165ef61afa7f31cd8018cee,0x3328f7f4a1d1c57c35df56bbf0c9dcafca309c49,0.099000000000000005,Direct,address,address
0xbdf7992a2167d19f16a2c0785069a1bc76dda3156256cbc9d27c8fb9ef65e480,25167521,1779654275,0x263161a729d0961a3165ef61afa7f31cd8018cee,0x0000000000000000000000000000000000000000,0.000019799585403801,Gas,address,address
0x089308d3411a50c0085e800f1a0a32e27111c8b61cc57c7744361a8e246665a6,25167783,1779657419,0xe12af9854d77ee2463e84966bb4b18b5dd31c20a,0x50995f97f63f8ec9a131272269f1388d88a03990,0.012325979388400254,Direct,address,address
0x089308d3411a50c0085e800f1a0a32e27111c8b61cc57c7744361a8e246665a6,25167783,1779657419,0xe12af9854d77ee2463e84966bb4b18b5dd31c20a,0x0000000000000000000000000000000000000000,0.000002403111795000,Gas,address,address
0x13841365995855494cb6ad314082b41b7cdfb83cd69b599f91f836ba12239031,25167783,1779657419,0xf7b096deccabc81290c7666e15f838bf90d4fd00,0x50995f97f63f8ec9a131272269f1388d88a03990,0.049584055542489534,Direct,address,address
0x13841365995855494cb6ad314082b41b7cdfb83cd69b599f91f836ba12239031,25167783,1779657419,0xf7b096deccabc81290c7666e15f838bf90d4fd00,0x0000000000000000000000000000000000000000,0.000002403111795000,Gas,address,address
0x1baecc93ffe51eea5c72db0629406a5ee7b34045b7eeb1d01d0957b2641001b8,25167783,1779657419,0xa8b78f6ebf220c1d7498236260316831624ac232,0x50995f97f63f8ec9a131272269f1388d88a03990,0.009128774793443340,Direct,address,address
0x1baecc93ffe51eea5c72db0629406a5ee7b34045b7eeb1d01d0957b2641001b8,25167783,1779657419,0xa8b78f6ebf220c1d7498236260316831624ac232,0x0000000000000000000000000000000000000000,0.000002403111795000,Gas,address,address
0x1de759e80139090b021afd450af989e5be75c8592c8e82e06db9716a4b2fde93,25167783,1779657419,0x7c5a0f138ba96b7132f6befe9f79cf4796f06a92,0x50995f97f63f8ec9a131272269f1388d88a03990,0.010180799271161696,Direct,address,address
0x1de759e80139090b021afd450af989e5be75c8592c8e82e06db9716a4b2fde93,25167783,1779657419,0x7c5a0f138ba96b7132f6befe9f79cf4796f06a92,0x0000000000000000000000000000000000000000,0.000002403111795000,Gas,address,address
0x263770bf07313639eae4c0125fbf15889259890b2110071c85669493574eb04a,25167783,1779657419,0xe635e0d567fe83ac4cba2902a6448f9f9889b2fd,0x50995f97f63f8ec9a131272269f1388d88a03990,0.010732496482744432,Direct,address,address
0x263770bf07313639eae4c0125fbf15889259890b2110071c85669493574eb04a,25167783,1779657419,0xe635e0d567fe83ac4cba2902a6448f9f9889b2fd,0x0000000000000000000000000000000000000000,0.000002403111795000,Gas,address,address
0x294315c9e900ed713b089136bb51d4c0307fe668d0e177b218d916d46eb1e55a,25167783,1779657419,0xa37eaed2aba7be8e83e2f419fb2094093886d90a,0x50995f97f63f8ec9a131272269f1388d88a03990,0.024379711612849200,Direct,address,address
0x294315c9e900ed713b089136bb51d4c0307fe668d0e177b218d916d46eb1e55a,25167783,1779657419,0xa37eaed2aba7be8e83e2f419fb2094093886d90a,0x0000000000000000000000000000000000000000,0.000002403111795000,Gas,address,address
0x2c2d1bb8d206a63e4234ef24c4b621381a54ab297a9820eb46474b9bfda23479,25167783,1779657419,0x43076ad18faba5166f0b94a1d8e24b60f6c82255,0x50995f97f63f8ec9a131272269f1388d88a03990,0.012494500981130644,Direct,address,address
0x2c2d1bb8d206a63e4234ef24c4b621381a54ab297a9820eb46474b9bfda23479,25167783,1779657419,0x43076ad18faba5166f0b94a1d8e24b60f6c82255,0x0000000000000000000000000000000000000000,0.000002403111795000,Gas,address,address
0x2c906bff70e3efdd21a486579237be017a8f1d078eb46e318292ec8b0cc233c4,25167783,1779657419,0x6e659b2f0caccb0c5d642c87b300d7efc367454b,0x50995f97f63f8ec9a131272269f1388d88a03990,0.039580799271161697,Direct,address,address
0x2c906bff70e3efdd21a486579237be017a8f1d078eb46e318292ec8b0cc233c4,25167783,1779657419,0x6e659b2f0caccb0c5d642c87b300d7efc367454b,0x0000000000000000000000000000000000000000,0.000002403111795000,Gas,address,address
0x2e696874ee50723d615b21627216b5f1610db03ef4dcbb9d5b8166b0de7e3177,25167783,1779657419,0x9de74997e2a418d9b9614a7960cf48b2f8dd22b2,0x50995f97f63f8ec9a131272269f1388d88a03990,0.045980128874053151,Direct,address,address
0x2e696874ee50723d615b21627216b5f1610db03ef4dcbb9d5b8166b0de7e3177,25167783,1779657419,0x9de74997e2a418d9b9614a7960cf48b2f8dd22b2,0x0000000000000000000000000000000000000000,0.000002403111795000,Gas,address,address
0x32660d6130ca7f74f2ad0dccbf667aeab413cc6896e21aca4711fb1b0b944133,25167783,1779657419,0xc1e67fd3c3ebff35e87a76fc9e7c4598ed2fdf79,0x50995f97f63f8ec9a131272269f1388d88a03990,0.007784629384467077,Direct,address,address
0x32660d6130ca7f74f2ad0dccbf667aeab413cc6896e21aca4711fb1b0b944133,25167783,1779657419,0xc1e67fd3c3ebff35e87a76fc9e7c4598ed2fdf79,0x0000000000000000000000000000000000000000,0.000002403111795000,Gas,address,address
0x34116bd747f384af60b012acb0d71c340bdde251174f8b5f7b11dd981947b645,25167783,1779657419,0x2f1a91f603a082c6f64e0ad8925cf918c5c491f0,0x50995f97f63f8ec9a131272269f1388d88a03990,0.026480128874053158,Direct,address,address
0x34116bd747f384af60b012acb0d71c340bdde251174f8b5f7b11dd981947b645,25167783,1779657419,0x2f1a91f603a082c6f64e0ad8925cf918c5c491f0,0x0000000000000000000000000000000000000000,0.000002403111795000,Gas,address,address
0x37972a9ade988d8870c1fbe4b61132991a09913cf48d73bc7432a7dd6953fa72,25167783,1779657419,0x2b28ab667f3a0efbb744ba310761eb0cf3046062,0x50995f97f63f8ec9a131272269f1388d88a03990,0.029982566149236362,Direct,address,address
0x37972a9ade988d8870c1fbe4b61132991a09913cf48d73bc7432a7dd6953fa72,25167783,1779657419,0x2b28ab667f3a0efbb744ba310761eb0cf3046062,0x0000000000000000000000000000000000000000,0.000002403111795000,Gas,address,address
0x3f509dff01f79138bdacdbcff9f730cb5084fe404a686b750a6b70c022730c94,25167783,1779657419,0x7fce3e6b828ee24ac69d0027e8eca33c77a22009,0x50995f97f63f8ec9a131272269f1388d88a03990,0.011536683718607858,Direct,address,address
0x3f509dff01f79138bdacdbcff9f730cb5084fe404a686b750a6b70c022730c94,25167783,1779657419,0x7fce3e6b828ee24ac69d0027e8eca33c77a22009,0x0000000000000000000000000000000000000000,0.000002403111795000,Gas,address,address
0x499c9ac5aa990a451fee088393e65e30ecd32b2d72b845d7f2517ec85042b0ba,25167783,1779657419,0xf409fc839dfb91345f742f0046bc0667a7c5e200,0x50995f97f63f8ec9a131272269f1388d88a03990,0.008859565800976450,Direct,address,address
0x499c9ac5aa990a451fee088393e65e30ecd32b2d72b845d7f2517ec85042b0ba,25167783,1779657419,0xf409fc839dfb91345f742f0046bc0667a7c5e200,0x0000000000000000000000000000000000000000,0.000002403111795000,Gas,address,address
0x4b59ac5f3ea8edaee62472fc7261b5a8f67e2ef3270d182616dd489ca0316b85,25167783,1779657419,0x10929a535625d921fbff72480142dea0184be50e,0x50995f97f63f8ec9a131272269f1388d88a03990,0.023580559897205061,Direct,address,address
0x4b59ac5f3ea8edaee62472fc7261b5a8f67e2ef3270d182616dd489ca0316b85,25167783,1779657419,0x10929a535625d921fbff72480142dea0184be50e,0x0000000000000000000000000000000000000000,0.000002403111795000,Gas,address,address
0x56d29ddbfce7ff824cba33e323487bcef35dc40f47f77bf663ab0a9656b9e085,25167783,1779657419,0xff5202ecf522699226d19ecc0881532722106ccd,0x50995f97f63f8ec9a131272269f1388d88a03990,0.021585272738765642,Direct,address,address
0x56d29ddbfce7ff824cba33e323487bcef35dc40f47f77bf663ab0a9656b9e085,25167783,1779657419,0xff5202ecf522699226d19ecc0881532722106ccd,0x0000000000000000000000000000000000000000,0.000002403111795000,Gas,address,address
0x577e0b4c6db41fce6873d452eb9090eb373bfa6d33b385b91864a58da1e99377,25167783,1779657419,0x750819c35800a9acdf9a800212202ddb100af5db,0x50995f97f63f8ec9a131272269f1388d88a03990,0.037782567420155663,Direct,address,address
0x577e0b4c6db41fce6873d452eb9090eb373bfa6d33b385b91864a58da1e99377,25167783,1779657419,0x750819c35800a9acdf9a800212202ddb100af5db,0x0000000000000000000000000000000000000000,0.000002403111795000,Gas,address,address
0x6de0bd3cea96e58c26f866fd4f3b9c2e24335f6cf4e4777181421eacfe200279,25167783,1779657419,0xe3f81b0c4e0302e9e87563ee1ba165913c07fbb3,0x50995f97f63f8ec9a131272269f1388d88a03990,0.047780799271161689,Direct,address,address
0x6de0bd3cea96e58c26f866fd4f3b9c2e24335f6cf4e4777181421eacfe200279,25167783,1779657419,0xe3f81b0c4e0302e9e87563ee1ba165913c07fbb3,0x0000000000000000000000000000000000000000,0.000002403111795000,Gas,address,address
0x6e6de5a92e0976beb33e8447ab57fd4dfa0c8335f81a481c2d7da041510f2770,25167783,1779657419,0x263161a729d0961a3165ef61afa7f31cd8018cee,0x50995f97f63f8ec9a131272269f1388d88a03990,0.063377797302801187,Direct,address,address
0x6e6de5a92e0976beb33e8447ab57fd4dfa0c8335f81a481c2d7da041510f2770,25167783,1779657419,0x263161a729d0961a3165ef61afa7f31cd8018cee,0x0000000000000000000000000000000000000000,0.000002403111795000,Gas,address,address
0x7b813c6f11e383ef532db1353900fc7b4283805389283427f0da30e42e637b19,25167783,1779657419,0x063676cb3ae3c76fb7282f6db01d010abf7e95a0,0x50995f97f63f8ec9a131272269f1388d88a03990,0.005143546876244529,Direct,address,address
0x7b813c6f11e383ef532db1353900fc7b4283805389283427f0da30e42e637b19,25167783,1779657419,0x063676cb3ae3c76fb7282f6db01d010abf7e95a0,0x0000000000000000000000000000000000000000,0.000002403111795000,Gas,address,address
0x8067337a5326029ca0dbef4edac7d58368c86d70bbd9fac0d1f3f28deeaac67d,25167783,1779657419,0xd5902c4f0b456f47fadf5e83d1a3eb96d6f9408c,0x50995f97f63f8ec9a131272269f1388d88a03990,0.010240747880121016,Direct,address,address
0x8067337a5326029ca0dbef4edac7d58368c86d70bbd9fac0d1f3f28deeaac67d,25167783,1779657419,0xd5902c4f0b456f47fadf5e83d1a3eb96d6f9408c,0x0000000000000000000000000000000000000000,0.000002403111795000,Gas,address,address
0x80bc8fed81d35a429011b04fdbd3a86967c483703a84710a3ba6b65b01e6ca46,25167783,1779657419,0xce0e56416d5e8bd78c9dc305f6fc05b5715111c8,0x50995f97f63f8ec9a131272269f1388d88a03990,0.053584368226783106,Direct,address,address
0x80bc8fed81d35a429011b04fdbd3a86967c483703a84710a3ba6b65b01e6ca46,25167783,1779657419,0xce0e56416d5e8bd78c9dc305f6fc05b5715111c8,0x0000000000000000000000000000000000000000,0.000002403111795000,Gas,address,address
0x83e3efb8bb2e30ed567ae4ed20522f3d52351c760837776d9e64b17b613af822,25167783,1779657419,0xa18d64318ddf90d2c08c96acb0210467fc787478,0x50995f97f63f8ec9a131272269f1388d88a03990,0.005983296439846058,Direct,address,address
0x83e3efb8bb2e30ed567ae4ed20522f3d52351c760837776d9e64b17b613af822,25167783,1779657419,0xa18d64318ddf90d2c08c96acb0210467fc787478,0x0000000000000000000000000000000000000000,0.000002403111795000,Gas,address,address
0x8623381d84c4e366be70479983f4ef1cb71d604bae0924e91cda2137e1b32177,25167783,1779657419,0x7d41f4fa2df4888ccce8eee9d26f55b7e33567d3,0x50995f97f63f8ec9a131272269f1388d88a03990,0.011430988859903094,Direct,address,address
0x8623381d84c4e366be70479983f4ef1cb71d604bae0924e91cda2137e1b32177,25167783,1779657419,0x7d41f4fa2df4888ccce8eee9d26f55b7e33567d3,0x0000000000000000000000000000000000000000,0.000002403111795000,Gas,address,address
0x9aaf5d20d397e96404cddafc807b5986eb5348b31ae9091d32f36568b3573d0f,25167783,1779657419,0xfde8ca90a0e648ba896b8a4d0f579c36c373fdd3,0x50995f97f63f8ec9a131272269f1388d88a03990,0.018380559897205051,Direct,address,address
0x9aaf5d20d397e96404cddafc807b5986eb5348b31ae9091d32f36568b3573d0f,25167783,1779657419,0xfde8ca90a0e648ba896b8a4d0f579c36c373fdd3,0x0000000000000000000000000000000000000000,0.000002403111795000,Gas,address,address
0x9bb56b5df06f068529fc199fde608f901697f88cbe9407f18d3bc8cfccb7ad22,25167783,1779657419,0x870a8213faf15d366677de6fa8aed31cd2154a87,0x50995f97f63f8ec9a131272269f1388d88a03990,0.044384980440475549,Direct,address,address
0x9bb56b5df06f068529fc199fde608f901697f88cbe9407f18d3bc8cfccb7ad22,25167783,1779657419,0x870a8213faf15d366677de6fa8aed31cd2154a87,0x0000000000000000000000000000000000000000,0.000002403111795000,Gas,address,address
0xa2336fc7ac51d32d71bdfec47d391431fd960c5e2b6b878df4357ef368d5463b,25167783,1779657419,0x7a0fec301682758cce8aa6a9d1ce9196bde16052,0x50995f97f63f8ec9a131272269f1388d88a03990,0.022082777334853476,Direct,address,address
0xa2336fc7ac51d32d71bdfec47d391431fd960c5e2b6b878df4357ef368d5463b,25167783,1779657419,0x7a0fec301682758cce8aa6a9d1ce9196bde16052,0x0000000000000000000000000000000000000000,0.000002403111795000,Gas,address,address
0xa5f0bd2b15b13bbe879cc8bd95c8f3e8272ec74dfe78ce9efd693189cdef9dc9,25167783,1779657419,0xd377fdd91381cfcc1c37388e52ef0a7c37f33c21,0x50995f97f63f8ec9a131272269f1388d88a03990,0.021982777334853480,Direct,address,address
0xa5f0bd2b15b13bbe879cc8bd95c8f3e8272ec74dfe78ce9efd693189cdef9dc9,25167783,1779657419,0xd377fdd91381cfcc1c37388e52ef0a7c37f33c21,0x0000000000000000000000000000000000000000,0.000002403111795000,Gas,address,address
0xaf35ab4bda055fecab02e9de4f016f0d4de14901689e3e73a2c04b7acc82ff94,25167783,1779657419,0x3bf21733e11dcd57e97d60012af268c27de54839,0x50995f97f63f8ec9a131272269f1388d88a03990,0.035583643905119679,Direct,address,address
0xaf35ab4bda055fecab02e9de4f016f0d4de14901689e3e73a2c04b7acc82ff94,25167783,1779657419,0x3bf21733e11dcd57e97d60012af268c27de54839,0x0000000000000000000000000000000000000000,0.000002403111795000,Gas,address,address
0xb0c83e19bf908be72fee10ab399571a841fb487be44230029c49bf7003ede603,25167783,1779657419,0xdb7f5bb0d3815862a77330d3056690fd01b6341f,0x50995f97f63f8ec9a131272269f1388d88a03990,0.009014892697395898,Direct,address,address
0xb0c83e19bf908be72fee10ab399571a841fb487be44230029c49bf7003ede603,25167783,1779657419,0xdb7f5bb0d3815862a77330d3056690fd01b6341f,0x0000000000000000000000000000000000000000,0.000002403111795000,Gas,address,address
0xb3921a54558ad4c1b13c775e4606af5082062b5b6a3971fd249259e217c77f29,25167783,1779657419,0x8343d9c79116936275c41d262dc109969297eee7,0x50995f97f63f8ec9a131272269f1388d88a03990,0.008404507079233044,Direct,address,address
0xb3921a54558ad4c1b13c775e4606af5082062b5b6a3971fd249259e217c77f29,25167783,1779657419,0x8343d9c79116936275c41d262dc109969297eee7,0x0000000000000000000000000000000000000000,0.000002403111795000,Gas,address,address
0xc7aae99a3e526d3a09fda253aca8631142d1ee99afec564652938ecda5a86ee9,25167783,1779657419,0x46ddf32eb8bfb94d94c10f06afaef1d59176f6c9,0x50995f97f63f8ec9a131272269f1388d88a03990,0.087576515264783966,Direct,address,address
0xc7aae99a3e526d3a09fda253aca8631142d1ee99afec564652938ecda5a86ee9,25167783,1779657419,0x46ddf32eb8bfb94d94c10f06afaef1d59176f6c9,0x0000000000000000000000000000000000000000,0.000002403111795000,Gas,address,address
0xd5f6dceaf1581eaca1c121796a53b0ba475b4fb701e17c3a36b18013e812f1e9,25167783,1779657419,0x5355c7c2bb2e49945537beaabbaff57ad2e9b224,0x50995f97f63f8ec9a131272269f1388d88a03990,0.009812549120355524,Direct,address,address
0xd5f6dceaf1581eaca1c121796a53b0ba475b4fb701e17c3a36b18013e812f1e9,25167783,1779657419,0x5355c7c2bb2e49945537beaabbaff57ad2e9b224,0x0000000000000000000000000000000000000000,0.000002403111795000,Gas,address,address
0xdac3aaf095da9535ccab3030aa3b05e6c6ec6a635e15c5a82259aaffbbd74009,25167783,1779657419,0x77b7fdf464ce43597d20608c0ef9865a4f4c7fa5,0x50995f97f63f8ec9a131272269f1388d88a03990,0.009370242649436780,Direct,address,address
0xdac3aaf095da9535ccab3030aa3b05e6c6ec6a635e15c5a82259aaffbbd74009,25167783,1779657419,0x77b7fdf464ce43597d20608c0ef9865a4f4c7fa5,0x0000000000000000000000000000000000000000,0.000002403111795000,Gas,address,address
0xe05a8835ad658472b056132433b04c57d0ee111236a1007483a8a3699d933923,25167783,1779657419,0x257cda2f9dabd296a9a7fc9065103c7972f4b943,0x50995f97f63f8ec9a131272269f1388d88a03990,0.088080799271161692,Direct,address,address
0xe05a8835ad658472b056132433b04c57d0ee111236a1007483a8a3699d933923,25167783,1779657419,0x257cda2f9dabd296a9a7fc9065103c7972f4b943,0x0000000000000000000000000000000000000000,0.000002403111795000,Gas,address,address
0xf482f3516ea0a5598dd3fb57d8e55cfb8d0ed42ea024e0fd70848083fd708b4b,25167783,1779657419,0x71fbaccdcd43cdab9161fe92a8359f90cf0e2905,0x50995f97f63f8ec9a131272269f1388d88a03990,0.051182777334853477,Direct,address,address
0xf482f3516ea0a5598dd3fb57d8e55cfb8d0ed42ea024e0fd70848083fd708b4b,25167783,1779657419,0x71fbaccdcd43cdab9161fe92a8359f90cf0e2905,0x0000000000000000000000000000000000000000,0.000002403111795000,Gas,address,address
0xfcd40879c018b9a6aaffcc227106a0b94e253ed875149ed0694e1a3adb8b05f1,25167783,1779657419,0xbc8a46c29a79250bee25f77b8475804a1650a8e3,0x50995f97f63f8ec9a131272269f1388d88a03990,0.011353162871868380,Direct,address,address
0xfcd40879c018b9a6aaffcc227106a0b94e253ed875149ed0694e1a3adb8b05f1,25167783,1779657419,0xbc8a46c29a79250bee25f77b8475804a1650a8e3,0x0000000000000000000000000000000000000000,0.000002403111795000,Gas,address,address
0x6728ed10c765fe7d1388ec2949ca1409b9b373f9d398b9de032ba4777a8b71c9,25168419,1779665075,0x4d8b6d3723d8df7370e3d10d30fe5d4daede234a,0x4313c378cc91ea583c91387b9216e2c03096b27f,0.100000000000000006,Direct,address,address
0x6728ed10c765fe7d1388ec2949ca1409b9b373f9d398b9de032ba4777a8b71c9,25168419,1779665075,0x4d8b6d3723d8df7370e3d10d30fe5d4daede234a,0x0000000000000000000000000000000000000000,0.000525527492358960,Gas,address,address
0x6f5878f682c8bf0365359a5ccbb4fc5d05609665be657d8c99b314a9481a1871,25168591,1779667139,0x4d8b6d3723d8df7370e3d10d30fe5d4daede234a,0x0000000000000000000000000000000000000000,0.000027723011903608,Gas,address,address
0xf80d72dead088793da47550afd18432547cb539729c7af90dea4230948e5842e,25168591,1779667139,0x4d8b6d3723d8df7370e3d10d30fe5d4daede234a,0x0000000000000000000000000000000000000000,0.000110811729280196,Gas,address,address
0xc854a725d1735de67d9817af390c127f8e59a75ed27a4764d5c354dd6052a5dc,25168596,1779667199,0x4d8b6d3723d8df7370e3d10d30fe5d4daede234a,0x0000000000000000000000000000000000000000,0.000235538243901220,Gas,address,address
0x3010a9ff02434a8269eae9e1cef6a27a614de40450fa449bfb9020ec57a8ee32,25168597,1779667211,0x4d8b6d3723d8df7370e3d10d30fe5d4daede234a,0x0000000000000000000000000000000000000000,0.001112230102307485,Gas,address,address
0xc3a9915e15a2d9312af2ce9974e1a045231c40797dfcf84bb8d65a8835626a1b,25168598,1779667223,0x4d8b6d3723d8df7370e3d10d30fe5d4daede234a,0x0000000000000000000000000000000000000000,0.001044543885403694,Gas,address,address
0x4c918c34c55c9ecf0996a44e2a0f0ca16cb24f1b6dfc48c1690bb97d67617c6c,25168611,1779667379,0x4d8b6d3723d8df7370e3d10d30fe5d4daede234a,0x0000000000000000000000000000000000000000,0.000116790204790648,Gas,address,address
0xfd4dc8b6c27303c52345c6a71e4ad3037af1d6dc7a056c8483ca8f1eda8891ff,25168611,1779667379,0x4d8b6d3723d8df7370e3d10d30fe5d4daede234a,0x0000000000000000000000000000000000000000,0.000029536141055036,Gas,address,address
0x5b0559fda2e7eba324e979d65b841e6f6eaef85046020a6d1d09bbca6297236b,25170405,1779689027,0x9ec2f5e65548f87e107aa61bec0a4c13ce6ba663,0x4313c378cc91ea583c91387b9216e2c03096b27f,0.064000000000000001,Direct,address,address
0x5b0559fda2e7eba324e979d65b841e6f6eaef85046020a6d1d09bbca6297236b,25170405,1779689027,0x9ec2f5e65548f87e107aa61bec0a4c13ce6ba663,0x0000000000000000000000000000000000000000,0.000117456663119936,Gas,address,address
0x3c0a833a68f5e2f667f27f4a2589d26f5700b66442cf3783a71bf44c44808c2c,25171546,1779702779,0x4d8b6d3723d8df7370e3d10d30fe5d4daede234a,0x4313c378cc91ea583c91387b9216e2c03096b27f,0.010000000000000000,Direct,address,address
0x3c0a833a68f5e2f667f27f4a2589d26f5700b66442cf3783a71bf44c44808c2c,25171546,1779702779,0x4d8b6d3723d8df7370e3d10d30fe5d4daede234a,0x0000000000000000000000000000000000000000,0.000575971515955719,Gas,address,address
0x1d9c6c80d5281e067236d83f8e06fe3c15f34196443378557b4675aa3285c749,25172244,1779711179,0x4d8b6d3723d8df7370e3d10d30fe5d4daede234a,0x4313c378cc91ea583c91387b9216e2c03096b27f,0.020000000000000000,Direct,address,address
0x1d9c6c80d5281e067236d83f8e06fe3c15f34196443378557b4675aa3285c749,25172244,1779711179,0x4d8b6d3723d8df7370e3d10d30fe5d4daede234a,0x0000000000000000000000000000000000000000,0.000536780300225223,Gas,address,address
0x49d24d0fc61b822ab1e288fb45fa0b0e26d414c9480ae995c061c66bd18449f9,25172246,1779711203,0x4d8b6d3723d8df7370e3d10d30fe5d4daede234a,0x0000000000000000000000000000000000000000,0.000029860318578783,Gas,address,address
0x7ce2b8429213463d33858190459efc47e8618aacd229759d3c4c1574498ab644,25172246,1779711203,0x4d8b6d3723d8df7370e3d10d30fe5d4daede234a,0x0000000000000000000000000000000000000000,0.000124140742180026,Gas,address,address
0x86be655e0e47a049caae8c5b297227dee1354c79dada48cbf0079bbd82fc1e8a,25172252,1779711275,0x4d8b6d3723d8df7370e3d10d30fe5d4daede234a,0x4313c378cc91ea583c91387b9216e2c03096b27f,0.020000000000000000,Direct,address,address
0x86be655e0e47a049caae8c5b297227dee1354c79dada48cbf0079bbd82fc1e8a,25172252,1779711275,0x4d8b6d3723d8df7370e3d10d30fe5d4daede234a,0x0000000000000000000000000000000000000000,0.000540303479182353,Gas,address,address
0x723d434a7a4e44b4fe232505eec1dc6415f9465089e20912d33dfe8bcfc18345,25172341,1779712343,0x4d8b6d3723d8df7370e3d10d30fe5d4daede234a,0x0000000000000000000000000000000000000000,0.000171231511777012,Gas,address,address
0x81d8e68324497dba41e9ada4422ca15d62c442ee8b38ecca4d8ea964f52f3079,25172341,1779712343,0x4d8b6d3723d8df7370e3d10d30fe5d4daede234a,0x0000000000000000000000000000000000000000,0.000039653891772124,Gas,address,address
0x5167dadce415cc8937dd96b34cdcbc10e8b4ccc9f042eaaeaae25948dd9b46e7,25172359,1779712559,0x4d8b6d3723d8df7370e3d10d30fe5d4daede234a,0x0000000000000000000000000000000000000000,0.000152408747176184,Gas,address,address
0xeab6b756e8f04baaf3e6cef1180b0b968f4691d8192d34e544e0a2a06bad453f,25172359,1779712559,0x4d8b6d3723d8df7370e3d10d30fe5d4daede234a,0x0000000000000000000000000000000000000000,0.000038100945019808,Gas,address,address
0xb75d7991dad1a57c6e241c27decc0642d8e60267fe596feba67d35bfc6ae63ff,25173386,1779724967,0x9ec2f5e65548f87e107aa61bec0a4c13ce6ba663,0x4313c378cc91ea583c91387b9216e2c03096b27f,0.050000000000000003,Direct,address,address
0xb75d7991dad1a57c6e241c27decc0642d8e60267fe596feba67d35bfc6ae63ff,25173386,1779724967,0x9ec2f5e65548f87e107aa61bec0a4c13ce6ba663,0x0000000000000000000000000000000000000000,0.000170639951945068,Gas,address,address
0x051ca39c16da5e6bc91c5c695166db527e7be25367e3209053a2d50b30677f92,25173388,1779724991,0x9ec2f5e65548f87e107aa61bec0a4c13ce6ba663,0x0000000000000000000000000000000000000000,0.000043793045071362,Gas,address,address
0x9808306d51d4ce7446958f067971b5f947b01a69f8e0764bc913fbb61c1b0a5e,25173388,1779724991,0x9ec2f5e65548f87e107aa61bec0a4c13ce6ba663,0x0000000000000000000000000000000000000000,0.000172698223604673,Gas,address,address
0x01226f3c874640821e461fa170e824537cb13a66e31ca57464af92024cc81162,25177236,1779771359,0x4d8b6d3723d8df7370e3d10d30fe5d4daede234a,0x4313c378cc91ea583c91387b9216e2c03096b27f,0.050000000000000003,Direct,address,address
0x01226f3c874640821e461fa170e824537cb13a66e31ca57464af92024cc81162,25177236,1779771359,0x4d8b6d3723d8df7370e3d10d30fe5d4daede234a,0x0000000000000000000000000000000000000000,0.000522972620883660,Gas,address,address
0x32f9d7641d8ed91342a4c4efd9efab1e1ab138fb06e7829885e8c0d1c95165f0,25177254,1779771575,0x4d8b6d3723d8df7370e3d10d30fe5d4daede234a,0x0000000000000000000000000000000000000000,0.000109543596494131,Gas,address,address
0xcb3b2ea5f596b4b0718987b845151fb405e40506ba26dcc0b97bd33c3d308712,25177254,1779771575,0x4d8b6d3723d8df7370e3d10d30fe5d4daede234a,0x0000000000000000000000000000000000000000,0.000027294863300958,Gas,address,address
0x4fca8abb896feecc17146066b2a7d092925a32451c457fa7d8978d783af5f5be,25177300,1779772127,0x9ec2f5e65548f87e107aa61bec0a4c13ce6ba663,0x0000000000000000000000000000000000000000,0.000027423322251248,Gas,address,address
0x64f452af3d755655efdd9f7a1869d3473e832a399c3c46192410ca0099b5a48e,25177300,1779772127,0x9ec2f5e65548f87e107aa61bec0a4c13ce6ba663,0x0000000000000000000000000000000000000000,0.000109696864094804,Gas,address,address
0xd116f61e57f65d55d54624116721e7cf96623eae9fc62de3bfad67469ba4f374,25177707,1779777023,0x4d8b6d3723d8df7370e3d10d30fe5d4daede234a,0x4313c378cc91ea583c91387b9216e2c03096b27f,0.100000000000000006,Direct,address,address
0xd116f61e57f65d55d54624116721e7cf96623eae9fc62de3bfad67469ba4f374,25177707,1779777023,0x4d8b6d3723d8df7370e3d10d30fe5d4daede234a,0x0000000000000000000000000000000000000000,0.000508210527649116,Gas,address,address
0x04d1bf3baf9a29952750b24979a5db225f65f271376c217265779daf7c274c16,25177926,1779779651,0x4d8b6d3723d8df7370e3d10d30fe5d4daede234a,0x0000000000000000000000000000000000000000,0.000172372408870550,Gas,address,address
0x28fe5f459e82e5d26a1809eb22b856ecd92e1b5ae8a5a12c784d08a34313f6ca,25177926,1779779651,0x4d8b6d3723d8df7370e3d10d30fe5d4daede234a,0x0000000000000000000000000000000000000000,0.000028343675893170,Gas,address,address
0x127fe572008ce68c95b2710267c417877b0fa196ffcbd75cef2ce35748b7f3cd,25179309,1779796307,0x4d8b6d3723d8df7370e3d10d30fe5d4daede234a,0x4313c378cc91ea583c91387b9216e2c03096b27f,0.100000000000000006,Direct,address,address
0x127fe572008ce68c95b2710267c417877b0fa196ffcbd75cef2ce35748b7f3cd,25179309,1779796307,0x4d8b6d3723d8df7370e3d10d30fe5d4daede234a,0x0000000000000000000000000000000000000000,0.000528436781090589,Gas,address,address
0xb7aa93062f185cb2d4a806e2a7d2b3406680111c2b91b2fc05c2e2adcda57449,25179478,1779798335,0x4d8b6d3723d8df7370e3d10d30fe5d4daede234a,0x4313c378cc91ea583c91387b9216e2c03096b27f,0.100000000000000006,Direct,address,address
0xb7aa93062f185cb2d4a806e2a7d2b3406680111c2b91b2fc05c2e2adcda57449,25179478,1779798335,0x4d8b6d3723d8df7370e3d10d30fe5d4daede234a,0x0000000000000000000000000000000000000000,0.000482486009416164,Gas,address,address
0x7c2d6f1b3b3fa09460c4a9fdaade0346a27cff7ad5732c71f4189e82fb54664e,25179487,1779798443,0xb003b0cb109d00c1fe57aeda79bf5d48ca712b34,0x0000000000000000000000000000000000000000,0.000033530099910112,Gas,address,address
0x038e413d25ff4b60a06fd3c7d3cc3958dfd7ad3a71b949d87a7b49ce1477b75c,25179514,1779798767,0xb003b0cb109d00c1fe57aeda79bf5d48ca712b34,0x28b1dc1a5e3699a428bc51d234dfab7c9cb2a183,0.010874150257007180,Direct,address,address
0x038e413d25ff4b60a06fd3c7d3cc3958dfd7ad3a71b949d87a7b49ce1477b75c,25179514,1779798767,0xb003b0cb109d00c1fe57aeda79bf5d48ca712b34,0x0000000000000000000000000000000000000000,0.000042168511344784,Gas,address,address
0x13d60a3dffcc631a95bfb9190491ea089ad26f7546b472cc67c1a4714b455836,25179517,1779798803,0xb003b0cb109d00c1fe57aeda79bf5d48ca712b34,0x0000000000001ff3684f28c67538d4d072c22734,0.010868064503067021,Direct,address,address
0x13d60a3dffcc631a95bfb9190491ea089ad26f7546b472cc67c1a4714b455836,25179517,1779798803,0xb003b0cb109d00c1fe57aeda79bf5d48ca712b34,0x0000000000000000000000000000000000000000,0.000040652828220625,Gas,address,address
0x509e96b2e20cef87bea9f8293af3de049142205f51781a7f89e1a759b8a39b5d,25179713,1779801155,0x4d8b6d3723d8df7370e3d10d30fe5d4daede234a,0x0000000000000000000000000000000000000000,0.000120468054335956,Gas,address,address
0xf79c066b223bcf494ab445a42ed897d9a0133601a0b44dfb0da3b9777ed2eb37,25179713,1779801155,0x4d8b6d3723d8df7370e3d10d30fe5d4daede234a,0x0000000000000000000000000000000000000000,0.000030373134295944,Gas,address,address
0x7fabe4dcb8edb512e14f8c70049a0e7fc4f73f5c6e607e79ecb1a4a677319012,25179935,1779803819,0x4d8b6d3723d8df7370e3d10d30fe5d4daede234a,0x4313c378cc91ea583c91387b9216e2c03096b27f,0.100000000000000006,Direct,address,address
0x7fabe4dcb8edb512e14f8c70049a0e7fc4f73f5c6e607e79ecb1a4a677319012,25179935,1779803819,0x4d8b6d3723d8df7370e3d10d30fe5d4daede234a,0x0000000000000000000000000000000000000000,0.000562228713303236,Gas,address,address
0x1d7189de8b32d19eebf49f4c674c903d526451b1973886865dbb835bd65a5dce,25181115,1779818015,0x2348e8a3a21dbe64ace84853d7b4b696e8a1fc27,0x28474cbcd780aeeb3ed1501b68254bed87cf5597,0.010000000000000000,Direct,address,victim_vault
0xf1c44dee0157c0e2e57d6bd3840c813d7c813040c8383be1a109ac8ada79b6e1,25181127,1779818159,0x2348e8a3a21dbe64ace84853d7b4b696e8a1fc27,0x28474cbcd780aeeb3ed1501b68254bed87cf5597,0.010000000000000000,Direct,address,victim_vault
0xad27fc57d0c87f3d1cee2ef224b2e59b87adffbe64fcb0dfd9cff732ddbda57c,25181241,1779819527,0x4d8b6d3723d8df7370e3d10d30fe5d4daede234a,0x0000000000000000000000000000000000000000,0.000053834973291715,Gas,address,address
0xec4507c1e405a3a631fb958b91dfe1ee97e7aa4d7303722e7679fd6d26f60c93,25181241,1779819527,0x4d8b6d3723d8df7370e3d10d30fe5d4daede234a,0x0000000000000000000000000000000000000000,0.000215085126022255,Gas,address,address
0xcafca5ef97c77110e0e7984e897f17059a7449843c49a7ed7fde455588aae726,25183080,1779841655,0x4d8b6d3723d8df7370e3d10d30fe5d4daede234a,0x4313c378cc91ea583c91387b9216e2c03096b27f,0.010000000000000000,Direct,address,address
0xcafca5ef97c77110e0e7984e897f17059a7449843c49a7ed7fde455588aae726,25183080,1779841655,0x4d8b6d3723d8df7370e3d10d30fe5d4daede234a,0x0000000000000000000000000000000000000000,0.000255594687414000,Gas,address,address
0x2b8db9b99e62aea453f4e71e359d2c3c76511b15d783ea4699f037df3853a782,25185881,1779875411,0x4d8b6d3723d8df7370e3d10d30fe5d4daede234a,0x0000000000000000000000000000000000000000,0.000155704681583300,Gas,address,address
0xe568f5809ac50366e94c5e35d85c8b9c4fa58b21bc21daa8fa23848406e26804,25185881,1779875411,0x4d8b6d3723d8df7370e3d10d30fe5d4daede234a,0x0000000000000000000000000000000000000000,0.000030805648577155,Gas,address,address
0x8ca7d061fe71df7d8df646898492ead9c58b77a3f7a1a9480aab97d1d50058b7,25186194,1779879179,0x4d8b6d3723d8df7370e3d10d30fe5d4daede234a,0x4313c378cc91ea583c91387b9216e2c03096b27f,0.050000000000000003,Direct,address,address
0x8ca7d061fe71df7d8df646898492ead9c58b77a3f7a1a9480aab97d1d50058b7,25186194,1779879179,0x4d8b6d3723d8df7370e3d10d30fe5d4daede234a,0x0000000000000000000000000000000000000000,0.000564191594189128,Gas,address,address
0x3064dac4caa62a1beff4d76fdfba6ed764efe9e566d62751e3867e7cec813096,25186199,1779879239,0x4d8b6d3723d8df7370e3d10d30fe5d4daede234a,0x4313c378cc91ea583c91387b9216e2c03096b27f,0.100000000000000006,Direct,address,address
0x3064dac4caa62a1beff4d76fdfba6ed764efe9e566d62751e3867e7cec813096,25186199,1779879239,0x4d8b6d3723d8df7370e3d10d30fe5d4daede234a,0x0000000000000000000000000000000000000000,0.000481867447355273,Gas,address,address
0x435d5fde5d5be88f1519b526c427d29101a3539cbf5f0ec831ef00f18ca2f1d9,25186247,1779879815,0x4d8b6d3723d8df7370e3d10d30fe5d4daede234a,0x0000000000000000000000000000000000000000,0.000122886413713686,Gas,address,address
0x5ca7f1e3898ceb97b02ee1bd0466f1613b9e3024e1e255bff32519d1488ec04c,25186247,1779879815,0x4d8b6d3723d8df7370e3d10d30fe5d4daede234a,0x0000000000000000000000000000000000000000,0.000036692478539478,Gas,address,address
0x03d4e63b78da59541e8dd8d3132e11af3c04085fedf7f6e3c552672029ff15a9,25186252,1779879875,0x4d8b6d3723d8df7370e3d10d30fe5d4daede234a,0x0000000000000000000000000000000000000000,0.000035586373707568,Gas,address,address
0xe567a05aa2c7450eb6d4dccb0036e0a49e57c9a5bf233a166d73d39e38e8193d,25186252,1779879875,0x4d8b6d3723d8df7370e3d10d30fe5d4daede234a,0x0000000000000000000000000000000000000000,0.000222542341873948,Gas,address,address
0xf06b9c19fdd20d7da230cfafbb9c04ea11bb8434949560b5c636ab86aa1b66ab,25186284,1779880259,0x4d8b6d3723d8df7370e3d10d30fe5d4daede234a,0x4313c378cc91ea583c91387b9216e2c03096b27f,0.050000000000000003,Direct,address,address
0xf06b9c19fdd20d7da230cfafbb9c04ea11bb8434949560b5c636ab86aa1b66ab,25186284,1779880259,0x4d8b6d3723d8df7370e3d10d30fe5d4daede234a,0x0000000000000000000000000000000000000000,0.000575520764625648,Gas,address,address
0x65d698fddfe6994b6b8526512999f14a4772336663d453cc2e08fdc4e6efbcab,25186358,1779881147,0x4d8b6d3723d8df7370e3d10d30fe5d4daede234a,0x4313c378cc91ea583c91387b9216e2c03096b27f,0.020000000000000000,Direct,address,address
0x65d698fddfe6994b6b8526512999f14a4772336663d453cc2e08fdc4e6efbcab,25186358,1779881147,0x4d8b6d3723d8df7370e3d10d30fe5d4daede234a,0x0000000000000000000000000000000000000000,0.000254235282168761,Gas,address,address
0x392c5ca6d05dd12e61023d034acb03e3b20d1af45ebb0702ce32d5ad6e9664a5,25186359,1779881159,0x4d8b6d3723d8df7370e3d10d30fe5d4daede234a,0x4313c378cc91ea583c91387b9216e2c03096b27f,0.050000000000000003,Direct,address,address
0x392c5ca6d05dd12e61023d034acb03e3b20d1af45ebb0702ce32d5ad6e9664a5,25186359,1779881159,0x4d8b6d3723d8df7370e3d10d30fe5d4daede234a,0x0000000000000000000000000000000000000000,0.000324928307450200,Gas,address,address
0x8c64483206de2f09f7c3fdb5bc23fa4baa4971d1e5b239f0b819317965b9c69a,25186365,1779881231,0x4d8b6d3723d8df7370e3d10d30fe5d4daede234a,0x0000000000000000000000000000000000000000,0.000238505344426960,Gas,address,address
0x631a5bcddc1a1ab45ae5e4473d5dd595e3997cb7c0dd6b6802a1b3831ced4ade,25186367,1779881255,0x4d8b6d3723d8df7370e3d10d30fe5d4daede234a,0x0000000000000000000000000000000000000000,0.002694972616097793,Gas,address,address
0x27689999af0b999b7d53f49c909fb4a304d870e9ff9919a943a35bf9a2f96ec5,25186385,1779881471,0x4d8b6d3723d8df7370e3d10d30fe5d4daede234a,0x4313c378cc91ea583c91387b9216e2c03096b27f,0.050000000000000003,Direct,address,address
0x27689999af0b999b7d53f49c909fb4a304d870e9ff9919a943a35bf9a2f96ec5,25186385,1779881471,0x4d8b6d3723d8df7370e3d10d30fe5d4daede234a,0x0000000000000000000000000000000000000000,0.000281516638860912,Gas,address,address
0xfed28519c6934fac6c302d508488476f5e47992441389b04bf171aefaad9228f,25186402,1779881675,0x4d8b6d3723d8df7370e3d10d30fe5d4daede234a,0x0000000000000000000000000000000000000000,0.002033322781747018,Gas,address,address
0x04de35174602c3427d9ebfa0df5c4cd986749844df7d97963c4a7f6d245e52d8,25186416,1779881843,0x4d8b6d3723d8df7370e3d10d30fe5d4daede234a,0x4313c378cc91ea583c91387b9216e2c03096b27f,0.100000000000000006,Direct,address,address
0x04de35174602c3427d9ebfa0df5c4cd986749844df7d97963c4a7f6d245e52d8,25186416,1779881843,0x4d8b6d3723d8df7370e3d10d30fe5d4daede234a,0x0000000000000000000000000000000000000000,0.000490812212702273,Gas,address,address
0x9736010f7480ee4d1cc3fb166ada28a572e002ec08e72709316d844fea0b5cb9,25186437,1779882095,0x4d8b6d3723d8df7370e3d10d30fe5d4daede234a,0x0000000000000000000000000000000000000000,0.000515768000000000,Gas,address,address
0xea8f16093346ec057cd2b9e9d5d19bfd102f7fc019dabeb90ba7e72de2b6cf5d,25186437,1779882095,0x4d8b6d3723d8df7370e3d10d30fe5d4daede234a,0x0000000000000000000000000000000000000000,0.002015497000000000,Gas,address,address
0xff64820e0b797ef72586575aaf4a569f642ee971c1008d069f72d58a89dcefd0,25186446,1779882203,0x4d8b6d3723d8df7370e3d10d30fe5d4daede234a,0x4313c378cc91ea583c91387b9216e2c03096b27f,0.050000000000000003,Direct,address,address
0xff64820e0b797ef72586575aaf4a569f642ee971c1008d069f72d58a89dcefd0,25186446,1779882203,0x4d8b6d3723d8df7370e3d10d30fe5d4daede234a,0x0000000000000000000000000000000000000000,0.000137829045649060,Gas,address,address
0x9dd7ddf3c66f934f83738f2e37510d3f0d68572a5a842974ac3c70e26118ff79,25186453,1779882287,0x4d8b6d3723d8df7370e3d10d30fe5d4daede234a,0x4313c378cc91ea583c91387b9216e2c03096b27f,0.100000000000000006,Direct,address,address
0x9dd7ddf3c66f934f83738f2e37510d3f0d68572a5a842974ac3c70e26118ff79,25186453,1779882287,0x4d8b6d3723d8df7370e3d10d30fe5d4daede234a,0x0000000000000000000000000000000000000000,0.000132374465385253,Gas,address,address
0x21e4d4c9cce98ec73d9f5f45b240db68100df53d87027dda3a7250ee5346bffa,25186480,1779882611,0x4d8b6d3723d8df7370e3d10d30fe5d4daede234a,0x0000000000000000000000000000000000000000,0.002130073000000000,Gas,address,address
0xd80c4d17ed9d3d1d45791fa55e2c25ac3d3de30ab9a0916c0d133e6247bdbc8b,25186480,1779882611,0x4d8b6d3723d8df7370e3d10d30fe5d4daede234a,0x0000000000000000000000000000000000000000,0.000515768000000000,Gas,address,address
0xa8ad2681db1b2973a1a07b76645f8fca44d3be8908f2af31e0338cdc5ac01a17,25186489,1779882719,0x4d8b6d3723d8df7370e3d10d30fe5d4daede234a,0x0000000000000000000000000000000000000000,0.000117247154443680,Gas,address,address
0xdd92034121fbfaf7505405fdb94d1704a685f6f6dee9789c2e064a6b391cb5da,25186489,1779882719,0x4d8b6d3723d8df7370e3d10d30fe5d4daede234a,0x0000000000000000000000000000000000000000,0.000037424519550340,Gas,address,address
0x88d1025ed40f4495b8366433d7bfeabeacdff7f95c8c6d5a20a558ffeb1e9fbb,25186536,1779883283,0x4d8b6d3723d8df7370e3d10d30fe5d4daede234a,0x4313c378cc91ea583c91387b9216e2c03096b27f,0.050000000000000003,Direct,address,address
0x88d1025ed40f4495b8366433d7bfeabeacdff7f95c8c6d5a20a558ffeb1e9fbb,25186536,1779883283,0x4d8b6d3723d8df7370e3d10d30fe5d4daede234a,0x0000000000000000000000000000000000000000,0.000513794891339764,Gas,address,address
0x248a976fea88cfe6de278944b4bbba1506f4e464185ee5ec192cb2f924e7fb0c,25186561,1779883595,0x4d8b6d3723d8df7370e3d10d30fe5d4daede234a,0x4313c378cc91ea583c91387b9216e2c03096b27f,0.020000000000000000,Direct,address,address
0x248a976fea88cfe6de278944b4bbba1506f4e464185ee5ec192cb2f924e7fb0c,25186561,1779883595,0x4d8b6d3723d8df7370e3d10d30fe5d4daede234a,0x0000000000000000000000000000000000000000,0.000537633764667064,Gas,address,address
0x44f82df6a24c2c7ba0ab89685dea529908f493e284113b85243f5a06a078ef05,25186854,1779887123,0x4d8b6d3723d8df7370e3d10d30fe5d4daede234a,0x4313c378cc91ea583c91387b9216e2c03096b27f,0.020000000000000000,Direct,address,address
0x44f82df6a24c2c7ba0ab89685dea529908f493e284113b85243f5a06a078ef05,25186854,1779887123,0x4d8b6d3723d8df7370e3d10d30fe5d4daede234a,0x0000000000000000000000000000000000000000,0.000196495079117935,Gas,address,address
0x2b60670b1fc1331b6fb2cd0069fb93cc20190c67faf79c8a9ae87690011c6769,25186855,1779887135,0x4d8b6d3723d8df7370e3d10d30fe5d4daede234a,0x4313c378cc91ea583c91387b9216e2c03096b27f,0.020000000000000000,Direct,address,address
0x2b60670b1fc1331b6fb2cd0069fb93cc20190c67faf79c8a9ae87690011c6769,25186855,1779887135,0x4d8b6d3723d8df7370e3d10d30fe5d4daede234a,0x0000000000000000000000000000000000000000,0.000165583269654325,Gas,address,address
0x96b5262dbaa1e22a559c31f938f3dab0411a8e3de197d1abb782536ff9dd7111,25186857,1779887159,0x4d8b6d3723d8df7370e3d10d30fe5d4daede234a,0x0000000000000000000000000000000000000000,0.000201962759312243,Gas,address,address
0xa9f9a122fd047f5335cb4272a28518e20bbc303e592d80fedc593a4aeeadb56e,25186857,1779887159,0x4d8b6d3723d8df7370e3d10d30fe5d4daede234a,0x0000000000000000000000000000000000000000,0.000050985862306000,Gas,address,address
0xc3d56748a1597949adecdbcacf8bc123bbe65e36e13aaa3d5ff5cd0124c38922,25186952,1779888299,0x4d8b6d3723d8df7370e3d10d30fe5d4daede234a,0x0000000000000000000000000000000000000000,0.000244150220050620,Gas,address,address
0xfd4a1928b81dd850989d4e9fab39d49da490104eecff086ad4ed21f9ef319c2c,25187139,1779890555,0x4d8b6d3723d8df7370e3d10d30fe5d4daede234a,0x0000000000000000000000000000000000000000,0.001127412940494374,Gas,address,address
0xeb2f27fda275eb17fdd9b0b457d041e32df8e24fa241652423082985a90897cb,25187195,1779891227,0x4d8b6d3723d8df7370e3d10d30fe5d4daede234a,0x0000000000000000000000000000000000000000,0.000186222410322060,Gas,address,address
0xefc014fd10429707b1e964c87bd0845d06fddb1f065032b896d23a0b057be37b,25187195,1779891227,0x4d8b6d3723d8df7370e3d10d30fe5d4daede234a,0x0000000000000000000000000000000000000000,0.000055603883194380,Gas,address,address
0x7d40b63093f0af80fd3399b2625bc6eeb22cd0540473ecc434f086579733596e,25188752,1779910019,0x4d8b6d3723d8df7370e3d10d30fe5d4daede234a,0x4313c378cc91ea583c91387b9216e2c03096b27f,0.100000000000000006,Direct,address,address
0x7d40b63093f0af80fd3399b2625bc6eeb22cd0540473ecc434f086579733596e,25188752,1779910019,0x4d8b6d3723d8df7370e3d10d30fe5d4daede234a,0x0000000000000000000000000000000000000000,0.000238110956913956,Gas,address,address
0x5df86676fda1a30e0318a73dea0195de6bb253a7862615a7256b36bd7a49873f,25188761,1779910127,0x4d8b6d3723d8df7370e3d10d30fe5d4daede234a,0x0000000000000000000000000000000000000000,0.000205172290173240,Gas,address,address
0xa90cb55996999d54d4f4ac56c728f54c14828122cbfc0f81fb009bf019118970,25188761,1779910127,0x4d8b6d3723d8df7370e3d10d30fe5d4daede234a,0x0000000000000000000000000000000000000000,0.000054410513079060,Gas,address,address
0x20f2136a205350041fb08ed105f46790d28a44b72581d74e3a8d885f61ab7bc2,25188792,1779910499,0x4d8b6d3723d8df7370e3d10d30fe5d4daede234a,0x4313c378cc91ea583c91387b9216e2c03096b27f,0.020000000000000000,Direct,address,address
0x20f2136a205350041fb08ed105f46790d28a44b72581d74e3a8d885f61ab7bc2,25188792,1779910499,0x4d8b6d3723d8df7370e3d10d30fe5d4daede234a,0x0000000000000000000000000000000000000000,0.000217311481021544,Gas,address,address
0x5548499897cf5eb83fc284c7bc0d31de5c87287db791521175f25ee18a1cb130,25188799,1779910583,0x4d8b6d3723d8df7370e3d10d30fe5d4daede234a,0x4313c378cc91ea583c91387b9216e2c03096b27f,0.010000000000000000,Direct,address,address
0x5548499897cf5eb83fc284c7bc0d31de5c87287db791521175f25ee18a1cb130,25188799,1779910583,0x4d8b6d3723d8df7370e3d10d30fe5d4daede234a,0x0000000000000000000000000000000000000000,0.000185088067685760,Gas,address,address
0xb3c0453e560baa4b90d1dd301f06d2666a2e4d1326afb831ce7307846a9f5fca,25188844,1779911123,0x4d8b6d3723d8df7370e3d10d30fe5d4daede234a,0x4313c378cc91ea583c91387b9216e2c03096b27f,0.010000000000000000,Direct,address,address
0xb3c0453e560baa4b90d1dd301f06d2666a2e4d1326afb831ce7307846a9f5fca,25188844,1779911123,0x4d8b6d3723d8df7370e3d10d30fe5d4daede234a,0x0000000000000000000000000000000000000000,0.000189582914176172,Gas,address,address
0x45af3de493062f75956d8e11d301484aecfef0be2aaf3a2b086eb5adba83f38c,25188872,1779911459,0x4d8b6d3723d8df7370e3d10d30fe5d4daede234a,0x0000000000000000000000000000000000000000,0.000222881706636696,Gas,address,address
0xca79225e947891c4d690e0858cd94772e5475700ac95e690d00735b8536df9a8,25188872,1779911459,0x4d8b6d3723d8df7370e3d10d30fe5d4daede234a,0x0000000000000000000000000000000000000000,0.000055775898667708,Gas,address,address
0x2aad6f6ea6f6c7d5589deb9275561ebf274fb30e75b64bdddd69e18eeb941d89,25188876,1779911507,0x4d8b6d3723d8df7370e3d10d30fe5d4daede234a,0x0000000000000000000000000000000000000000,0.000241487089228840,Gas,address,address
0x4b698adab166e73b1f69e2dcfe2b8d1cc3bb8bf027da170e3c022207875dd145,25188877,1779911519,0x4d8b6d3723d8df7370e3d10d30fe5d4daede234a,0x0000000000000000000000000000000000000000,0.001025434423773936,Gas,address,address
0xd6be13416ba9dae4300e80df9c43e114cf3a7bb63a12999566844fb0a38ce4c7,25189668,1779921023,0x4d8b6d3723d8df7370e3d10d30fe5d4daede234a,0x0000000000000000000000000000000000000000,0.000208644190804446,Gas,address,address
0xe1483ca592d65092aa5099f6d5da3843c35e60309c3d4a44d41684b217a4febb,25189668,1779921023,0x4d8b6d3723d8df7370e3d10d30fe5d4daede234a,0x0000000000000000000000000000000000000000,0.000052159347739752,Gas,address,address
0xb9bc8fa65936744bc84225fa2ad23211dbb2c7dae9035435205f4029c4a133c5,25190663,1779933035,0x4d8b6d3723d8df7370e3d10d30fe5d4daede234a,0x4313c378cc91ea583c91387b9216e2c03096b27f,0.050000000000000003,Direct,address,address
0xb9bc8fa65936744bc84225fa2ad23211dbb2c7dae9035435205f4029c4a133c5,25190663,1779933035,0x4d8b6d3723d8df7370e3d10d30fe5d4daede234a,0x0000000000000000000000000000000000000000,0.000517478977448586,Gas,address,address
0x30bbc55c139570b466c47eee52501949bb8d8c24b197170561aabe1d5cd7a569,25190766,1779934283,0x4d8b6d3723d8df7370e3d10d30fe5d4daede234a,0x0000000000000000000000000000000000000000,0.000132114896979810,Gas,address,address
0xa54f3992834d5f7f16910e6ab1610fade331c5d03e38ec47de07df8c76db870a,25190766,1779934283,0x4d8b6d3723d8df7370e3d10d30fe5d4daede234a,0x0000000000000000000000000000000000000000,0.000034023470498525,Gas,address,address
0x4121e5c60e14ac86c57eaef3c73bc8c9c992d3446f9266f750796fc21c409da8,25191345,1779941243,0x4d8b6d3723d8df7370e3d10d30fe5d4daede234a,0x0000000000000000000000000000000000000000,0.000057678778297160,Gas,address,address
0x86c905bfde828435e6362505fe4e9b2c8efe04987f772d44dacba1ef6bdf9e95,25191345,1779941243,0x4d8b6d3723d8df7370e3d10d30fe5d4daede234a,0x0000000000000000000000000000000000000000,0.000232317984885475,Gas,address,address
0x4018a0b7c3b8ddc092fb8d5ee83111ce877023484e574466778b59d62aada3d7,25191959,1779948635,0x9ec2f5e65548f87e107aa61bec0a4c13ce6ba663,0x4313c378cc91ea583c91387b9216e2c03096b27f,0.100000000000000006,Direct,address,address
0x4018a0b7c3b8ddc092fb8d5ee83111ce877023484e574466778b59d62aada3d7,25191959,1779948635,0x9ec2f5e65548f87e107aa61bec0a4c13ce6ba663,0x0000000000000000000000000000000000000000,0.000144281747619688,Gas,address,address
0xfd41a8a760cc556eb1eca3c09e3f14093236269adf3d0d2c696fe804116912b2,25191978,1779948863,0x9ec2f5e65548f87e107aa61bec0a4c13ce6ba663,0x4313c378cc91ea583c91387b9216e2c03096b27f,0.100000000000000006,Direct,address,address
0xfd41a8a760cc556eb1eca3c09e3f14093236269adf3d0d2c696fe804116912b2,25191978,1779948863,0x9ec2f5e65548f87e107aa61bec0a4c13ce6ba663,0x0000000000000000000000000000000000000000,0.000143687267260780,Gas,address,address
0x41ce6d52f335ee4a0c6f62fc5314675adbde2a1c89ed55dd604157293e6e16a6,25191981,1779948899,0x9ec2f5e65548f87e107aa61bec0a4c13ce6ba663,0x0000000000000000000000000000000000000000,0.000189175248553544,Gas,address,address
0xfdfc9b1c6b9cacc756df00b7177168fbf9888af32e93bebb6ccf7af0b4545072,25191981,1779948899,0x9ec2f5e65548f87e107aa61bec0a4c13ce6ba663,0x0000000000000000000000000000000000000000,0.000032867560492525,Gas,address,address
0x4b5c044dcc8651ea6aba992ee18d495c312f942af133c933878fe8a1161accf7,25192124,1779950615,0x9ec2f5e65548f87e107aa61bec0a4c13ce6ba663,0x4313c378cc91ea583c91387b9216e2c03096b27f,0.100000000000000006,Direct,address,address
0x4b5c044dcc8651ea6aba992ee18d495c312f942af133c933878fe8a1161accf7,25192124,1779950615,0x9ec2f5e65548f87e107aa61bec0a4c13ce6ba663,0x0000000000000000000000000000000000000000,0.000134116959549664,Gas,address,address
0x5e27bd40ee829ef9c4bdf81f757821557f09b0823196b152104f6e49d0e50978,25192200,1779951527,0x8462f01a830049a0f63f48d0148da313956e761d,0x9ec2f5e65548f87e107aa61bec0a4c13ce6ba663,0.400000000000000022,Direct,address,address
0x2d7b520c2a42e6b9ec39c2b65c6cbb992ddf62e5e7ae95e4ce441085fe92da13,25193323,1779965039,0x4d8b6d3723d8df7370e3d10d30fe5d4daede234a,0x4313c378cc91ea583c91387b9216e2c03096b27f,0.020000000000000000,Direct,address,address
0x2d7b520c2a42e6b9ec39c2b65c6cbb992ddf62e5e7ae95e4ce441085fe92da13,25193323,1779965039,0x4d8b6d3723d8df7370e3d10d30fe5d4daede234a,0x0000000000000000000000000000000000000000,0.000590993800061115,Gas,address,address
0x278137b8fd41d0285b3860089d823aaa7ed2f4e0ae235c7fa39f46a793883400,25193369,1779965591,0x4d8b6d3723d8df7370e3d10d30fe5d4daede234a,0x4313c378cc91ea583c91387b9216e2c03096b27f,0.050000000000000003,Direct,address,address
0x278137b8fd41d0285b3860089d823aaa7ed2f4e0ae235c7fa39f46a793883400,25193369,1779965591,0x4d8b6d3723d8df7370e3d10d30fe5d4daede234a,0x0000000000000000000000000000000000000000,0.000574451775018760,Gas,address,address
0x7291aa6a82ca411d3de794693b33ea7a36a2401db2aa854b225abf6fc3e1d19f,25193386,1779965795,0x4d8b6d3723d8df7370e3d10d30fe5d4daede234a,0x4313c378cc91ea583c91387b9216e2c03096b27f,0.010000000000000000,Direct,address,address
0x7291aa6a82ca411d3de794693b33ea7a36a2401db2aa854b225abf6fc3e1d19f,25193386,1779965795,0x4d8b6d3723d8df7370e3d10d30fe5d4daede234a,0x0000000000000000000000000000000000000000,0.000536328596943695,Gas,address,address
0x675c9b55eb645d9fab9de7fa8adc841eae1273587353a644bc717157c8ceaf86,25193402,1779965987,0x4d8b6d3723d8df7370e3d10d30fe5d4daede234a,0x4313c378cc91ea583c91387b9216e2c03096b27f,0.010000000000000000,Direct,address,address
0x675c9b55eb645d9fab9de7fa8adc841eae1273587353a644bc717157c8ceaf86,25193402,1779965987,0x4d8b6d3723d8df7370e3d10d30fe5d4daede234a,0x0000000000000000000000000000000000000000,0.000533171575766810,Gas,address,address
0x5d66b5a40751d5dc2831af4c4fac8f46335acc8035853cce28dcb28ecedfdc16,25193405,1779966023,0x4d8b6d3723d8df7370e3d10d30fe5d4daede234a,0x4313c378cc91ea583c91387b9216e2c03096b27f,0.020000000000000000,Direct,address,address
0x5d66b5a40751d5dc2831af4c4fac8f46335acc8035853cce28dcb28ecedfdc16,25193405,1779966023,0x4d8b6d3723d8df7370e3d10d30fe5d4daede234a,0x0000000000000000000000000000000000000000,0.000511374779228940,Gas,address,address
0x8984bb5c517139bf133426ffbac52523bdfc7da40b1157fbc0d12a6345526cc7,25193492,1779967067,0x4d8b6d3723d8df7370e3d10d30fe5d4daede234a,0x4313c378cc91ea583c91387b9216e2c03096b27f,0.200000000000000011,Direct,address,address
0x8984bb5c517139bf133426ffbac52523bdfc7da40b1157fbc0d12a6345526cc7,25193492,1779967067,0x4d8b6d3723d8df7370e3d10d30fe5d4daede234a,0x0000000000000000000000000000000000000000,0.008102600000000000,Gas,address,address
0x165eef54e6765ed4651a8a0ad9da859c277f355588a99e8cfb056fa83fb58572,25193504,1779967211,0x4d8b6d3723d8df7370e3d10d30fe5d4daede234a,0x4313c378cc91ea583c91387b9216e2c03096b27f,0.100000000000000006,Direct,address,address
0x165eef54e6765ed4651a8a0ad9da859c277f355588a99e8cfb056fa83fb58572,25193504,1779967211,0x4d8b6d3723d8df7370e3d10d30fe5d4daede234a,0x0000000000000000000000000000000000000000,0.000476729888653662,Gas,address,address
0x9b467f7288a8338dd0d3374d93d902276b94417afe9d5cab6ce7827d1550b6e3,25193693,1779969479,0x4d8b6d3723d8df7370e3d10d30fe5d4daede234a,0x4313c378cc91ea583c91387b9216e2c03096b27f,0.050000000000000003,Direct,address,address
0x9b467f7288a8338dd0d3374d93d902276b94417afe9d5cab6ce7827d1550b6e3,25193693,1779969479,0x4d8b6d3723d8df7370e3d10d30fe5d4daede234a,0x0000000000000000000000000000000000000000,0.000495802605210304,Gas,address,address
0x903842826372d3a18882e697c4a9e46d8b130268a8a451e52c1957d753d6b1b9,25193718,1779969779,0x4d8b6d3723d8df7370e3d10d30fe5d4daede234a,0x0000000000000000000000000000000000000000,0.000242536559480540,Gas,address,address
0xb599e16fbbafd1ecec318f8b67aeaa5d41e4a06da13231243a5ac53604c2aa28,25193721,1779969815,0x4d8b6d3723d8df7370e3d10d30fe5d4daede234a,0x0000000000000000000000000000000000000000,0.000241301377731960,Gas,address,address
0x6e2daac7b1baa89c0fa56fe4b6f55b267bef79c8a731443b6f1bc476639fcb4a,25193730,1779969923,0x4d8b6d3723d8df7370e3d10d30fe5d4daede234a,0x4313c378cc91ea583c91387b9216e2c03096b27f,0.020000000000000000,Direct,address,address
0x6e2daac7b1baa89c0fa56fe4b6f55b267bef79c8a731443b6f1bc476639fcb4a,25193730,1779969923,0x4d8b6d3723d8df7370e3d10d30fe5d4daede234a,0x0000000000000000000000000000000000000000,0.000588721682555640,Gas,address,address
0x39d746c90970455d59634b9c96a9f2825a59c1fedbad2a2323a14f507deac764,25193767,1779970367,0x4d8b6d3723d8df7370e3d10d30fe5d4daede234a,0x0000000000000000000000000000000000000000,0.000035000474108596,Gas,address,address
0x4b5464c9e3630dccdcd814081150a08d10ae1a27aa235db6a410e70d0742f4d2,25193767,1779970367,0x4d8b6d3723d8df7370e3d10d30fe5d4daede234a,0x0000000000000000000000000000000000000000,0.000140194763598739,Gas,address,address
0x731d31d177e877d5e4035865adaec0d94693fdb87aab902e9f8e0eab158ed415,25194009,1779973271,0x4d8b6d3723d8df7370e3d10d30fe5d4daede234a,0x4313c378cc91ea583c91387b9216e2c03096b27f,0.100000000000000006,Direct,address,address
0x731d31d177e877d5e4035865adaec0d94693fdb87aab902e9f8e0eab158ed415,25194009,1779973271,0x4d8b6d3723d8df7370e3d10d30fe5d4daede234a,0x0000000000000000000000000000000000000000,0.000156315324497660,Gas,address,address
0x732ffadffc4ac1d326747e02b11695bd2705a5c15d50144abb4b975f3bf66557,25194012,1779973307,0x4d8b6d3723d8df7370e3d10d30fe5d4daede234a,0x0000000000000000000000000000000000000000,0.002069408000000000,Gas,address,address
0xba7f0a998b2177a113d169cbbc996e74391f0aeb294d50e9b02774321f378871,25194012,1779973307,0x4d8b6d3723d8df7370e3d10d30fe5d4daede234a,0x0000000000000000000000000000000000000000,0.000509289000000000,Gas,address,address
0x0e9ccb377692c4f26765b01af9ce0b062bfe2d89e94900db92410196196fe85a,25194070,1779974003,0x4d8b6d3723d8df7370e3d10d30fe5d4daede234a,0x0000000000000000000000000000000000000000,0.000040539625519360,Gas,address,address
0x50b8b56ffca563c85d550530b440a9fc042e8efb0efab0dabdc6245063b0e032,25194070,1779974003,0x4d8b6d3723d8df7370e3d10d30fe5d4daede234a,0x0000000000000000000000000000000000000000,0.000162163787097280,Gas,address,address
0x4996aabcd6849bc0e9bf8383c1ea506f52654b01e9f4f73e78e7437bbbaa7689,25194120,1779974603,0x4d8b6d3723d8df7370e3d10d30fe5d4daede234a,0x4313c378cc91ea583c91387b9216e2c03096b27f,0.100000000000000006,Direct,address,address
0x4996aabcd6849bc0e9bf8383c1ea506f52654b01e9f4f73e78e7437bbbaa7689,25194120,1779974603,0x4d8b6d3723d8df7370e3d10d30fe5d4daede234a,0x0000000000000000000000000000000000000000,0.000158041864500044,Gas,address,address
0xb6731e5aa1e5edfd05602232395cc9e7fc3f553cdcf87e4ca9a6bfa98e061b3a,25194120,1779974603,0x4d8b6d3723d8df7370e3d10d30fe5d4daede234a,0x4313c378cc91ea583c91387b9216e2c03096b27f,0.100000000000000006,Direct,address,address
0xb6731e5aa1e5edfd05602232395cc9e7fc3f553cdcf87e4ca9a6bfa98e061b3a,25194120,1779974603,0x4d8b6d3723d8df7370e3d10d30fe5d4daede234a,0x0000000000000000000000000000000000000000,0.000301729630943759,Gas,address,address
0x0994f0ab8f39d63cf15ce20eb0f207150d4751669002d42d41640f9c48895cc9,25194121,1779974615,0x4d8b6d3723d8df7370e3d10d30fe5d4daede234a,0x0000000000000000000000000000000000000000,0.000168526200251999,Gas,address,address
0xb898bec9840683fdbb8c7333dc0962f3dd8db63aa0064f897aa21661b82ae606,25194121,1779974615,0x4d8b6d3723d8df7370e3d10d30fe5d4daede234a,0x0000000000000000000000000000000000000000,0.000043145332876438,Gas,address,address
0x126e274faca47b330df80003e18efb8614b657e65365a4fc665bf70922237aa9,25194125,1779974663,0x4d8b6d3723d8df7370e3d10d30fe5d4daede234a,0x4313c378cc91ea583c91387b9216e2c03096b27f,0.050000000000000003,Direct,address,address
0x126e274faca47b330df80003e18efb8614b657e65365a4fc665bf70922237aa9,25194125,1779974663,0x4d8b6d3723d8df7370e3d10d30fe5d4daede234a,0x0000000000000000000000000000000000000000,0.000180590606844890,Gas,address,address
0x1e19dbc13079442d44bc5472f4b10d770b3259b693ec9842859600d70b3f0b18,25194126,1779974675,0x4d8b6d3723d8df7370e3d10d30fe5d4daede234a,0x0000000000000000000000000000000000000000,0.000274379217941880,Gas,address,address
0xb16381cbc5deb61863b40dea090bee31309f98c307f1eb48afd6ea67934cc733,25194126,1779974675,0x4d8b6d3723d8df7370e3d10d30fe5d4daede234a,0x0000000000000000000000000000000000000000,0.000047042969232303,Gas,address,address
0x08aa737a00e150d6fae4fd30c0892c2e93d6272f0b2e7389593c9766b2670363,25194127,1779974687,0x4d8b6d3723d8df7370e3d10d30fe5d4daede234a,0x0000000000000000000000000000000000000000,0.001168977744847935,Gas,address,address
0x94e9c9260d0ea0848849841f82ba9096a3ef3139f603d7853f39d021ab98d2e9,25194127,1779974687,0x4d8b6d3723d8df7370e3d10d30fe5d4daede234a,0x0000000000000000000000000000000000000000,0.000231273352558809,Gas,address,address
0xd5b3811db09b38ad2db1a9a821ab59eabcdccf586c0552b0d8c4ef9ea2af57a1,25194129,1779974711,0x4d8b6d3723d8df7370e3d10d30fe5d4daede234a,0x4313c378cc91ea583c91387b9216e2c03096b27f,0.100000000000000006,Direct,address,address
0xd5b3811db09b38ad2db1a9a821ab59eabcdccf586c0552b0d8c4ef9ea2af57a1,25194129,1779974711,0x4d8b6d3723d8df7370e3d10d30fe5d4daede234a,0x0000000000000000000000000000000000000000,0.001446371129954672,Gas,address,address
0x4f86c0ba5934bc31a8df8e32242c30dcf338705fe4b088ede152f322979735ec,25194135,1779974783,0x4d8b6d3723d8df7370e3d10d30fe5d4daede234a,0x0000000000000000000000000000000000000000,0.000368363087437226,Gas,address,address
0x738981bd86e3307ff085777bc1601fc5bb8f0247ae70ddfd47d3e2a4c58aee25,25194135,1779974783,0x4d8b6d3723d8df7370e3d10d30fe5d4daede234a,0x0000000000000000000000000000000000000000,0.000072857792874214,Gas,address,address
0xea9da5e418a337f93b668c11f9f7ef812aca7b3122fc65a353275b4bc87f1f72,25194140,1779974843,0x4d8b6d3723d8df7370e3d10d30fe5d4daede234a,0x4313c378cc91ea583c91387b9216e2c03096b27f,0.050000000000000003,Direct,address,address
0xea9da5e418a337f93b668c11f9f7ef812aca7b3122fc65a353275b4bc87f1f72,25194140,1779974843,0x4d8b6d3723d8df7370e3d10d30fe5d4daede234a,0x0000000000000000000000000000000000000000,0.000368114301389940,Gas,address,address
0x7e4141e1c22c8c4d872633609211676bd4e1c88281b7ecf5ba7321ee2c03c556,25194144,1779974891,0x4d8b6d3723d8df7370e3d10d30fe5d4daede234a,0x4313c378cc91ea583c91387b9216e2c03096b27f,0.050000000000000003,Direct,address,address
0x7e4141e1c22c8c4d872633609211676bd4e1c88281b7ecf5ba7321ee2c03c556,25194144,1779974891,0x4d8b6d3723d8df7370e3d10d30fe5d4daede234a,0x0000000000000000000000000000000000000000,0.001728423803295288,Gas,address,address
0x7d7d53875266fa8185f2832028abde438d0ed9b83d5e7a31c9d51aa558202564,25194146,1779974915,0x4d8b6d3723d8df7370e3d10d30fe5d4daede234a,0x4313c378cc91ea583c91387b9216e2c03096b27f,0.050000000000000003,Direct,address,address
0x7d7d53875266fa8185f2832028abde438d0ed9b83d5e7a31c9d51aa558202564,25194146,1779974915,0x4d8b6d3723d8df7370e3d10d30fe5d4daede234a,0x0000000000000000000000000000000000000000,0.000354222718115578,Gas,address,address
0xb52c417b2847d1b52dd3dac71319a3c1ad0f93385c22550b716ea9dae0ba264d,25194147,1779974927,0x4d8b6d3723d8df7370e3d10d30fe5d4daede234a,0x4313c378cc91ea583c91387b9216e2c03096b27f,0.050000000000000003,Direct,address,address
0xb52c417b2847d1b52dd3dac71319a3c1ad0f93385c22550b716ea9dae0ba264d,25194147,1779974927,0x4d8b6d3723d8df7370e3d10d30fe5d4daede234a,0x0000000000000000000000000000000000000000,0.000461141658150450,Gas,address,address
0x4b542879c1154031bd79e0107bcc10139c11863a9b4e6612222d446bee0b5984,25194156,1779975035,0x4d8b6d3723d8df7370e3d10d30fe5d4daede234a,0x0000000000000000000000000000000000000000,0.000391165806414810,Gas,address,address
0x8f9cf24a08869b4363721e0f640a1ea03adac42b069d8ef0e86a24019b224632,25194156,1779975035,0x4d8b6d3723d8df7370e3d10d30fe5d4daede234a,0x0000000000000000000000000000000000000000,0.000097853863801708,Gas,address,address
0x610bc84de0447b2f090e55997262eefe1b3f02fea7f745f248678be6f375fe20,25194158,1779975059,0x4d8b6d3723d8df7370e3d10d30fe5d4daede234a,0x0000000000000000000000000000000000000000,0.001262209015586992,Gas,address,address
0xe5a8f700454943ded9fd29e2306c2985c0cefd1364c2da7fbecb117cc379a7e7,25194159,1779975071,0x4d8b6d3723d8df7370e3d10d30fe5d4daede234a,0x0000000000000000000000000000000000000000,0.000267713757557480,Gas,address,address
0x286c50597d3b2f8c787067925ee7610df2cf1d53cbb598d6ac1ad0354bd9d8f3,25194160,1779975083,0x4d8b6d3723d8df7370e3d10d30fe5d4daede234a,0x0000000000000000000000000000000000000000,0.001849749372070302,Gas,address,address
0x9e7f8554a033a2812c3b51e459ac4fbaaf4ef2a82d126560e425dd377ff6dbda,25194161,1779975095,0x4d8b6d3723d8df7370e3d10d30fe5d4daede234a,0x0000000000000000000000000000000000000000,0.003236442000000000,Gas,address,address
0xfd483f75cbed04941a435e64f22c55cca2239bb915ef22187f08bea1ea2ce5cd,25194161,1779975095,0x4d8b6d3723d8df7370e3d10d30fe5d4daede234a,0x0000000000000000000000000000000000000000,0.000508772000000000,Gas,address,address
0x65e88a2f06f3fb93dcc05c5dcd16fbd851f85455c1d874082200d1c2d62abf13,25194162,1779975107,0x4d8b6d3723d8df7370e3d10d30fe5d4daede234a,0x0000000000000000000000000000000000000000,0.001846823084641830,Gas,address,address
0x894d296d8af36df4428131a0e5a135c61bee70d19592c4bf46f1dd8ee4a88d68,25194170,1779975203,0x4d8b6d3723d8df7370e3d10d30fe5d4daede234a,0x4313c378cc91ea583c91387b9216e2c03096b27f,0.100000000000000006,Direct,address,address
0x894d296d8af36df4428131a0e5a135c61bee70d19592c4bf46f1dd8ee4a88d68,25194170,1779975203,0x4d8b6d3723d8df7370e3d10d30fe5d4daede234a,0x0000000000000000000000000000000000000000,0.008202200000000000,Gas,address,address
0x36cc05958275205e6eefc473242fe63e8a89c1dc7ee843c6f505ba89e5757777,25194176,1779975275,0x4d8b6d3723d8df7370e3d10d30fe5d4daede234a,0x0000000000000000000000000000000000000000,0.000099860409587984,Gas,address,address
0xbaa67162239fb6a380df492ac03b42b3d04f116e99242dad9885e10346f00eb7,25194176,1779975275,0x4d8b6d3723d8df7370e3d10d30fe5d4daede234a,0x0000000000000000000000000000000000000000,0.000389659737654764,Gas,address,address
0x7526db2602a690a8aa8f06e5de871f3cea2a0fc3218896510b7a84b4ddf95c64,25194207,1779975647,0x4d8b6d3723d8df7370e3d10d30fe5d4daede234a,0x4313c378cc91ea583c91387b9216e2c03096b27f,0.100000000000000006,Direct,address,address
0x7526db2602a690a8aa8f06e5de871f3cea2a0fc3218896510b7a84b4ddf95c64,25194207,1779975647,0x4d8b6d3723d8df7370e3d10d30fe5d4daede234a,0x0000000000000000000000000000000000000000,0.007101080000000000,Gas,address,address
0x97a6030a654a208cba1eca207dd54caaf17bcbc110f50618869bc634eac9d728,25194251,1779976175,0x4d8b6d3723d8df7370e3d10d30fe5d4daede234a,0x0000000000000000000000000000000000000000,0.002015288000000000,Gas,address,address
0xc632b9cbd3b3ace3bbd52abbe313d8310ae98e95663f3d21f0f16f227c8c0d41,25194251,1779976175,0x4d8b6d3723d8df7370e3d10d30fe5d4daede234a,0x0000000000000000000000000000000000000000,0.000509476000000000,Gas,address,address
0x935e0888db37baeab8efcb1ff60e35b39e3e52c833be4c24025c1be262b3ff43,25194254,1779976211,0x4d8b6d3723d8df7370e3d10d30fe5d4daede234a,0x4313c378cc91ea583c91387b9216e2c03096b27f,0.050000000000000003,Direct,address,address
0x935e0888db37baeab8efcb1ff60e35b39e3e52c833be4c24025c1be262b3ff43,25194254,1779976211,0x4d8b6d3723d8df7370e3d10d30fe5d4daede234a,0x0000000000000000000000000000000000000000,0.000689350651136134,Gas,address,address
0xad1f4e209b081d23a0bae84254bc31dfce96f1c8e94f37904ca765e873d59c71,25194279,1779976511,0x4d8b6d3723d8df7370e3d10d30fe5d4daede234a,0x4313c378cc91ea583c91387b9216e2c03096b27f,0.050000000000000003,Direct,address,address
0xad1f4e209b081d23a0bae84254bc31dfce96f1c8e94f37904ca765e873d59c71,25194279,1779976511,0x4d8b6d3723d8df7370e3d10d30fe5d4daede234a,0x0000000000000000000000000000000000000000,0.008695440000000000,Gas,address,address
0x32dd73634c22cdf72f8c4133e7420cffa0ca88fb049e4ac0bba5e371b1d85d5c,25194283,1779976559,0x4d8b6d3723d8df7370e3d10d30fe5d4daede234a,0x0000000000000000000000000000000000000000,0.000540826000000000,Gas,address,address
0x603fe75e7264a29bc1126bfbb32cd06621446988319a00923dc492ae2f4b6621,25194283,1779976559,0x4d8b6d3723d8df7370e3d10d30fe5d4daede234a,0x0000000000000000000000000000000000000000,0.001694352000000000,Gas,address,address
0x4589c83d77c7bf39810e6ee271387c09176c1f00adc8404f9aefac84a11b25f0,25194306,1779976835,0x4d8b6d3723d8df7370e3d10d30fe5d4daede234a,0x4313c378cc91ea583c91387b9216e2c03096b27f,0.100000000000000006,Direct,address,address
0x4589c83d77c7bf39810e6ee271387c09176c1f00adc8404f9aefac84a11b25f0,25194306,1779976835,0x4d8b6d3723d8df7370e3d10d30fe5d4daede234a,0x0000000000000000000000000000000000000000,0.008388760000000000,Gas,address,address
0xf85704cdcc834167a1e0fd8cbc0a14bc99a6ee471624f3c9b7a5bdff14d29f60,25194307,1779976847,0x4d8b6d3723d8df7370e3d10d30fe5d4daede234a,0x4313c378cc91ea583c91387b9216e2c03096b27f,0.100000000000000006,Direct,address,address
0xf85704cdcc834167a1e0fd8cbc0a14bc99a6ee471624f3c9b7a5bdff14d29f60,25194307,1779976847,0x4d8b6d3723d8df7370e3d10d30fe5d4daede234a,0x0000000000000000000000000000000000000000,0.007704760000000000,Gas,address,address
0x1c98b9b2a87d86cc1782b3b4cd12401bd15a26956c199fc2dd6ef1ed1d023578,25194314,1779976931,0x4d8b6d3723d8df7370e3d10d30fe5d4daede234a,0x0000000000000000000000000000000000000000,0.000515900000000000,Gas,address,address
0x2d65fd40d7a9e2155100d27b1c8e19088831f548a36f42be3a39b36f0e77389f,25194314,1779976931,0x4d8b6d3723d8df7370e3d10d30fe5d4daede234a,0x0000000000000000000000000000000000000000,0.002061741000000000,Gas,address,address
0x09c26d34f51cdb1a0486c1d527e11e1c260dec1ab74b017df2bc4707f88ca023,25194322,1779977027,0x4d8b6d3723d8df7370e3d10d30fe5d4daede234a,0x4313c378cc91ea583c91387b9216e2c03096b27f,0.050000000000000003,Direct,address,address
0x09c26d34f51cdb1a0486c1d527e11e1c260dec1ab74b017df2bc4707f88ca023,25194322,1779977027,0x4d8b6d3723d8df7370e3d10d30fe5d4daede234a,0x0000000000000000000000000000000000000000,0.001056248630645208,Gas,address,address
0x937feadbbe4e22ed406ec58e2e02048f463eb026263b5618a773f5dd63652cfe,25194395,1779977903,0x4d8b6d3723d8df7370e3d10d30fe5d4daede234a,0x4313c378cc91ea583c91387b9216e2c03096b27f,0.100000000000000006,Direct,address,address
0x937feadbbe4e22ed406ec58e2e02048f463eb026263b5618a773f5dd63652cfe,25194395,1779977903,0x4d8b6d3723d8df7370e3d10d30fe5d4daede234a,0x0000000000000000000000000000000000000000,0.000792543778620294,Gas,address,address
0xcca3bf676ba70dbc080b81c8e5a3af0e9be8df816303cf752ac4452f40018918,25194415,1779978143,0x4d8b6d3723d8df7370e3d10d30fe5d4daede234a,0x4313c378cc91ea583c91387b9216e2c03096b27f,0.100000000000000006,Direct,address,address
0xcca3bf676ba70dbc080b81c8e5a3af0e9be8df816303cf752ac4452f40018918,25194415,1779978143,0x4d8b6d3723d8df7370e3d10d30fe5d4daede234a,0x0000000000000000000000000000000000000000,0.000706195533452230,Gas,address,address
0x52d1ee4a5ce7833b15a3505ce25d7df16964ce5dcf7857f78548598c8f482d77,25194418,1779978179,0x4d8b6d3723d8df7370e3d10d30fe5d4daede234a,0x0000000000000000000000000000000000000000,0.000668430509439087,Gas,address,address
0x72f4c77227d9d97bcbcb4b70c91dabb7ff6997f1ab79e17333adc9fc6ed922db,25194418,1779978179,0x4d8b6d3723d8df7370e3d10d30fe5d4daede234a,0x0000000000000000000000000000000000000000,0.000171095766149406,Gas,address,address
0x493ab037490f159615d03f15e49bc09a949493740118ba125a182c275d0a4fc8,25194419,1779978191,0x4d8b6d3723d8df7370e3d10d30fe5d4daede234a,0x0000000000000000000000000000000000000000,0.000156029008016514,Gas,address,address
0xb20dae696f355eda7f340cc44901b8fe31217350b6c01a27bedde9160c205884,25194419,1779978191,0x4d8b6d3723d8df7370e3d10d30fe5d4daede234a,0x0000000000000000000000000000000000000000,0.000633519151673532,Gas,address,address
0xa65eb670006238acdefb54db6724c950f7187e78fd957a5e934a4176dd56aaa6,25194420,1779978203,0x4d8b6d3723d8df7370e3d10d30fe5d4daede234a,0x0000000000000000000000000000000000000000,0.000306950011934387,Gas,address,address
0x2b2f32aac588b436ee9a1351ce06771b8572cf2feb5f54e84135427884cf8228,25194421,1779978215,0x4d8b6d3723d8df7370e3d10d30fe5d4daede234a,0x0000000000000000000000000000000000000000,0.001370358984864926,Gas,address,address
0x07d3e053ad2bd6d6a4e65dab244120a54cf1deeb3ad1f2401023743e2866c4f9,25194422,1779978227,0x4d8b6d3723d8df7370e3d10d30fe5d4daede234a,0x0000000000000000000000000000000000000000,0.001348515617192114,Gas,address,address
0x5ca875ed29326deeee42d03ffe9ba22707d01b71b8b29b9c4b57c4d2380e8df9,25194513,1779979319,0x4d8b6d3723d8df7370e3d10d30fe5d4daede234a,0x4313c378cc91ea583c91387b9216e2c03096b27f,0.050000000000000003,Direct,address,address
0x5ca875ed29326deeee42d03ffe9ba22707d01b71b8b29b9c4b57c4d2380e8df9,25194513,1779979319,0x4d8b6d3723d8df7370e3d10d30fe5d4daede234a,0x0000000000000000000000000000000000000000,0.000292175180151146,Gas,address,address
0x27777129f7d6560b82e7e9232772edd51a45b07cae8a793d4afb9c3b386061e9,25194515,1779979343,0x4d8b6d3723d8df7370e3d10d30fe5d4daede234a,0x0000000000000000000000000000000000000000,0.000077086440884284,Gas,address,address
0x3df34f8b05f2434df2b6d0830a7829a14bba9d222f51bfe0ed46a3a475c6f0c7,25194515,1779979343,0x4d8b6d3723d8df7370e3d10d30fe5d4daede234a,0x0000000000000000000000000000000000000000,0.000322549198186502,Gas,address,address
0x0a08c6812bb479f9138c7461519d40f0eb2287b0566c10667a1212838231f122,25194563,1779979919,0x870a8213faf15d366677de6fa8aed31cd2154a87,0x3328f7f4a1d1c57c35df56bbf0c9dcafca309c49,0.115969430576160076,Direct,address,address
0x0a08c6812bb479f9138c7461519d40f0eb2287b0566c10667a1212838231f122,25194563,1779979919,0x870a8213faf15d366677de6fa8aed31cd2154a87,0x0000000000000000000000000000000000000000,0.000076273896813723,Gas,address,address
0x1a1ea3deebfdece163d2db595fb64eac6f17cd139474c36897a26d84971a4969,25194563,1779979919,0xa18d64318ddf90d2c08c96acb0210467fc787478,0x3328f7f4a1d1c57c35df56bbf0c9dcafca309c49,0.099000000000000005,Direct,address,address
0x1a1ea3deebfdece163d2db595fb64eac6f17cd139474c36897a26d84971a4969,25194563,1779979919,0xa18d64318ddf90d2c08c96acb0210467fc787478,0x0000000000000000000000000000000000000000,0.000076302023277852,Gas,address,address
0x2f74b869384ce16230a812e027cb5be526a2d98bd869406e568e67ff73590c2b,25194563,1779979919,0x7fce3e6b828ee24ac69d0027e8eca33c77a22009,0x3328f7f4a1d1c57c35df56bbf0c9dcafca309c49,0.105236975745539918,Direct,address,address
0x2f74b869384ce16230a812e027cb5be526a2d98bd869406e568e67ff73590c2b,25194563,1779979919,0x7fce3e6b828ee24ac69d0027e8eca33c77a22009,0x0000000000000000000000000000000000000000,0.000076273896813723,Gas,address,address
0xc0b62c55ede70a5e2b51773de726df7dcad58fb541862ce7bf8558c60d86c486,25194563,1779979919,0xf7b096deccabc81290c7666e15f838bf90d4fd00,0x7a250d5630b4cf539739df2c5dacb4c659f2488d,0.070000000000000007,Direct,address,address
0xc0b62c55ede70a5e2b51773de726df7dcad58fb541862ce7bf8558c60d86c486,25194563,1779979919,0xf7b096deccabc81290c7666e15f838bf90d4fd00,0x0000000000000000000000000000000000000000,0.000067516972179488,Gas,address,address
0xd613ca27a21869545b9c15445745e0b86572e0fd6f9cf48cd22d228604b66eaf,25194563,1779979919,0x8343d9c79116936275c41d262dc109969297eee7,0x7a250d5630b4cf539739df2c5dacb4c659f2488d,0.115727450300118509,Direct,address,address
0xd613ca27a21869545b9c15445745e0b86572e0fd6f9cf48cd22d228604b66eaf,25194563,1779979919,0x8343d9c79116936275c41d262dc109969297eee7,0x0000000000000000000000000000000000000000,0.000067497698732940,Gas,address,address
0x3f0b380dd52141755d03f654b0225987892e6bfd19e189e33989454c5530d68c,25194567,1779979967,0xe635e0d567fe83ac4cba2902a6448f9f9889b2fd,0x7a250d5630b4cf539739df2c5dacb4c659f2488d,0.089999999999999997,Direct,address,address
0x3f0b380dd52141755d03f654b0225987892e6bfd19e189e33989454c5530d68c,25194567,1779979967,0xe635e0d567fe83ac4cba2902a6448f9f9889b2fd,0x0000000000000000000000000000000000000000,0.000071090592274000,Gas,address,address
0x61120f2c61f6d558ea992eb3aeb4844c2debc9203335347b4c475aabbd7acd92,25194567,1779979967,0xdb7f5bb0d3815862a77330d3056690fd01b6341f,0x3328f7f4a1d1c57c35df56bbf0c9dcafca309c49,0.128979120192263208,Direct,address,address
0x61120f2c61f6d558ea992eb3aeb4844c2debc9203335347b4c475aabbd7acd92,25194567,1779979967,0xdb7f5bb0d3815862a77330d3056690fd01b6341f,0x0000000000000000000000000000000000000000,0.000085466897891700,Gas,address,address
0xebd9caab367f72aa488f87f4318d01dd6211a2deb764fe736ee5ff6b20631a90,25194567,1779979967,0xc1e67fd3c3ebff35e87a76fc9e7c4598ed2fdf79,0x7a250d5630b4cf539739df2c5dacb4c659f2488d,0.092700000000000005,Direct,address,address
0xebd9caab367f72aa488f87f4318d01dd6211a2deb764fe736ee5ff6b20631a90,25194567,1779979967,0xc1e67fd3c3ebff35e87a76fc9e7c4598ed2fdf79,0x0000000000000000000000000000000000000000,0.000071090592274000,Gas,address,address
0x06eea2c036189cefac63b5701db48a444c9eb591901d8454067f413cd603c6de,25194574,1779980051,0x77b7fdf464ce43597d20608c0ef9865a4f4c7fa5,0x3328f7f4a1d1c57c35df56bbf0c9dcafca309c49,0.096299999999999997,Direct,address,address
0x06eea2c036189cefac63b5701db48a444c9eb591901d8454067f413cd603c6de,25194574,1779980051,0x77b7fdf464ce43597d20608c0ef9865a4f4c7fa5,0x0000000000000000000000000000000000000000,0.000094066019598564,Gas,address,address
0xe6b4829630cb2ef2e8001774bfc56312527bc259c4315f8af290b980c1c4db09,25194574,1779980051,0xbc8a46c29a79250bee25f77b8475804a1650a8e3,0x7a250d5630b4cf539739df2c5dacb4c659f2488d,0.112869667105371940,Direct,address,address
0xe6b4829630cb2ef2e8001774bfc56312527bc259c4315f8af290b980c1c4db09,25194574,1779980051,0xbc8a46c29a79250bee25f77b8475804a1650a8e3,0x0000000000000000000000000000000000000000,0.000078243263896080,Gas,address,address
0x3683b1e12e9bb6207a348c7a3a1afa59247e303f44e5bf38e06c836101b1f06f,25194575,1779980063,0x4d8b6d3723d8df7370e3d10d30fe5d4daede234a,0x4313c378cc91ea583c91387b9216e2c03096b27f,0.050000000000000003,Direct,address,address
0x3683b1e12e9bb6207a348c7a3a1afa59247e303f44e5bf38e06c836101b1f06f,25194575,1779980063,0x4d8b6d3723d8df7370e3d10d30fe5d4daede234a,0x0000000000000000000000000000000000000000,0.000248770275028202,Gas,address,address
0x56979fd0fb8121eca7f1b9e43529e42daf29419e0efda690d3315dc496f170bd,25194586,1779980195,0x4d8b6d3723d8df7370e3d10d30fe5d4daede234a,0x0000000000000000000000000000000000000000,0.000540826000000000,Gas,address,address
0xf70193de0246304050ec96cd1a7a4f2006fe0417b483140448156a48bc40c4b3,25194586,1779980195,0x4d8b6d3723d8df7370e3d10d30fe5d4daede234a,0x0000000000000000000000000000000000000000,0.002112473000000000,Gas,address,address
0x0d45f1cd6d455945a7837f9ce210b241f30f3e63422fc99d5055e13d665b0dc1,25194634,1779980783,0xe635e0d567fe83ac4cba2902a6448f9f9889b2fd,0x50995f97f63f8ec9a131272269f1388d88a03990,0.042916221387213002,Direct,address,address
0x0d45f1cd6d455945a7837f9ce210b241f30f3e63422fc99d5055e13d665b0dc1,25194634,1779980783,0xe635e0d567fe83ac4cba2902a6448f9f9889b2fd,0x0000000000000000000000000000000000000000,0.000012688020513000,Gas,address,address
0x33e74ffe2b8eac9d4b72683b96afcd8d9f3e51289dae219f77a500c0d1f6d7aa,25194634,1779980783,0xdb7f5bb0d3815862a77330d3056690fd01b6341f,0x50995f97f63f8ec9a131272269f1388d88a03990,0.012922724889332099,Direct,address,address
0x33e74ffe2b8eac9d4b72683b96afcd8d9f3e51289dae219f77a500c0d1f6d7aa,25194634,1779980783,0xdb7f5bb0d3815862a77330d3056690fd01b6341f,0x0000000000000000000000000000000000000000,0.000012688020513000,Gas,address,address
0x34bc71429c566cce7f18fad8259463a648c48fb83f10c5d3d561ad09796a4492,25194634,1779980783,0xa18d64318ddf90d2c08c96acb0210467fc787478,0x50995f97f63f8ec9a131272269f1388d88a03990,0.040911009956209145,Direct,address,address
0x34bc71429c566cce7f18fad8259463a648c48fb83f10c5d3d561ad09796a4492,25194634,1779980783,0xa18d64318ddf90d2c08c96acb0210467fc787478,0x0000000000000000000000000000000000000000,0.000012688020513000,Gas,address,address
0x468e6a373ea4181063ac5b0d04ffd294f5244fbbfc0fc740ca63f3938cccc59e,25194634,1779980783,0x77b7fdf464ce43597d20608c0ef9865a4f4c7fa5,0x50995f97f63f8ec9a131272269f1388d88a03990,0.010593245959888435,Direct,address,address
0x468e6a373ea4181063ac5b0d04ffd294f5244fbbfc0fc740ca63f3938cccc59e,25194634,1779980783,0x77b7fdf464ce43597d20608c0ef9865a4f4c7fa5,0x0000000000000000000000000000000000000000,0.000012688020513000,Gas,address,address
0x63605fe88684bbe2e46842f99e4f7920337cedf1991878c71e2c9efd9a0af8a2,25194634,1779980783,0xc1e67fd3c3ebff35e87a76fc9e7c4598ed2fdf79,0x50995f97f63f8ec9a131272269f1388d88a03990,0.010216221387213001,Direct,address,address
0x63605fe88684bbe2e46842f99e4f7920337cedf1991878c71e2c9efd9a0af8a2,25194634,1779980783,0xc1e67fd3c3ebff35e87a76fc9e7c4598ed2fdf79,0x0000000000000000000000000000000000000000,0.000012688020513000,Gas,address,address
0x694118b646798065b7e6bd886348e3b202c05a01de15754c5992dd188d8339f4,25194634,1779980783,0xbc8a46c29a79250bee25f77b8475804a1650a8e3,0x50995f97f63f8ec9a131272269f1388d88a03990,0.012039401610218979,Direct,address,address
0x694118b646798065b7e6bd886348e3b202c05a01de15754c5992dd188d8339f4,25194634,1779980783,0xbc8a46c29a79250bee25f77b8475804a1650a8e3,0x0000000000000000000000000000000000000000,0.000012688020513000,Gas,address,address
0x7ab28e553f0e22e4522e77d304f36b25fd831797b5b44c18072368b3176c1727,25194634,1779980783,0x7fce3e6b828ee24ac69d0027e8eca33c77a22009,0x50995f97f63f8ec9a131272269f1388d88a03990,0.010674062337133356,Direct,address,address
0x7ab28e553f0e22e4522e77d304f36b25fd831797b5b44c18072368b3176c1727,25194634,1779980783,0x7fce3e6b828ee24ac69d0027e8eca33c77a22009,0x0000000000000000000000000000000000000000,0.000012688020513000,Gas,address,address
0x8a708267708ac6d213e716c979a8a68b09a8b1bd5998a98d24fa606cdc2af0f8,25194634,1779980783,0xf7b096deccabc81290c7666e15f838bf90d4fd00,0x50995f97f63f8ec9a131272269f1388d88a03990,0.042919795007307505,Direct,address,address
0x8a708267708ac6d213e716c979a8a68b09a8b1bd5998a98d24fa606cdc2af0f8,25194634,1779980783,0xf7b096deccabc81290c7666e15f838bf90d4fd00,0x0000000000000000000000000000000000000000,0.000012688020513000,Gas,address,address
0x95affec98ba5e6ab184e25d02288ba85fb8f2dd76f175f1ff2c8262335b1ad44,25194634,1779980783,0x870a8213faf15d366677de6fa8aed31cd2154a87,0x50995f97f63f8ec9a131272269f1388d88a03990,0.010941607506513197,Direct,address,address
0x95affec98ba5e6ab184e25d02288ba85fb8f2dd76f175f1ff2c8262335b1ad44,25194634,1779980783,0x870a8213faf15d366677de6fa8aed31cd2154a87,0x0000000000000000000000000000000000000000,0.000012688020513000,Gas,address,address
0xe9e60dc805e0bf19e27f9d48b2c63caca8fb1a82d465a76bc72b80b4ca66eaa8,25194634,1779980783,0x8343d9c79116936275c41d262dc109969297eee7,0x50995f97f63f8ec9a131272269f1388d88a03990,0.011192363980635551,Direct,address,address
0xe9e60dc805e0bf19e27f9d48b2c63caca8fb1a82d465a76bc72b80b4ca66eaa8,25194634,1779980783,0x8343d9c79116936275c41d262dc109969297eee7,0x0000000000000000000000000000000000000000,0.000012688020513000,Gas,address,address
0x739464183c57461b429983f0d5b1eb1899941490bdd93be51983e1bc3966f4d3,25194893,1779983903,0x4d8b6d3723d8df7370e3d10d30fe5d4daede234a,0x4313c378cc91ea583c91387b9216e2c03096b27f,0.020000000000000000,Direct,address,address
0x739464183c57461b429983f0d5b1eb1899941490bdd93be51983e1bc3966f4d3,25194893,1779983903,0x4d8b6d3723d8df7370e3d10d30fe5d4daede234a,0x0000000000000000000000000000000000000000,0.000287175341551200,Gas,address,address
0xe24e2ab128eac2bb8f721c14f43463e1d4ef43e4507145914579b083b5f0c90b,25195056,1779985883,0x9ec2f5e65548f87e107aa61bec0a4c13ce6ba663,0x4313c378cc91ea583c91387b9216e2c03096b27f,0.029999999999999999,Direct,address,address
0xe24e2ab128eac2bb8f721c14f43463e1d4ef43e4507145914579b083b5f0c90b,25195056,1779985883,0x9ec2f5e65548f87e107aa61bec0a4c13ce6ba663,0x0000000000000000000000000000000000000000,0.002236256099469444,Gas,address,address
0x816c65288cf2320ea8fb9bbde10df2379d8b5ade9acec145adcbce227e3fa22c,25195060,1779985931,0x9ec2f5e65548f87e107aa61bec0a4c13ce6ba663,0x4313c378cc91ea583c91387b9216e2c03096b27f,0.029999999999999999,Direct,address,address
0x816c65288cf2320ea8fb9bbde10df2379d8b5ade9acec145adcbce227e3fa22c,25195060,1779985931,0x9ec2f5e65548f87e107aa61bec0a4c13ce6ba663,0x0000000000000000000000000000000000000000,0.001662312681370212,Gas,address,address
0x4e85277f4e6bfba9f8f8ba968709d47a98c136a90c79e393b06697bafd02dcbd,25195064,1779985979,0x9ec2f5e65548f87e107aa61bec0a4c13ce6ba663,0x4313c378cc91ea583c91387b9216e2c03096b27f,0.029999999999999999,Direct,address,address
0x4e85277f4e6bfba9f8f8ba968709d47a98c136a90c79e393b06697bafd02dcbd,25195064,1779985979,0x9ec2f5e65548f87e107aa61bec0a4c13ce6ba663,0x0000000000000000000000000000000000000000,0.001299921374363040,Gas,address,address
0xb856fab3b538330c2ef9be254910629876affbbed3f0350b127ea407ee8487d0,25195086,1779986243,0x4d8b6d3723d8df7370e3d10d30fe5d4daede234a,0x4313c378cc91ea583c91387b9216e2c03096b27f,0.050000000000000003,Direct,address,address
0xb856fab3b538330c2ef9be254910629876affbbed3f0350b127ea407ee8487d0,25195086,1779986243,0x4d8b6d3723d8df7370e3d10d30fe5d4daede234a,0x0000000000000000000000000000000000000000,0.001185944464626124,Gas,address,address
0x5a9ea6a325bcac578e818b01f6ef78b73f7bf4b758bf9f0eaab18b76bc5b122e,25195087,1779986255,0x4d8b6d3723d8df7370e3d10d30fe5d4daede234a,0x0000000000000000000000000000000000000000,0.000593013931936090,Gas,address,address
0xa5a31df32c5843a09c7ac29f176b4ac88cf50521baf37952f68c753239116e73,25195087,1779986255,0x4d8b6d3723d8df7370e3d10d30fe5d4daede234a,0x0000000000000000000000000000000000000000,0.000063403684150404,Gas,address,address
0x0cc70476e083a769706bb48185ebb4683e5f1e50d12839deef70a282440e4025,25195135,1779986831,0x9ec2f5e65548f87e107aa61bec0a4c13ce6ba663,0x0000000000000000000000000000000000000000,0.001449560844826176,Gas,address,address
0x65c76dc14ee142b746f5cbb6c01bc00e96d3920361c28411dbd8df9ce81c132f,25195135,1779986831,0x9ec2f5e65548f87e107aa61bec0a4c13ce6ba663,0x0000000000000000000000000000000000000000,0.000062628446766096,Gas,address,address
0x2f9c49808bd9ea4cba58868afc54bae73c3fccf61d49dfda43bdd583a40e171a,25195212,1779987767,0x9ec2f5e65548f87e107aa61bec0a4c13ce6ba663,0x0000000000000000000000000000000000000000,0.000761712657332647,Gas,address,address
0xa4e13f8d678b40e781a5aebab02be3bd3386bbd3c5df8ec37b756400bb0c42b9,25195212,1779987767,0x9ec2f5e65548f87e107aa61bec0a4c13ce6ba663,0x0000000000000000000000000000000000000000,0.000083679307944726,Gas,address,address
0x27af981938e02bf1392ae6b549d1d1865cb3eff0c707c7f2b856c7a52dfe6c7c,25195377,1779989747,0x9ec2f5e65548f87e107aa61bec0a4c13ce6ba663,0x0000000000000000000000000000000000000000,0.000046540839682038,Gas,address,address
0xf3618b5101cfbe0b957f501acfdb838048bf9b17c94d1df4d707077854a31ff9,25195377,1779989747,0x9ec2f5e65548f87e107aa61bec0a4c13ce6ba663,0x0000000000000000000000000000000000000000,0.000367102497565131,Gas,address,address
0xf049aaa96327784e26303d6982a17594ed075a10843b68ea1a0fcaa5530f2ba4,25198456,1780026803,0xf7b096deccabc81290c7666e15f838bf90d4fd00,0x7a250d5630b4cf539739df2c5dacb4c659f2488d,0.059999999999999998,Direct,address,address
0xf049aaa96327784e26303d6982a17594ed075a10843b68ea1a0fcaa5530f2ba4,25198456,1780026803,0xf7b096deccabc81290c7666e15f838bf90d4fd00,0x0000000000000000000000000000000000000000,0.000026997424562199,Gas,address,address
0x4e2c237c094208962256f430b3578edfba3097e51d7d28ef5fdebfd444a6cd7f,25198458,1780026827,0xe635e0d567fe83ac4cba2902a6448f9f9889b2fd,0x7a250d5630b4cf539739df2c5dacb4c659f2488d,0.059999999999999998,Direct,address,address
0x4e2c237c094208962256f430b3578edfba3097e51d7d28ef5fdebfd444a6cd7f,25198458,1780026827,0xe635e0d567fe83ac4cba2902a6448f9f9889b2fd,0x0000000000000000000000000000000000000000,0.000025600484995470,Gas,address,address
0x8e29cb42778523cb94ab052efddf55cd8afff11fd9828a04a21e6df6cfd5a9e6,25198458,1780026827,0xc1e67fd3c3ebff35e87a76fc9e7c4598ed2fdf79,0x7a250d5630b4cf539739df2c5dacb4c659f2488d,0.049700000000000001,Direct,address,address
0x8e29cb42778523cb94ab052efddf55cd8afff11fd9828a04a21e6df6cfd5a9e6,25198458,1780026827,0xc1e67fd3c3ebff35e87a76fc9e7c4598ed2fdf79,0x0000000000000000000000000000000000000000,0.000025600484995470,Gas,address,address
0x9137ce565f937af84f82265ddd71238a2f3efc5ef59ef23c66d0bcfdb19bc497,25198458,1780026827,0xa18d64318ddf90d2c08c96acb0210467fc787478,0x3328f7f4a1d1c57c35df56bbf0c9dcafca309c49,0.039800000000000002,Direct,address,address
0x9137ce565f937af84f82265ddd71238a2f3efc5ef59ef23c66d0bcfdb19bc497,25198458,1780026827,0xa18d64318ddf90d2c08c96acb0210467fc787478,0x0000000000000000000000000000000000000000,0.000030687040080180,Gas,address,address
0xa2fb47624f96f5a52c9c4441ee01f4cc1e266f624bfff4e2f53d5fd03de234b4,25198458,1780026827,0x8343d9c79116936275c41d262dc109969297eee7,0x3328f7f4a1d1c57c35df56bbf0c9dcafca309c49,0.049700000000000001,Direct,address,address
0xa2fb47624f96f5a52c9c4441ee01f4cc1e266f624bfff4e2f53d5fd03de234b4,25198458,1780026827,0x8343d9c79116936275c41d262dc109969297eee7,0x0000000000000000000000000000000000000000,0.000028882429645140,Gas,address,address
0xb49b0fc752bfb1b31caafae01bc84910bdc03ce340a21046a9da8a1e74959fd5,25198458,1780026827,0x7fce3e6b828ee24ac69d0027e8eca33c77a22009,0x3328f7f4a1d1c57c35df56bbf0c9dcafca309c49,0.040000000000000001,Direct,address,address
0xb49b0fc752bfb1b31caafae01bc84910bdc03ce340a21046a9da8a1e74959fd5,25198458,1780026827,0x7fce3e6b828ee24ac69d0027e8eca33c77a22009,0x0000000000000000000000000000000000000000,0.000028882429645140,Gas,address,address
0xbf9a855f2647ea6f9d5bf809d289974f51a3703aa74779b64c2fa089cc30d962,25198458,1780026827,0x870a8213faf15d366677de6fa8aed31cd2154a87,0x3328f7f4a1d1c57c35df56bbf0c9dcafca309c49,0.089999999999999997,Direct,address,address
0xbf9a855f2647ea6f9d5bf809d289974f51a3703aa74779b64c2fa089cc30d962,25198458,1780026827,0x870a8213faf15d366677de6fa8aed31cd2154a87,0x0000000000000000000000000000000000000000,0.000028882429645140,Gas,address,address
0x0e8e2ad212e87c6282b7e6462deb7075cbb08decea0c7abbc867e3a92a713eba,25198459,1780026839,0xf7b096deccabc81290c7666e15f838bf90d4fd00,0x0000000000000000000000000000000000000000,0.000008052486806424,Gas,address,address
0xfbc7dbabac1cea8007ea8801526955333631e1b3725586fe91bdcb107cd9bf49,25198459,1780026839,0xf7b096deccabc81290c7666e15f838bf90d4fd00,0x0000000000000000000000000000000000000000,0.000025746944322368,Gas,address,address
0x8ca45b4b14238860063ff9c63425a8c2cd7d7a6d2df8521194944a00882a7b8f,25198461,1780026863,0x870a8213faf15d366677de6fa8aed31cd2154a87,0x0000000000000000000000000000000000000000,0.000029124585367682,Gas,address,address
0x9559710a5aea5fedddca5419f7edd39f9126b9bfce3070b815ab2006ed65c601,25198461,1780026863,0x870a8213faf15d366677de6fa8aed31cd2154a87,0x0000000000000000000000000000000000000000,0.000008364718548942,Gas,address,address
0x2bfd40e4d9d4bf9bac2ee626bc3870e73a659f9178b50029faaee3f1b48caff9,25198462,1780026875,0x10929a535625d921fbff72480142dea0184be50e,0x3328f7f4a1d1c57c35df56bbf0c9dcafca309c49,0.040000000000000001,Direct,address,address
0x2bfd40e4d9d4bf9bac2ee626bc3870e73a659f9178b50029faaee3f1b48caff9,25198462,1780026875,0x10929a535625d921fbff72480142dea0184be50e,0x0000000000000000000000000000000000000000,0.000031574561049438,Gas,address,address
0x9957510e0a3b596ccb57be2194943ba176a1dfb13f8e11a857d0cf8400d3afba,25198462,1780026875,0xce0e56416d5e8bd78c9dc305f6fc05b5715111c8,0x7a250d5630b4cf539739df2c5dacb4c659f2488d,0.029999999999999999,Direct,address,address
0x9957510e0a3b596ccb57be2194943ba176a1dfb13f8e11a857d0cf8400d3afba,25198462,1780026875,0xce0e56416d5e8bd78c9dc305f6fc05b5715111c8,0x0000000000000000000000000000000000000000,0.000026340894210477,Gas,address,address
0xdc957bb3444b185add998f31210b9d12a3040d4943c116ea6c0f8d438047967c,25198462,1780026875,0x3bf21733e11dcd57e97d60012af268c27de54839,0x3328f7f4a1d1c57c35df56bbf0c9dcafca309c49,0.049500000000000002,Direct,address,address
0xdc957bb3444b185add998f31210b9d12a3040d4943c116ea6c0f8d438047967c,25198462,1780026875,0x3bf21733e11dcd57e97d60012af268c27de54839,0x0000000000000000000000000000000000000000,0.000029717758236174,Gas,address,address
0x8541d356391b8ec939a6b943ad50aa2bb7f87c9edfa6252425a17abf168e9de0,25198464,1780026899,0x2b28ab667f3a0efbb744ba310761eb0cf3046062,0x3328f7f4a1d1c57c35df56bbf0c9dcafca309c49,0.044115353074904703,Direct,address,address
0x8541d356391b8ec939a6b943ad50aa2bb7f87c9edfa6252425a17abf168e9de0,25198464,1780026899,0x2b28ab667f3a0efbb744ba310761eb0cf3046062,0x0000000000000000000000000000000000000000,0.000025766253401064,Gas,address,address
0x8b68674bad0f7b41d6e01a5eb31154473f7cfce5d9ff7b3a017e1658d2a5d607,25198464,1780026899,0xfde8ca90a0e648ba896b8a4d0f579c36c373fdd3,0x3328f7f4a1d1c57c35df56bbf0c9dcafca309c49,0.055979877069345083,Direct,address,address
0x8b68674bad0f7b41d6e01a5eb31154473f7cfce5d9ff7b3a017e1658d2a5d607,25198464,1780026899,0xfde8ca90a0e648ba896b8a4d0f579c36c373fdd3,0x0000000000000000000000000000000000000000,0.000027376161235368,Gas,address,address
0x4a072de084853ac3ebc4153044a4d94e6d5ed0af7bcf26e751d9a3c25b368aa8,25198465,1780026911,0x77b7fdf464ce43597d20608c0ef9865a4f4c7fa5,0x3328f7f4a1d1c57c35df56bbf0c9dcafca309c49,0.040000000000000001,Direct,address,address
0x4a072de084853ac3ebc4153044a4d94e6d5ed0af7bcf26e751d9a3c25b368aa8,25198465,1780026911,0x77b7fdf464ce43597d20608c0ef9865a4f4c7fa5,0x0000000000000000000000000000000000000000,0.000028655128201018,Gas,address,address
0x51ccdff6abaf69e309778252ab20b7cd69b537cfd9c9e6124ac6a0617293a51d,25198465,1780026911,0xbc8a46c29a79250bee25f77b8475804a1650a8e3,0x7a250d5630b4cf539739df2c5dacb4c659f2488d,0.040000000000000001,Direct,address,address
0x51ccdff6abaf69e309778252ab20b7cd69b537cfd9c9e6124ac6a0617293a51d,25198465,1780026911,0xbc8a46c29a79250bee25f77b8475804a1650a8e3,0x0000000000000000000000000000000000000000,0.000023905374309047,Gas,address,address
0x9ece3a1439599a8fab1b320a98d8db2be6a109f7cf55631075a41819abe503d0,25198469,1780026959,0xbc8a46c29a79250bee25f77b8475804a1650a8e3,0x7a250d5630b4cf539739df2c5dacb4c659f2488d,0.030549405288368175,Direct,address,address
0x9ece3a1439599a8fab1b320a98d8db2be6a109f7cf55631075a41819abe503d0,25198469,1780026959,0xbc8a46c29a79250bee25f77b8475804a1650a8e3,0x0000000000000000000000000000000000000000,0.000025669477120715,Gas,address,address
0x090fb1e17a4a4470d8eb7072a937e97dd2b5d5a2b3880595113ffd079a17769b,25198471,1780026983,0xa18d64318ddf90d2c08c96acb0210467fc787478,0x0000000000000000000000000000000000000000,0.000008255239261446,Gas,address,address
0x5050b7562cdb92b10eeeb73a87ba7883dad9cfe215a1206147efd24c4f0a140d,25198471,1780026983,0x750819c35800a9acdf9a800212202ddb100af5db,0x7a250d5630b4cf539739df2c5dacb4c659f2488d,0.039800000000000002,Direct,address,address
0x5050b7562cdb92b10eeeb73a87ba7883dad9cfe215a1206147efd24c4f0a140d,25198471,1780026983,0x750819c35800a9acdf9a800212202ddb100af5db,0x0000000000000000000000000000000000000000,0.000025806264126504,Gas,address,address
0x5eaff82b7447f3cc180eb47cd3168005b02f1c30ae328346c399e4502045df5f,25198471,1780026983,0xa18d64318ddf90d2c08c96acb0210467fc787478,0x0000000000000000000000000000000000000000,0.000028743396349066,Gas,address,address
0x607c47b12dbebc292bcb81afc619a638903ce9d205464f6ea64c1cdff435b284,25198475,1780027031,0xe12af9854d77ee2463e84966bb4b18b5dd31c20a,0x3328f7f4a1d1c57c35df56bbf0c9dcafca309c49,0.050000000000000003,Direct,address,address
0x607c47b12dbebc292bcb81afc619a638903ce9d205464f6ea64c1cdff435b284,25198475,1780027031,0xe12af9854d77ee2463e84966bb4b18b5dd31c20a,0x0000000000000000000000000000000000000000,0.000028261967250564,Gas,address,address
0xa2ec40fc3a1bc863bbc860adb6f87422612bb73c38cacf22c4a07db5c3f387fc,25198475,1780027031,0xa8b78f6ebf220c1d7498236260316831624ac232,0x7a250d5630b4cf539739df2c5dacb4c659f2488d,0.039800000000000002,Direct,address,address
0xa2ec40fc3a1bc863bbc860adb6f87422612bb73c38cacf22c4a07db5c3f387fc,25198475,1780027031,0xa8b78f6ebf220c1d7498236260316831624ac232,0x0000000000000000000000000000000000000000,0.000026816369643126,Gas,address,address
0xb9b787ff0a87998cc5d7d1c8eb4b096ce16b22ca44d7bb16a136c521c87d36ea,25198475,1780027031,0x5355c7c2bb2e49945537beaabbaff57ad2e9b224,0x3328f7f4a1d1c57c35df56bbf0c9dcafca309c49,0.039800000000000002,Direct,address,address
0xb9b787ff0a87998cc5d7d1c8eb4b096ce16b22ca44d7bb16a136c521c87d36ea,25198475,1780027031,0x5355c7c2bb2e49945537beaabbaff57ad2e9b224,0x0000000000000000000000000000000000000000,0.000028261967250564,Gas,address,address
0xfb72323641fc9e5bda7ac2dbc10345c9d54f0227816c3a9de3fce9a5788c95e7,25198475,1780027031,0x063676cb3ae3c76fb7282f6db01d010abf7e95a0,0x7a250d5630b4cf539739df2c5dacb4c659f2488d,0.049500000000000002,Direct,address,address
0xfb72323641fc9e5bda7ac2dbc10345c9d54f0227816c3a9de3fce9a5788c95e7,25198475,1780027031,0x063676cb3ae3c76fb7282f6db01d010abf7e95a0,0x0000000000000000000000000000000000000000,0.000025050526476822,Gas,address,address
0x55fc9fcf335989a7f009d4b2f696c8dc10aef2375f592824f07d32a01b36fa19,25198477,1780027055,0x8343d9c79116936275c41d262dc109969297eee7,0x0000000000000000000000000000000000000000,0.000007580704639608,Gas,address,address
0xe42ee40895fcae4d95a1a9e55ad57881cc5b560e93608bc978871f88da149e7e,25198477,1780027055,0x870a8213faf15d366677de6fa8aed31cd2154a87,0x0000000000000000000000000000000000000000,0.000024238472533056,Gas,address,address
0xf1a189cb639967ca6eab3d753aec12ba9944f622c8a048b5f4960d9570df336e,25198477,1780027055,0x8343d9c79116936275c41d262dc109969297eee7,0x0000000000000000000000000000000000000000,0.000026394776839368,Gas,address,address
0x98206fe7cd0bac15320ba556721f8ca3d7340c7b0583f7cd376064456768aa63,25198480,1780027091,0xf409fc839dfb91345f742f0046bc0667a7c5e200,0x3328f7f4a1d1c57c35df56bbf0c9dcafca309c49,0.029999999999999999,Direct,address,address
0x98206fe7cd0bac15320ba556721f8ca3d7340c7b0583f7cd376064456768aa63,25198480,1780027091,0xf409fc839dfb91345f742f0046bc0667a7c5e200,0x0000000000000000000000000000000000000000,0.000029207429827086,Gas,address,address
0xcbfe657b629c5e038df449f24b2bd64f4beb341a6e83c628907876b42fbdf37f,25198480,1780027091,0x7d41f4fa2df4888ccce8eee9d26f55b7e33567d3,0x7a250d5630b4cf539739df2c5dacb4c659f2488d,0.089999999999999997,Direct,address,address
0xcbfe657b629c5e038df449f24b2bd64f4beb341a6e83c628907876b42fbdf37f,25198480,1780027091,0x7d41f4fa2df4888ccce8eee9d26f55b7e33567d3,0x0000000000000000000000000000000000000000,0.000025888555022253,Gas,address,address
0x9d605fcc6a02bf10bfb7bd597d3c5a558bcb8166a790c3be2f858a53c60080d3,25198483,1780027127,0xf7b096deccabc81290c7666e15f838bf90d4fd00,0x0000000000000000000000000000000000000000,0.000026385062202448,Gas,address,address
0x705b69329e402ce9e803017e05c1e26bc3d258f127c5598e16dbe9ff3edc5ab1,25198487,1780027175,0x10929a535625d921fbff72480142dea0184be50e,0x0000000000000000000000000000000000000000,0.000029161929443262,Gas,address,address
0xb1ec5c7b33a6f2333c4d944a1b3372205d908150905048c8df149936cc5e4724,25198487,1780027175,0x10929a535625d921fbff72480142dea0184be50e,0x0000000000000000000000000000000000000000,0.000008375443943922,Gas,address,address
0xd037dade61b39d5d08d053b2df6c94a9931ffcbba24c3ec4721c779084d9dd7d,25198487,1780027175,0xfde8ca90a0e648ba896b8a4d0f579c36c373fdd3,0x0000000000000000000000000000000000000000,0.000008375443943922,Gas,address,address
0xfea452a238b27466f2b5953d0312700fda4c7265893a3991244b2e98868133d0,25198487,1780027175,0xfde8ca90a0e648ba896b8a4d0f579c36c373fdd3,0x0000000000000000000000000000000000000000,0.000026779564385904,Gas,address,address
0xbc9c1faf618f5959497518803ebf8f7edcc52fb9ec501a202ac412bcf5570fe6,25198489,1780027199,0xdb7f5bb0d3815862a77330d3056690fd01b6341f,0x3328f7f4a1d1c57c35df56bbf0c9dcafca309c49,0.089999999999999997,Direct,address,address
0xbc9c1faf618f5959497518803ebf8f7edcc52fb9ec501a202ac412bcf5570fe6,25198489,1780027199,0xdb7f5bb0d3815862a77330d3056690fd01b6341f,0x0000000000000000000000000000000000000000,0.000030411673289074,Gas,address,address
0xcb247de4995ca67cf66426c01321ad0a4291803efb804ad9d8a83579bcf37cf8,25198492,1780027235,0xff5202ecf522699226d19ecc0881532722106ccd,0x3328f7f4a1d1c57c35df56bbf0c9dcafca309c49,0.070000000000000007,Direct,address,address
0xcb247de4995ca67cf66426c01321ad0a4291803efb804ad9d8a83579bcf37cf8,25198492,1780027235,0xff5202ecf522699226d19ecc0881532722106ccd,0x0000000000000000000000000000000000000000,0.000030339416565424,Gas,address,address
0x0dd5c589f4109008794996c64f0bd0794af0ae572ed9064d4ff9eedb2402af4e,25198493,1780027247,0x3bf21733e11dcd57e97d60012af268c27de54839,0x0000000000000000000000000000000000000000,0.000026588089019600,Gas,address,address
0x15235fe6d7e7175319513b9d488bc4bc2a07fa03da4d3997493c63b6985e27d9,25198493,1780027247,0xc1e67fd3c3ebff35e87a76fc9e7c4598ed2fdf79,0x0000000000000000000000000000000000000000,0.000026588089019600,Gas,address,address
0x5a579a23596275ac7f940a41d40bc49c478b5c6e7c7d4a7707a841222ce0dd66,25198493,1780027247,0xe635e0d567fe83ac4cba2902a6448f9f9889b2fd,0x0000000000000000000000000000000000000000,0.000008315559056550,Gas,address,address
0x7e81857d8f1b5b2b8746b83f65173943f7a3a14fc55e37d7ffb7e434efdbb752,25198493,1780027247,0x3bf21733e11dcd57e97d60012af268c27de54839,0x0000000000000000000000000000000000000000,0.000008315559056550,Gas,address,address
0x8bca7b670095ba835696735267c55ccdd4831bd9bff37c3de64d89890653a812,25198493,1780027247,0xc1e67fd3c3ebff35e87a76fc9e7c4598ed2fdf79,0x0000000000000000000000000000000000000000,0.000008315559056550,Gas,address,address
0xcff145c908296657a956171453d53e83c3583a5864fbaac00fd29411b0ec5a3e,25198493,1780027247,0xe635e0d567fe83ac4cba2902a6448f9f9889b2fd,0x0000000000000000000000000000000000000000,0.000028953420035050,Gas,address,address
0x2a81d37de39ed8f568b44a242a6970a45d255254850198cb29015c33366f8cd4,25198498,1780027307,0xdb7f5bb0d3815862a77330d3056690fd01b6341f,0x0000000000000000000000000000000000000000,0.000009321743682894,Gas,address,address
0x36e26a1349c2a9317bbf328c455aef09e6f802ddab68ebb49e49d273441fbb54,25198498,1780027307,0x6e659b2f0caccb0c5d642c87b300d7efc367454b,0x3328f7f4a1d1c57c35df56bbf0c9dcafca309c49,0.049500000000000002,Direct,address,address
0x36e26a1349c2a9317bbf328c455aef09e6f802ddab68ebb49e49d273441fbb54,25198498,1780027307,0x6e659b2f0caccb0c5d642c87b300d7efc367454b,0x0000000000000000000000000000000000000000,0.000032916117803640,Gas,address,address
0x8d798320a9f3e5985ae668595a15041731d72c68f97045f621ac928a70f5da37,25198498,1780027307,0x7c5a0f138ba96b7132f6befe9f79cf4796f06a92,0x7a250d5630b4cf539739df2c5dacb4c659f2488d,0.039800000000000002,Direct,address,address
0x8d798320a9f3e5985ae668595a15041731d72c68f97045f621ac928a70f5da37,25198498,1780027307,0x7c5a0f138ba96b7132f6befe9f79cf4796f06a92,0x0000000000000000000000000000000000000000,0.000031267346853603,Gas,address,address
0xaa3d160b60da8da68d59ea311c2286bc7c1d3ad1d8c9b1fb7f3121ca03e4688b,25198498,1780027307,0xdb7f5bb0d3815862a77330d3056690fd01b6341f,0x0000000000000000000000000000000000000000,0.000029805254123408,Gas,address,address
0xdb4c7f74231d99ff9c7ac70b70b1533c00b547fc1ae3b7d33031b835e2b6cb24,25198498,1780027307,0xbc8a46c29a79250bee25f77b8475804a1650a8e3,0x0000000000000000000000000000000000000000,0.000009321743682894,Gas,address,address
0xfc2d789c0a51cf0f53c2a205bc474a20b8dae6588a735c34a712b72bee3d10d1,25198498,1780027307,0xbc8a46c29a79250bee25f77b8475804a1650a8e3,0x0000000000000000000000000000000000000000,0.000030400166616610,Gas,address,address
0x700bdd5b090341b00420a97dc1a7edc539ab856ddcd23b2026b410d81a0f4e4e,25198500,1780027331,0x71fbaccdcd43cdab9161fe92a8359f90cf0e2905,0x7a250d5630b4cf539739df2c5dacb4c659f2488d,0.050000000000000003,Direct,address,address
0x700bdd5b090341b00420a97dc1a7edc539ab856ddcd23b2026b410d81a0f4e4e,25198500,1780027331,0x71fbaccdcd43cdab9161fe92a8359f90cf0e2905,0x0000000000000000000000000000000000000000,0.000029598151883573,Gas,address,address
0xc8cd706be397292262ef06132c3712e1a0b45927eb208d22aac4b23f701a2683,25198500,1780027331,0xe3f81b0c4e0302e9e87563ee1ba165913c07fbb3,0x7a250d5630b4cf539739df2c5dacb4c659f2488d,0.050000000000000003,Direct,address,address
0xc8cd706be397292262ef06132c3712e1a0b45927eb208d22aac4b23f701a2683,25198500,1780027331,0xe3f81b0c4e0302e9e87563ee1ba165913c07fbb3,0x0000000000000000000000000000000000000000,0.000027649129889381,Gas,address,address
0xd5a8b876de9ab28112a290a8a265792cc6c0461a58092f89ec122d8ff04c8d30,25198500,1780027331,0x257cda2f9dabd296a9a7fc9065103c7972f4b943,0x3328f7f4a1d1c57c35df56bbf0c9dcafca309c49,0.049500000000000002,Direct,address,address
0xd5a8b876de9ab28112a290a8a265792cc6c0461a58092f89ec122d8ff04c8d30,25198500,1780027331,0x257cda2f9dabd296a9a7fc9065103c7972f4b943,0x0000000000000000000000000000000000000000,0.000031158903847240,Gas,address,address
0x0eafae89617e6d76b4e3c87f0b621ff9b2f24f48f08da8558c377cc5c41d1518,25198502,1780027355,0x7d41f4fa2df4888ccce8eee9d26f55b7e33567d3,0x0000000000000000000000000000000000000000,0.000008686271017557,Gas,address,address
0x6a4da5caca0d93033b229d41ac7657db30461ecc87a15e271a83e8b04ca1e269,25198502,1780027355,0x7fce3e6b828ee24ac69d0027e8eca33c77a22009,0x0000000000000000000000000000000000000000,0.000008686271017557,Gas,address,address
0xb76a41b1540e498f53f14f0c19d1a40ef09ad6c76772f24022ae3816df134f94,25198502,1780027355,0x7d41f4fa2df4888ccce8eee9d26f55b7e33567d3,0x0000000000000000000000000000000000000000,0.000026890256121624,Gas,address,address
0xe428e856d898fc376df05367dfa2fcbe9f162861c3793dda148fb95a1fe0b990,25198502,1780027355,0x7fce3e6b828ee24ac69d0027e8eca33c77a22009,0x0000000000000000000000000000000000000000,0.000029361034827747,Gas,address,address
0x05fb151b04d6389b7daaa7567640247d0c81e4cc962152e347ee1d6b83014549,25198504,1780027379,0x7d41f4fa2df4888ccce8eee9d26f55b7e33567d3,0x50995f97f63f8ec9a131272269f1388d88a03990,0.006234803706613569,Direct,address,address
0x05fb151b04d6389b7daaa7567640247d0c81e4cc962152e347ee1d6b83014549,25198504,1780027379,0x7d41f4fa2df4888ccce8eee9d26f55b7e33567d3,0x0000000000000000000000000000000000000000,0.000003731211225000,Gas,address,address
0x5a179775b5973c8d186291c103af1bef2d93581c1a420539bb29d316717c9bfe,25198504,1780027379,0x9de74997e2a418d9b9614a7960cf48b2f8dd22b2,0x7a250d5630b4cf539739df2c5dacb4c659f2488d,0.040000000000000001,Direct,address,address
0x5a179775b5973c8d186291c103af1bef2d93581c1a420539bb29d316717c9bfe,25198504,1780027379,0x9de74997e2a418d9b9614a7960cf48b2f8dd22b2,0x0000000000000000000000000000000000000000,0.000028630461480705,Gas,address,address
0xebbbeb87b2657f0805c6897c8cf56bbaa76941dca7f5a8cbc2a591941b028430,25198504,1780027379,0x2f1a91f603a082c6f64e0ad8925cf918c5c491f0,0x7a250d5630b4cf539739df2c5dacb4c659f2488d,0.040000000000000001,Direct,address,address
0xebbbeb87b2657f0805c6897c8cf56bbaa76941dca7f5a8cbc2a591941b028430,25198504,1780027379,0x2f1a91f603a082c6f64e0ad8925cf918c5c491f0,0x0000000000000000000000000000000000000000,0.000026745161366385,Gas,address,address
0xf5181710d6f80bf2d1f06f28b6e3b5edd79a506bddeb563cae45d2f3d15c08d8,25198504,1780027379,0x7fce3e6b828ee24ac69d0027e8eca33c77a22009,0x50995f97f63f8ec9a131272269f1388d88a03990,0.018129339053284555,Direct,address,address
0xf5181710d6f80bf2d1f06f28b6e3b5edd79a506bddeb563cae45d2f3d15c08d8,25198504,1780027379,0x7fce3e6b828ee24ac69d0027e8eca33c77a22009,0x0000000000000000000000000000000000000000,0.000003731211225000,Gas,address,address
0xca9b6ca19505ced155ef02f7cfd3ec4b65fec673d8d106d5fa8c25172bd5d795,25198505,1780027391,0x46ddf32eb8bfb94d94c10f06afaef1d59176f6c9,0x3328f7f4a1d1c57c35df56bbf0c9dcafca309c49,0.089999999999999997,Direct,address,address
0xca9b6ca19505ced155ef02f7cfd3ec4b65fec673d8d106d5fa8c25172bd5d795,25198505,1780027391,0x46ddf32eb8bfb94d94c10f06afaef1d59176f6c9,0x0000000000000000000000000000000000000000,0.000029937840319656,Gas,address,address
0x29f9214226c59b66b717a8717e92d99534ccd885f1e47f10aa1dad6538c6c50d,25198506,1780027403,0x263161a729d0961a3165ef61afa7f31cd8018cee,0x7a250d5630b4cf539739df2c5dacb4c659f2488d,0.040000000000000001,Direct,address,address
0x29f9214226c59b66b717a8717e92d99534ccd885f1e47f10aa1dad6538c6c50d,25198506,1780027403,0x263161a729d0961a3165ef61afa7f31cd8018cee,0x0000000000000000000000000000000000000000,0.000026760941981557,Gas,address,address
0xf671f1d5ea699a7bbffee9f9d7761a6185752cc6b78b4f6f89d868d0eb4873d7,25198506,1780027403,0x0adb41bc7be29dc28790ec8f6c22cd697eed8071,0x3328f7f4a1d1c57c35df56bbf0c9dcafca309c49,0.029999999999999999,Direct,address,address
0xf671f1d5ea699a7bbffee9f9d7761a6185752cc6b78b4f6f89d868d0eb4873d7,25198506,1780027403,0x0adb41bc7be29dc28790ec8f6c22cd697eed8071,0x0000000000000000000000000000000000000000,0.000028172083897160,Gas,address,address
0x7e6e81df434731dd0815a31a4c05608996789f545342749a30b2ab0faa6e8d45,25198508,1780027427,0xdb7f5bb0d3815862a77330d3056690fd01b6341f,0x0000000000000000000000000000000000000000,0.000028343333331112,Gas,address,address
0x9319bd492ce3f87454577bfe621a6033facae282f9790c9c7f3ec62e0dc252f7,25198509,1780027439,0xdb7f5bb0d3815862a77330d3056690fd01b6341f,0x50995f97f63f8ec9a131272269f1388d88a03990,0.030798562815735515,Direct,address,address
0x9319bd492ce3f87454577bfe621a6033facae282f9790c9c7f3ec62e0dc252f7,25198509,1780027439,0xdb7f5bb0d3815862a77330d3056690fd01b6341f,0x0000000000000000000000000000000000000000,0.000003555179838000,Gas,address,address
0x98d53217bdefd790293f1e766adcb08705366b66c68248374af7cca2535b2c25,25198515,1780027511,0xd5902c4f0b456f47fadf5e83d1a3eb96d6f9408c,0x3328f7f4a1d1c57c35df56bbf0c9dcafca309c49,0.080000000000000002,Direct,address,address
0x98d53217bdefd790293f1e766adcb08705366b66c68248374af7cca2535b2c25,25198515,1780027511,0xd5902c4f0b456f47fadf5e83d1a3eb96d6f9408c,0x0000000000000000000000000000000000000000,0.000028461166917260,Gas,address,address
0x191e0ddd46c7b7f48f1f058afd0c2e42cf09a839ef5d76961b507b745301e522,25198517,1780027535,0x43076ad18faba5166f0b94a1d8e24b60f6c82255,0x3328f7f4a1d1c57c35df56bbf0c9dcafca309c49,0.148499999999999993,Direct,address,address
0x191e0ddd46c7b7f48f1f058afd0c2e42cf09a839ef5d76961b507b745301e522,25198517,1780027535,0x43076ad18faba5166f0b94a1d8e24b60f6c82255,0x0000000000000000000000000000000000000000,0.000029795360994850,Gas,address,address
0x063de3e8bd02eaf4666d380ccacea2786340f572ea4514b182f8c901a66b146d,25198523,1780027607,0x43076ad18faba5166f0b94a1d8e24b60f6c82255,0x3328f7f4a1d1c57c35df56bbf0c9dcafca309c49,0.040000000000000001,Direct,address,address
0x063de3e8bd02eaf4666d380ccacea2786340f572ea4514b182f8c901a66b146d,25198523,1780027607,0x43076ad18faba5166f0b94a1d8e24b60f6c82255,0x0000000000000000000000000000000000000000,0.000029153359875878,Gas,address,address
0x15377976a7c501eb06b63ba3565fee3320c9514554474b002de292d3ae1b1405,25198523,1780027607,0xd377fdd91381cfcc1c37388e52ef0a7c37f33c21,0x3328f7f4a1d1c57c35df56bbf0c9dcafca309c49,0.099000000000000005,Direct,address,address
0x15377976a7c501eb06b63ba3565fee3320c9514554474b002de292d3ae1b1405,25198523,1780027607,0xd377fdd91381cfcc1c37388e52ef0a7c37f33c21,0x0000000000000000000000000000000000000000,0.000030371074048994,Gas,address,address
0xf31b539463e9827e2f7d54efddc20a607449a691f53014b3ccf68d8976b5021c,25198523,1780027607,0x7a0fec301682758cce8aa6a9d1ce9196bde16052,0x3328f7f4a1d1c57c35df56bbf0c9dcafca309c49,0.059999999999999998,Direct,address,address
0xf31b539463e9827e2f7d54efddc20a607449a691f53014b3ccf68d8976b5021c,25198523,1780027607,0x7a0fec301682758cce8aa6a9d1ce9196bde16052,0x0000000000000000000000000000000000000000,0.000030371074048994,Gas,address,address
0x61cb694784de30ff1c465e4d25fd0aef303f9b2d848723e2e32a9e93cd45cdcf,25198526,1780027643,0xa37eaed2aba7be8e83e2f419fb2094093886d90a,0x7a250d5630b4cf539739df2c5dacb4c659f2488d,0.080000000000000002,Direct,address,address
0x61cb694784de30ff1c465e4d25fd0aef303f9b2d848723e2e32a9e93cd45cdcf,25198526,1780027643,0xa37eaed2aba7be8e83e2f419fb2094093886d90a,0x0000000000000000000000000000000000000000,0.000030214746596251,Gas,address,address
0xc33f1b91edf36ae3726234db5cf7dcda79b30bd14364f4b32cf4c7d9eaaf6d51,25198526,1780027643,0xd377fdd91381cfcc1c37388e52ef0a7c37f33c21,0x7a250d5630b4cf539739df2c5dacb4c659f2488d,0.020000000000000000,Direct,address,address
0xc33f1b91edf36ae3726234db5cf7dcda79b30bd14364f4b32cf4c7d9eaaf6d51,25198526,1780027643,0xd377fdd91381cfcc1c37388e52ef0a7c37f33c21,0x0000000000000000000000000000000000000000,0.000024958745690047,Gas,address,address
0x00232b084b12121b1c2fad5be2fd6ac6e3185cf92ceb36477b95435d0d56e8e7,25198528,1780027667,0x7426be1607bdc81ef0834c9ac8fdb29ccc208fdc,0x3328f7f4a1d1c57c35df56bbf0c9dcafca309c49,0.048788684318192790,Direct,address,address
0x00232b084b12121b1c2fad5be2fd6ac6e3185cf92ceb36477b95435d0d56e8e7,25198528,1780027667,0x7426be1607bdc81ef0834c9ac8fdb29ccc208fdc,0x0000000000000000000000000000000000000000,0.000034223507508776,Gas,address,address
0x13f3d7259c8406fd2984060b52f8a43feb6aa3904df307f27d11d42b32ec0d2a,25198528,1780027667,0x3f4cf4bab3551e1bd54176d3f7fa12b46283948b,0x7a250d5630b4cf539739df2c5dacb4c659f2488d,0.044008850530332745,Direct,address,address
0x13f3d7259c8406fd2984060b52f8a43feb6aa3904df307f27d11d42b32ec0d2a,25198528,1780027667,0x3f4cf4bab3551e1bd54176d3f7fa12b46283948b,0x0000000000000000000000000000000000000000,0.000032472977542684,Gas,address,address
0x3552ab4492b5b1ebd967b6094a21a68bb98525a28d595308332a51771997144d,25198528,1780027667,0xefafec41e93c5b4f68981c4625dc5755ba3cf766,0x3328f7f4a1d1c57c35df56bbf0c9dcafca309c49,0.048601470872274725,Direct,address,address
0x3552ab4492b5b1ebd967b6094a21a68bb98525a28d595308332a51771997144d,25198528,1780027667,0xefafec41e93c5b4f68981c4625dc5755ba3cf766,0x0000000000000000000000000000000000000000,0.000034223507508776,Gas,address,address
0x29bb88821785eb902414e6bc6cb27991e7572d9b2d8f33ac0c436bf113d13c6f,25198533,1780027727,0x52915868ae644307e9b9a579ca9c324de22ab77d,0x3328f7f4a1d1c57c35df56bbf0c9dcafca309c49,0.100000000000000006,Direct,address,address
0x29bb88821785eb902414e6bc6cb27991e7572d9b2d8f33ac0c436bf113d13c6f,25198533,1780027727,0x52915868ae644307e9b9a579ca9c324de22ab77d,0x0000000000000000000000000000000000000000,0.000033310473549958,Gas,address,address
0xd425747664bcfd30c088bfd6deca2e18c91a08c4386bb54e73edfab6b5fb6681,25198533,1780027727,0x4ba861d765cbb027d0c66aca2a5581f90f9b6f80,0x3328f7f4a1d1c57c35df56bbf0c9dcafca309c49,0.070000000000000007,Direct,address,address
0xd425747664bcfd30c088bfd6deca2e18c91a08c4386bb54e73edfab6b5fb6681,25198533,1780027727,0x4ba861d765cbb027d0c66aca2a5581f90f9b6f80,0x0000000000000000000000000000000000000000,0.000031351587062134,Gas,address,address
0x980e2e4846245a9f37e41c5dcfafc40e301926163aa9716e7f661f6ce9cf1a55,25198537,1780027775,0x43076ad18faba5166f0b94a1d8e24b60f6c82255,0x0000000000000000000000000000000000000000,0.000007517111375397,Gas,address,address
0x9dfb1491272ecec4c25f4343d8e707b3d6ecba88164ddee64528c036f7492af9,25198537,1780027775,0x43076ad18faba5166f0b94a1d8e24b60f6c82255,0x0000000000000000000000000000000000000000,0.000023270866148504,Gas,address,address
0x031b1232aa8b181443e0f71c789509bf455f50134dbfd9275961a15020292187,25198539,1780027799,0x11aa5e4b97b7da4739edfb875399d27c55bdd46c,0x3328f7f4a1d1c57c35df56bbf0c9dcafca309c49,0.089999999999999997,Direct,address,address
0x031b1232aa8b181443e0f71c789509bf455f50134dbfd9275961a15020292187,25198539,1780027799,0x11aa5e4b97b7da4739edfb875399d27c55bdd46c,0x0000000000000000000000000000000000000000,0.000028091506031208,Gas,address,address
0xc31c8682d18e190297164ab0fa783038aea739c52283b42122d69536b41a602a,25198539,1780027799,0xba82d820ca5878d29ae32cae6ce0ddab1617cf49,0x7a250d5630b4cf539739df2c5dacb4c659f2488d,0.049500000000000002,Direct,address,address
0xc31c8682d18e190297164ab0fa783038aea739c52283b42122d69536b41a602a,25198539,1780027799,0xba82d820ca5878d29ae32cae6ce0ddab1617cf49,0x0000000000000000000000000000000000000000,0.000026654627502972,Gas,address,address
0x1eb86e19179f8b44152d2a65cddbfea38429de48da3bbf5dd880b732e998a827,25198541,1780027823,0xb7a2c15f099662cfd2688b3acd3ac984a331c841,0x7a250d5630b4cf539739df2c5dacb4c659f2488d,0.099500000000000005,Direct,address,address
0x1eb86e19179f8b44152d2a65cddbfea38429de48da3bbf5dd880b732e998a827,25198541,1780027823,0xb7a2c15f099662cfd2688b3acd3ac984a331c841,0x0000000000000000000000000000000000000000,0.000029329877768709,Gas,address,address
0x5e9f1b1e7bc9e9da47448ee1e5309c0cc1de50f382544493860bede8a14304d9,25198543,1780027847,0xd377fdd91381cfcc1c37388e52ef0a7c37f33c21,0x0000000000000000000000000000000000000000,0.000008592940394244,Gas,address,address
0xdcba509c034081c74ecdb23ef969a96ac4e56b17a368b1a3778c6e1f9c079e0b,25198543,1780027847,0x46ddf32eb8bfb94d94c10f06afaef1d59176f6c9,0x0000000000000000000000000000000000000000,0.000026601330717408,Gas,address,address
0xe2fe3178f4c966e1fdc16d659a0b2587a5d1d43364b816eb5caa5637a12640ee,25198543,1780027847,0xd377fdd91381cfcc1c37388e52ef0a7c37f33c21,0x0000000000000000000000000000000000000000,0.000029045561861724,Gas,address,address
0xec7437910ce3b37149cd756ce85521eaaaa74e022c3ef00c801c91515828caaa,25198543,1780027847,0x46ddf32eb8bfb94d94c10f06afaef1d59176f6c9,0x0000000000000000000000000000000000000000,0.000008592940394244,Gas,address,address
0xa515bcac7b3cc6e6436af588e5340778d8b668b2c0bb43820d5d801136768033,25198545,1780027871,0x1ca0d010717627675c50d3c6ff5bbec6d317ef3f,0x7a250d5630b4cf539739df2c5dacb4c659f2488d,0.040000000000000001,Direct,address,address
0xa515bcac7b3cc6e6436af588e5340778d8b668b2c0bb43820d5d801136768033,25198545,1780027871,0x1ca0d010717627675c50d3c6ff5bbec6d317ef3f,0x0000000000000000000000000000000000000000,0.000027370559841394,Gas,address,address
0xc0850da2abbcc0ec5382288e70c36fb96e85e06a7d6d9140e3c95efd0000d0d1,25198545,1780027871,0xeadc53afe6479b990ca0a75492b56cdd1697d602,0x3328f7f4a1d1c57c35df56bbf0c9dcafca309c49,0.039800000000000002,Direct,address,address
0xc0850da2abbcc0ec5382288e70c36fb96e85e06a7d6d9140e3c95efd0000d0d1,25198545,1780027871,0xeadc53afe6479b990ca0a75492b56cdd1697d602,0x0000000000000000000000000000000000000000,0.000032808810732236,Gas,address,address
0x42d61d6acb3908fdb4c38f46eafe899a11eb1621735f0033b2f72a1b7c945dc6,25198548,1780027907,0xd377fdd91381cfcc1c37388e52ef0a7c37f33c21,0x50995f97f63f8ec9a131272269f1388d88a03990,0.010103348762096986,Direct,address,address
0x42d61d6acb3908fdb4c38f46eafe899a11eb1621735f0033b2f72a1b7c945dc6,25198548,1780027907,0xd377fdd91381cfcc1c37388e52ef0a7c37f33c21,0x0000000000000000000000000000000000000000,0.000003682915908000,Gas,address,address
0x83f80f6e3191b58632aec609d61d57a46ffc1cdc50a4590ae728a6d6470e646d,25198548,1780027907,0x46ddf32eb8bfb94d94c10f06afaef1d59176f6c9,0x50995f97f63f8ec9a131272269f1388d88a03990,0.017131184972660696,Direct,address,address
0x83f80f6e3191b58632aec609d61d57a46ffc1cdc50a4590ae728a6d6470e646d,25198548,1780027907,0x46ddf32eb8bfb94d94c10f06afaef1d59176f6c9,0x0000000000000000000000000000000000000000,0.000003682915908000,Gas,address,address
0x93edf1ed2102966423043c04c3fd618ecf8d7ddd61c83d68861cb614227ecbf3,25198549,1780027919,0x20323dbb5ef6c976743e3bff6e6e0123a427a2cf,0x3328f7f4a1d1c57c35df56bbf0c9dcafca309c49,0.050000000000000003,Direct,address,address
0x93edf1ed2102966423043c04c3fd618ecf8d7ddd61c83d68861cb614227ecbf3,25198549,1780027919,0x20323dbb5ef6c976743e3bff6e6e0123a427a2cf,0x0000000000000000000000000000000000000000,0.000030825597624582,Gas,address,address
0xd18d9d87139dcacf3a3836ed6c1b26c66b5f16e55b5ece877381e2286c551db7,25198549,1780027919,0xb7a2c15f099662cfd2688b3acd3ac984a331c841,0x3328f7f4a1d1c57c35df56bbf0c9dcafca309c49,0.029999999999999999,Direct,address,address
0xd18d9d87139dcacf3a3836ed6c1b26c66b5f16e55b5ece877381e2286c551db7,25198549,1780027919,0xb7a2c15f099662cfd2688b3acd3ac984a331c841,0x0000000000000000000000000000000000000000,0.000029589659538834,Gas,address,address
0x47af3756d49adb7a3ca832c59e843f0ec334c4bda6a0d04c8f71355a33cfb4d0,25198552,1780027955,0xb7a2c15f099662cfd2688b3acd3ac984a331c841,0x7a250d5630b4cf539739df2c5dacb4c659f2488d,0.011162066275669628,Direct,address,address
0x47af3756d49adb7a3ca832c59e843f0ec334c4bda6a0d04c8f71355a33cfb4d0,25198552,1780027955,0xb7a2c15f099662cfd2688b3acd3ac984a331c841,0x0000000000000000000000000000000000000000,0.000024627333460586,Gas,address,address
0xa52c55ee9a3df8d3ab3c140281edfb44c2a08570d6f199f93c6f68f5d8a9844f,25198552,1780027955,0xe632ab5fac6661e9feb0a60a460bb1f836653e24,0x7a250d5630b4cf539739df2c5dacb4c659f2488d,0.186996346306177896,Direct,address,address
0xa52c55ee9a3df8d3ab3c140281edfb44c2a08570d6f199f93c6f68f5d8a9844f,25198552,1780027955,0xe632ab5fac6661e9feb0a60a460bb1f836653e24,0x0000000000000000000000000000000000000000,0.000025794120132242,Gas,address,address
0xcd796f5ed73413255a0927d111e41592feb2d58b3d173b75b805c8cedcb06ad4,25198552,1780027955,0x20323dbb5ef6c976743e3bff6e6e0123a427a2cf,0x3328f7f4a1d1c57c35df56bbf0c9dcafca309c49,0.039061276046847872,Direct,address,address
0xcd796f5ed73413255a0927d111e41592feb2d58b3d173b75b805c8cedcb06ad4,25198552,1780027955,0x20323dbb5ef6c976743e3bff6e6e0123a427a2cf,0x0000000000000000000000000000000000000000,0.000026115841831204,Gas,address,address
0x6a7c00c73932cda52defe8468750d319aa72c236e2ab53faf2178781d18961f1,25198554,1780027979,0x2b28ab667f3a0efbb744ba310761eb0cf3046062,0x0000000000000000000000000000000000000000,0.000008067875892828,Gas,address,address
0xfcf1be42ca668993e10bc53f93d28a5abcf3c33986a95424cb749d12822628ad,25198554,1780027979,0x2b28ab667f3a0efbb744ba310761eb0cf3046062,0x0000000000000000000000000000000000000000,0.000028091027665988,Gas,address,address
0xea3ca5bec5146d03e0eab781796154c4c2591e77be8d1756f85f9ccea82c6e83,25198555,1780027991,0x2b28ab667f3a0efbb744ba310761eb0cf3046062,0x50995f97f63f8ec9a131272269f1388d88a03990,0.008919262558150417,Direct,address,address
0xea3ca5bec5146d03e0eab781796154c4c2591e77be8d1756f85f9ccea82c6e83,25198555,1780027991,0x2b28ab667f3a0efbb744ba310761eb0cf3046062,0x0000000000000000000000000000000000000000,0.000003459209985000,Gas,address,address
0x081f5710ce76ce36b91ca60d1a2b1520e8d5762ddcd57c91e4bf3a1a67e6c93f,25198561,1780028063,0x7d41f4fa2df4888ccce8eee9d26f55b7e33567d3,0x3328f7f4a1d1c57c35df56bbf0c9dcafca309c49,0.079796755362519678,Direct,address,address
0x081f5710ce76ce36b91ca60d1a2b1520e8d5762ddcd57c91e4bf3a1a67e6c93f,25198561,1780028063,0x7d41f4fa2df4888ccce8eee9d26f55b7e33567d3,0x0000000000000000000000000000000000000000,0.000027542960938444,Gas,address,address
0x3f13b557b25345dcc9cc3e9f1bca962de4246226a240bdd9cfab51e9aa49895d,25198561,1780028063,0x7a0fec301682758cce8aa6a9d1ce9196bde16052,0x7a250d5630b4cf539739df2c5dacb4c659f2488d,0.029999999999999999,Direct,address,address
0x3f13b557b25345dcc9cc3e9f1bca962de4246226a240bdd9cfab51e9aa49895d,25198561,1780028063,0x7a0fec301682758cce8aa6a9d1ce9196bde16052,0x0000000000000000000000000000000000000000,0.000021601585429385,Gas,address,address
0x5288bfc94c034ec1a486ea51d12807ba9d0a6514aa8e06bb6674a3453db502a7,25198561,1780028063,0xa37eaed2aba7be8e83e2f419fb2094093886d90a,0x3328f7f4a1d1c57c35df56bbf0c9dcafca309c49,0.029999999999999999,Direct,address,address
0x5288bfc94c034ec1a486ea51d12807ba9d0a6514aa8e06bb6674a3453db502a7,25198561,1780028063,0xa37eaed2aba7be8e83e2f419fb2094093886d90a,0x0000000000000000000000000000000000000000,0.000026455300303690,Gas,address,address
0x7ebee0e3604e567ad4cf24fee984f932f36e1503c225a600d6059e0d94c6b692,25198561,1780028063,0xf409fc839dfb91345f742f0046bc0667a7c5e200,0x7a250d5630b4cf539739df2c5dacb4c659f2488d,0.021771267808603983,Direct,address,address
0x7ebee0e3604e567ad4cf24fee984f932f36e1503c225a600d6059e0d94c6b692,25198561,1780028063,0xf409fc839dfb91345f742f0046bc0667a7c5e200,0x0000000000000000000000000000000000000000,0.000021584015416586,Gas,address,address
0xce57fb8706451256f41c60e067356dcca070a72b5763b57c86a6f394e76b3baf,25198561,1780028063,0xd377fdd91381cfcc1c37388e52ef0a7c37f33c21,0x3328f7f4a1d1c57c35df56bbf0c9dcafca309c49,0.070000000000000007,Direct,address,address
0xce57fb8706451256f41c60e067356dcca070a72b5763b57c86a6f394e76b3baf,25198561,1780028063,0xd377fdd91381cfcc1c37388e52ef0a7c37f33c21,0x0000000000000000000000000000000000000000,0.000027560318533870,Gas,address,address
0x666578ffd607c3c974e1dbe0018d77677d41dc37b06f2625c4a0d406981f88df,25198563,1780028087,0x46ddf32eb8bfb94d94c10f06afaef1d59176f6c9,0x3328f7f4a1d1c57c35df56bbf0c9dcafca309c49,0.072055637915005147,Direct,address,address
0x666578ffd607c3c974e1dbe0018d77677d41dc37b06f2625c4a0d406981f88df,25198563,1780028087,0x46ddf32eb8bfb94d94c10f06afaef1d59176f6c9,0x0000000000000000000000000000000000000000,0.000026290162347736,Gas,address,address
0xc3224771a4ca1d4970265a4ec6181c9bd76259a6d1f5499c66aed5f4cc222c47,25198563,1780028087,0xe3f81b0c4e0302e9e87563ee1ba165913c07fbb3,0x3328f7f4a1d1c57c35df56bbf0c9dcafca309c49,0.017725756250838665,Direct,address,address
0xc3224771a4ca1d4970265a4ec6181c9bd76259a6d1f5499c66aed5f4cc222c47,25198563,1780028087,0xe3f81b0c4e0302e9e87563ee1ba165913c07fbb3,0x0000000000000000000000000000000000000000,0.000025236070442632,Gas,address,address
0x65027bb516db1b3e6fc0c136a0487d65c8610f38422aab68144633c052f003cf,25198565,1780028111,0x7a1de418ef3682c1cd451fcfc3a170450c5561f9,0x3328f7f4a1d1c57c35df56bbf0c9dcafca309c49,0.049500000000000002,Direct,address,address
0x65027bb516db1b3e6fc0c136a0487d65c8610f38422aab68144633c052f003cf,25198565,1780028111,0x7a1de418ef3682c1cd451fcfc3a170450c5561f9,0x0000000000000000000000000000000000000000,0.000028055693581464,Gas,address,address
0x70f0912f72f8fe014584d7565e04add41f571220433e9e818ad818e13b0e38f9,25198565,1780028111,0xa37eaed2aba7be8e83e2f419fb2094093886d90a,0x0000000000000000000000000000000000000000,0.000025409442607535,Gas,address,address
0xb2ab9f8ee3f193efac17e266d91d62b762de9eb87c359284c0439d1d4ade580c,25198565,1780028111,0x7f3d829e5076c3662c1e71170729f0d7bbafed3e,0x7a250d5630b4cf539739df2c5dacb4c659f2488d,0.070000000000000007,Direct,address,address
0xb2ab9f8ee3f193efac17e266d91d62b762de9eb87c359284c0439d1d4ade580c,25198565,1780028111,0x7f3d829e5076c3662c1e71170729f0d7bbafed3e,0x0000000000000000000000000000000000000000,0.000024867691928772,Gas,address,address
0xdc14e9f7487964566c18add90afc416551e0366bfdaa9382674ccc7db8a39933,25198565,1780028111,0xa37eaed2aba7be8e83e2f419fb2094093886d90a,0x0000000000000000000000000000000000000000,0.000007935733767369,Gas,address,address
0xe521c95a5ab5f4d84c4f259090a9c82557b5f532d7dbe1fc23176b550267253c,25198565,1780028111,0x29dfe95936285daba90ceeb38d679c9fca5dfd04,0x7a250d5630b4cf539739df2c5dacb4c659f2488d,0.049500000000000002,Direct,address,address
0xe521c95a5ab5f4d84c4f259090a9c82557b5f532d7dbe1fc23176b550267253c,25198565,1780028111,0x29dfe95936285daba90ceeb38d679c9fca5dfd04,0x0000000000000000000000000000000000000000,0.000026620646857476,Gas,address,address
0x6338213d630c6926028c0e7ae56de547ece7430cb38b6c8f5f2cb80cc61ca97b,25198569,1780028159,0xa1e1d9c48c2e160a3cec8c87fcc43fca5e050fef,0x7a250d5630b4cf539739df2c5dacb4c659f2488d,0.080000000000000002,Direct,address,address
0x6338213d630c6926028c0e7ae56de547ece7430cb38b6c8f5f2cb80cc61ca97b,25198569,1780028159,0xa1e1d9c48c2e160a3cec8c87fcc43fca5e050fef,0x0000000000000000000000000000000000000000,0.000026645773165088,Gas,address,address
0xb98043f382a8a3ca116183b13ef3f8dd89487432531f9b78c5a9515dc4a99b1a,25198569,1780028159,0xd377fdd91381cfcc1c37388e52ef0a7c37f33c21,0x3328f7f4a1d1c57c35df56bbf0c9dcafca309c49,0.029999999999999999,Direct,address,address
0xb98043f382a8a3ca116183b13ef3f8dd89487432531f9b78c5a9515dc4a99b1a,25198569,1780028159,0xd377fdd91381cfcc1c37388e52ef0a7c37f33c21,0x0000000000000000000000000000000000000000,0.000028856411371072,Gas,address,address
0xd8544a7829d9509eafa62804a314e0345d6dbebb378675faf735dc8b38e8f0f4,25198569,1780028159,0x93468d3862295dafbacbebc5b278afc38425c3c9,0x7a250d5630b4cf539739df2c5dacb4c659f2488d,0.070000000000000007,Direct,address,address
0xd8544a7829d9509eafa62804a314e0345d6dbebb378675faf735dc8b38e8f0f4,25198569,1780028159,0x93468d3862295dafbacbebc5b278afc38425c3c9,0x0000000000000000000000000000000000000000,0.000026645773165088,Gas,address,address
0xfa4396969288b56122d547d6cb9610aa5fe9cea6315fa5d3b602a19c6d293207,25198569,1780028159,0xcbb3baa593bea0f5c3509bf612422d6f1abb926c,0x3328f7f4a1d1c57c35df56bbf0c9dcafca309c49,0.099500000000000005,Direct,address,address
0xfa4396969288b56122d547d6cb9610aa5fe9cea6315fa5d3b602a19c6d293207,25198569,1780028159,0xcbb3baa593bea0f5c3509bf612422d6f1abb926c,0x0000000000000000000000000000000000000000,0.000030061722225856,Gas,address,address
0x081aae6cdf714f27b507092477500561143611d256780ad291e7786510acdc93,25198570,1780028171,0xb7a2c15f099662cfd2688b3acd3ac984a331c841,0x0000000000000000000000000000000000000000,0.000027026046510056,Gas,address,address
0x64c6e7e0868b0b838c6538fcc1a754f0abcb706016de52e68cbb4275bcfe38dc,25198570,1780028171,0xe632ab5fac6661e9feb0a60a460bb1f836653e24,0x0000000000000000000000000000000000000000,0.000008452532472483,Gas,address,address
0x82ff5b997ad03796c0a1b6d491278f4d9ab54f0f833b48bd6d04bfa0c7944f00,25198570,1780028171,0xb7a2c15f099662cfd2688b3acd3ac984a331c841,0x0000000000000000000000000000000000000000,0.000008452532472483,Gas,address,address
0xc865f1ece1c7318ce7ea26ebe68fcfec1891d8556e244cf3db6f8c70087a9548,25198570,1780028171,0xe632ab5fac6661e9feb0a60a460bb1f836653e24,0x0000000000000000000000000000000000000000,0.000028929034535093,Gas,address,address
0x8e9afb161b29b7fc23844fdf8444d77cf2b6530696158ccd9822584a2511a79f,25198572,1780028195,0xf7b096deccabc81290c7666e15f838bf90d4fd00,0x0000000000000000000000000000000000000000,0.000029118129303907,Gas,address,address
0x2c2f6615d63a36ebc1babcd7f4fffdbb601dbb18020787f5ee5d99f30d3d3e50,25198573,1780028207,0x7fce3e6b828ee24ac69d0027e8eca33c77a22009,0x3328f7f4a1d1c57c35df56bbf0c9dcafca309c49,0.100000000000000006,Direct,address,address
0x2c2f6615d63a36ebc1babcd7f4fffdbb601dbb18020787f5ee5d99f30d3d3e50,25198573,1780028207,0x7fce3e6b828ee24ac69d0027e8eca33c77a22009,0x0000000000000000000000000000000000000000,0.000029665930007598,Gas,address,address
0xee59efc80f84c7692b521312e4025ba6c9ae14bd4e8d1ca515c8caf210371b75,25198573,1780028207,0xdb7f5bb0d3815862a77330d3056690fd01b6341f,0x7a250d5630b4cf539739df2c5dacb4c659f2488d,0.080000000000000002,Direct,address,address
0xee59efc80f84c7692b521312e4025ba6c9ae14bd4e8d1ca515c8caf210371b75,25198573,1780028207,0xdb7f5bb0d3815862a77330d3056690fd01b6341f,0x0000000000000000000000000000000000000000,0.000026294955284829,Gas,address,address
0x65024f2e7de2e6945befdf007a4db33789a2520977fa7b247753307a1e1d34cd,25198576,1780028243,0xa37eaed2aba7be8e83e2f419fb2094093886d90a,0x50995f97f63f8ec9a131272269f1388d88a03990,0.010806571603066153,Direct,address,address
0x65024f2e7de2e6945befdf007a4db33789a2520977fa7b247753307a1e1d34cd,25198576,1780028243,0xa37eaed2aba7be8e83e2f419fb2094093886d90a,0x0000000000000000000000000000000000000000,0.000003413173659000,Gas,address,address
0x1e95fd218c352dc0994fdd766d68f6d25a4da30678096ae00fca7c236712354d,25198581,1780028303,0x93468d3862295dafbacbebc5b278afc38425c3c9,0x3328f7f4a1d1c57c35df56bbf0c9dcafca309c49,0.049500000000000002,Direct,address,address
0x1e95fd218c352dc0994fdd766d68f6d25a4da30678096ae00fca7c236712354d,25198581,1780028303,0x93468d3862295dafbacbebc5b278afc38425c3c9,0x0000000000000000000000000000000000000000,0.000024737744965356,Gas,address,address
0x300b14805d4b331462487ddf4e9d40af0f34c7b196c93ba71471f1c309e80299,25198581,1780028303,0x7a1de418ef3682c1cd451fcfc3a170450c5561f9,0x3328f7f4a1d1c57c35df56bbf0c9dcafca309c49,0.020000000000000000,Direct,address,address
0x300b14805d4b331462487ddf4e9d40af0f34c7b196c93ba71471f1c309e80299,25198581,1780028303,0x7a1de418ef3682c1cd451fcfc3a170450c5561f9,0x0000000000000000000000000000000000000000,0.000026460057917772,Gas,address,address
0x3a0906ce746b6d60bb9a759398e123b4e21d3626c761ab45e8bc5486fbc7a397,25198581,1780028303,0xa8b78f6ebf220c1d7498236260316831624ac232,0x0000000000000000000000000000000000000000,0.000007806462826086,Gas,address,address
0x7e224f621b6afd9b2e743d9a8d7dc3c309eef0cabcc86c85ac2056c5f8f1d584,25198581,1780028303,0x5355c7c2bb2e49945537beaabbaff57ad2e9b224,0x0000000000000000000000000000000000000000,0.000024960309599952,Gas,address,address
0x8c1fd1684541884159afbff7190f63c83a2dbc3069cf9b0214594e1b699c7d28,25198581,1780028303,0xa8b78f6ebf220c1d7498236260316831624ac232,0x0000000000000000000000000000000000000000,0.000025458517062090,Gas,address,address
0x92d94e112911ee1306cbbbdc797d0d0102741edb79bfc04019714500cc445c6c,25198581,1780028303,0x5355c7c2bb2e49945537beaabbaff57ad2e9b224,0x0000000000000000000000000000000000000000,0.000007806462826086,Gas,address,address
0x59b39c3551251dd4d1a02b0b2a074e30f4b068315cda6b9766815499bbcfdac1,25198585,1780028351,0xe12af9854d77ee2463e84966bb4b18b5dd31c20a,0x7a250d5630b4cf539739df2c5dacb4c659f2488d,0.023997965155937832,Direct,address,address
0x59b39c3551251dd4d1a02b0b2a074e30f4b068315cda6b9766815499bbcfdac1,25198585,1780028351,0xe12af9854d77ee2463e84966bb4b18b5dd31c20a,0x0000000000000000000000000000000000000000,0.000024520348458200,Gas,address,address
0x8b7bb4bbc164a2457e670835c838fa9ccbed25ceacd2fd9ffaab0816c4569866,25198585,1780028351,0x063676cb3ae3c76fb7282f6db01d010abf7e95a0,0x7a250d5630b4cf539739df2c5dacb4c659f2488d,0.021297224345313281,Direct,address,address
0x8b7bb4bbc164a2457e670835c838fa9ccbed25ceacd2fd9ffaab0816c4569866,25198585,1780028351,0x063676cb3ae3c76fb7282f6db01d010abf7e95a0,0x0000000000000000000000000000000000000000,0.000022709987245400,Gas,address,address
0x2a0873e95e5fba455a6939034fceaaaa1ac7c5132ea0f76b4eb42475536217b9,25198589,1780028399,0x8343d9c79116936275c41d262dc109969297eee7,0x0000000000000000000000000000000000000000,0.000025260830275824,Gas,address,address
0x58f21ed7aca5139dd9d90eeeddd29ec9217eecbd9d9dfa27312dbb175c0e4d20,25198589,1780028399,0xa18d64318ddf90d2c08c96acb0210467fc787478,0x0000000000000000000000000000000000000000,0.000025260830275824,Gas,address,address
0x857bcaea770671a9e9a24d6c471d2c27fef19337fc4c78e06680131074d22b66,25198589,1780028399,0x596a5e9b117a3d7b21e0f77ff4431c4d1770f494,0x3328f7f4a1d1c57c35df56bbf0c9dcafca309c49,0.089999999999999997,Direct,address,address
0x857bcaea770671a9e9a24d6c471d2c27fef19337fc4c78e06680131074d22b66,25198589,1780028399,0x596a5e9b117a3d7b21e0f77ff4431c4d1770f494,0x0000000000000000000000000000000000000000,0.000029640208676364,Gas,address,address
0xb7e092767aaa4fb8fdfd8acd114e2ae7e8c7a2d8fe9809d756bfc4d714fa349d,25198589,1780028399,0xe862f449e26a18f75d80d94ff1cf9d4aa1ca8b3e,0x3328f7f4a1d1c57c35df56bbf0c9dcafca309c49,0.070000000000000007,Direct,address,address
0xb7e092767aaa4fb8fdfd8acd114e2ae7e8c7a2d8fe9809d756bfc4d714fa349d,25198589,1780028399,0xe862f449e26a18f75d80d94ff1cf9d4aa1ca8b3e,0x0000000000000000000000000000000000000000,0.000027897159176172,Gas,address,address
0xdad452d0be58f088000edef57dc804d1c35b144b7a3ce80f97b4c107f2c5023c,25198589,1780028399,0x870a8213faf15d366677de6fa8aed31cd2154a87,0x0000000000000000000000000000000000000000,0.000025765036126830,Gas,address,address
0xdfa9a01178ded04120d3b361caad0234485af36acfe06ef972cdd184727cd16e,25198591,1780028423,0x3e517d5e32fd6808a169e8b47479609d2a713084,0x7a250d5630b4cf539739df2c5dacb4c659f2488d,0.089999999999999997,Direct,address,address
0xdfa9a01178ded04120d3b361caad0234485af36acfe06ef972cdd184727cd16e,25198591,1780028423,0x3e517d5e32fd6808a169e8b47479609d2a713084,0x0000000000000000000000000000000000000000,0.000028473858418082,Gas,address,address
0x60d762a632dc163bc7b45da4dd898acd8d2c80154a1bbd3528860d15b52d0f16,25198592,1780028435,0xba82d820ca5878d29ae32cae6ce0ddab1617cf49,0x7a250d5630b4cf539739df2c5dacb4c659f2488d,0.032510416507900902,Direct,address,address
0x60d762a632dc163bc7b45da4dd898acd8d2c80154a1bbd3528860d15b52d0f16,25198592,1780028435,0xba82d820ca5878d29ae32cae6ce0ddab1617cf49,0x0000000000000000000000000000000000000000,0.000024606708416181,Gas,address,address
0xa032690c3f51a5c61399fc982d6a4a63ddb657f38030e8650462abfb7f5a549c,25198592,1780028435,0x11aa5e4b97b7da4739edfb875399d27c55bdd46c,0x3328f7f4a1d1c57c35df56bbf0c9dcafca309c49,0.042426022565542475,Direct,address,address
0xa032690c3f51a5c61399fc982d6a4a63ddb657f38030e8650462abfb7f5a549c,25198592,1780028435,0x11aa5e4b97b7da4739edfb875399d27c55bdd46c,0x0000000000000000000000000000000000000000,0.000026093970182034,Gas,address,address
0x6a1d2537ccdfb485738fbc0f01e2f90319504749ef6ed5e908dd68a095debcb9,25198595,1780028471,0xcbb3baa593bea0f5c3509bf612422d6f1abb926c,0x3328f7f4a1d1c57c35df56bbf0c9dcafca309c49,0.027444228215719332,Direct,address,address
0x6a1d2537ccdfb485738fbc0f01e2f90319504749ef6ed5e908dd68a095debcb9,25198595,1780028471,0xcbb3baa593bea0f5c3509bf612422d6f1abb926c,0x0000000000000000000000000000000000000000,0.000027033730386892,Gas,address,address
0x7def5705e739f938efefebee3f11fd916b803f7088e279ebe9156126a728afe3,25198595,1780028471,0x596a5e9b117a3d7b21e0f77ff4431c4d1770f494,0x7a250d5630b4cf539739df2c5dacb4c659f2488d,0.037612681515318797,Direct,address,address
0x7def5705e739f938efefebee3f11fd916b803f7088e279ebe9156126a728afe3,25198595,1780028471,0x596a5e9b117a3d7b21e0f77ff4431c4d1770f494,0x0000000000000000000000000000000000000000,0.000022073891799518,Gas,address,address
0xd5091d62cc5813aad5205e5ff62d65110f292c2aba89437db89cce0f13b4fe1f,25198595,1780028471,0xe862f449e26a18f75d80d94ff1cf9d4aa1ca8b3e,0x3328f7f4a1d1c57c35df56bbf0c9dcafca309c49,0.033808797424732751,Direct,address,address
0xd5091d62cc5813aad5205e5ff62d65110f292c2aba89437db89cce0f13b4fe1f,25198595,1780028471,0xe862f449e26a18f75d80d94ff1cf9d4aa1ca8b3e,0x0000000000000000000000000000000000000000,0.000025274076491116,Gas,address,address
0xe52bad5c761b6eb5ba44b2783eb3bcea80755dd64c2a9547454c1784ac1f8d04,25198595,1780028471,0x3e517d5e32fd6808a169e8b47479609d2a713084,0x7a250d5630b4cf539739df2c5dacb4c659f2488d,0.018747252405330737,Direct,address,address
0xe52bad5c761b6eb5ba44b2783eb3bcea80755dd64c2a9547454c1784ac1f8d04,25198595,1780028471,0x3e517d5e32fd6808a169e8b47479609d2a713084,0x0000000000000000000000000000000000000000,0.000022073891799518,Gas,address,address
0x669b8426ced9f68d2290983debfc4c1bbd28df4222bc6d387870064377be8370,25198596,1780028483,0xb64acede994b71a3d43a5af7db8b5a830cbcaa9a,0x7a250d5630b4cf539739df2c5dacb4c659f2488d,0.099500000000000005,Direct,address,address
0x669b8426ced9f68d2290983debfc4c1bbd28df4222bc6d387870064377be8370,25198596,1780028483,0xb64acede994b71a3d43a5af7db8b5a830cbcaa9a,0x0000000000000000000000000000000000000000,0.000026120263408876,Gas,address,address
0x3b73dc5007c98024e23fdd28e50879e83169cb5ea1cf7a5c5de6bc66aa7c177e,25198598,1780028507,0x77b7fdf464ce43597d20608c0ef9865a4f4c7fa5,0x0000000000000000000000000000000000000000,0.000008887138526193,Gas,address,address
0x730b49c05054b565b4e2f5990ad44e8fa98bd426c0edb363388b4f7eec49f73c,25198598,1780028507,0x77b7fdf464ce43597d20608c0ef9865a4f4c7fa5,0x0000000000000000000000000000000000000000,0.000030943566500903,Gas,address,address
0x1e078d1a4bb26e4fb3e7212630966a750535c4083e0d3e3646602a395635ab98,25198601,1780028543,0xce0e56416d5e8bd78c9dc305f6fc05b5715111c8,0x0000000000000000000000000000000000000000,0.000029336223179361,Gas,address,address
0x3a49778099866b0e4489f68203d1799d2a8958f8d4cee3ae7c6668c138293342,25198601,1780028543,0xce0e56416d5e8bd78c9dc305f6fc05b5715111c8,0x0000000000000000000000000000000000000000,0.000008571505514391,Gas,address,address
0x0f81ec024657ffd0448550333af7ed8794de4bbdb76369d4d93758806f211efe,25198606,1780028603,0x90f42785e6524ac4e94444599f6435a5f45b83cc,0x7a250d5630b4cf539739df2c5dacb4c659f2488d,0.136186999005532494,Direct,address,address
0x0f81ec024657ffd0448550333af7ed8794de4bbdb76369d4d93758806f211efe,25198606,1780028603,0x90f42785e6524ac4e94444599f6435a5f45b83cc,0x0000000000000000000000000000000000000000,0.000027090723684213,Gas,address,address
0x824b221b9754b50bb0d25b9a7cdbad3f880c28c58dfa8f48836eec39c5a174d2,25198606,1780028603,0x4454614f1e53079acc13220f56c98da7a2fb74fe,0x7a250d5630b4cf539739df2c5dacb4c659f2488d,0.120272657270654046,Direct,address,address
0x824b221b9754b50bb0d25b9a7cdbad3f880c28c58dfa8f48836eec39c5a174d2,25198606,1780028603,0x4454614f1e53079acc13220f56c98da7a2fb74fe,0x0000000000000000000000000000000000000000,0.000025306814455461,Gas,address,address
0xf5c35875c9c04875831adf830ffd7e03113cf3055b462eb206fef9f777218f9a,25198606,1780028603,0xc1e67fd3c3ebff35e87a76fc9e7c4598ed2fdf79,0x0000000000000000000000000000000000000000,0.000025763229326032,Gas,address,address
0x60679dc45f8fff9a153a629a88c04adf671455a0eb77e54e382207706072b750,25198610,1780028651,0x11aa5e4b97b7da4739edfb875399d27c55bdd46c,0x0000000000000000000000000000000000000000,0.000007787742248256,Gas,address,address
0x636600cde169a139be9ae9f23614e7047bc43f2baba38873d03ddea91b45bdf1,25198610,1780028651,0xba82d820ca5878d29ae32cae6ce0ddab1617cf49,0x0000000000000000000000000000000000000000,0.000007787742248256,Gas,address,address
0xb09577de8458d5deabc6976b9ad685b21895097a5befbd2b84412d48bbcd3ebb,25198610,1780028651,0x11aa5e4b97b7da4739edfb875399d27c55bdd46c,0x0000000000000000000000000000000000000000,0.000027115648016576,Gas,address,address
0xde89fac86621658b8f5fdd4834b377dc4341a9e5175c59c904a6536c41ae8dae,25198610,1780028651,0xba82d820ca5878d29ae32cae6ce0ddab1617cf49,0x0000000000000000000000000000000000000000,0.000024900452603392,Gas,address,address
0x0aa831036d13db4b4a75be4391a0d7f76451347ff7ff22ad85b656945467b623,25198616,1780028723,0x52915868ae644307e9b9a579ca9c324de22ab77d,0x0000000000000000000000000000000000000000,0.000030413307257389,Gas,address,address
0xcb6b9089a9ec7bd34b9b339837c0312d7e1010b9d439d1e65ad9d693a82a305e,25198616,1780028723,0x52915868ae644307e9b9a579ca9c324de22ab77d,0x0000000000000000000000000000000000000000,0.000008734845565659,Gas,address,address
0x976bc14c09babef72a2eb1d406e18870869c2f1cbb8c85fd6fb565aaad37ca99,25198622,1780028795,0x43076ad18faba5166f0b94a1d8e24b60f6c82255,0x50995f97f63f8ec9a131272269f1388d88a03990,0.011407058772375377,Direct,address,address
0x976bc14c09babef72a2eb1d406e18870869c2f1cbb8c85fd6fb565aaad37ca99,25198622,1780028795,0x43076ad18faba5166f0b94a1d8e24b60f6c82255,0x0000000000000000000000000000000000000000,0.000003204529230000,Gas,address,address
0x224ab7f77ff1321ae2bdab64c938aa8b31293315d55eca72606103e4a350ca6b,25198629,1780028879,0x750819c35800a9acdf9a800212202ddb100af5db,0x0000000000000000000000000000000000000000,0.000007766314827741,Gas,address,address
0x27a7fce22d79c9b0dfb394ee3f616c7917dc13a668d3e18f1956ac793641fe01,25198629,1780028879,0xfde8ca90a0e648ba896b8a4d0f579c36c373fdd3,0x0000000000000000000000000000000000000000,0.000027041041234011,Gas,address,address
0x4f56a956d3e14febcef3d2273bb7e1633162050384f5c6080aa8b9ef70145f16,25198629,1780028879,0x750819c35800a9acdf9a800212202ddb100af5db,0x0000000000000000000000000000000000000000,0.000024831940773912,Gas,address,address
0xc1c9241c217cd7f9f5284910cb094bdc1336fdef119ed891b265d812631957c1,25198629,1780028879,0xbc8a46c29a79250bee25f77b8475804a1650a8e3,0x0000000000000000000000000000000000000000,0.000024831940773912,Gas,address,address
0x23deaa3532f82a9d01968ef1ae8f5d5daa3f45f322f1a475cec1921935bf5d1c,25198636,1780028963,0x2b28ab667f3a0efbb744ba310761eb0cf3046062,0x3328f7f4a1d1c57c35df56bbf0c9dcafca309c49,0.070000000000000007,Direct,address,address
0x23deaa3532f82a9d01968ef1ae8f5d5daa3f45f322f1a475cec1921935bf5d1c,25198636,1780028963,0x2b28ab667f3a0efbb744ba310761eb0cf3046062,0x0000000000000000000000000000000000000000,0.000024178087229940,Gas,address,address
0x1842315601fd9649d82feb6bdec249161bd3a7952a9c7dc9d39aaaf704f4dc9b,25198639,1780028999,0xa8b78f6ebf220c1d7498236260316831624ac232,0x3328f7f4a1d1c57c35df56bbf0c9dcafca309c49,0.086822418703529150,Direct,address,address
0x1842315601fd9649d82feb6bdec249161bd3a7952a9c7dc9d39aaaf704f4dc9b,25198639,1780028999,0xa8b78f6ebf220c1d7498236260316831624ac232,0x0000000000000000000000000000000000000000,0.000022606053653944,Gas,address,address
0xc406e7d411772a4ff08ddd5a0298792c0c06a06d1f66f442c6e29e736782c643,25198639,1780028999,0x5355c7c2bb2e49945537beaabbaff57ad2e9b224,0x7a250d5630b4cf539739df2c5dacb4c659f2488d,0.087698864203867050,Direct,address,address
0xc406e7d411772a4ff08ddd5a0298792c0c06a06d1f66f442c6e29e736782c643,25198639,1780028999,0x5355c7c2bb2e49945537beaabbaff57ad2e9b224,0x0000000000000000000000000000000000000000,0.000019743692021612,Gas,address,address
0x581770a8c0b5e5e423ab4975f6a5102d34d7886d38d59cfc5c30af6b363892f3,25198640,1780029011,0x77b7fdf464ce43597d20608c0ef9865a4f4c7fa5,0x0000000000000000000000000000000000000000,0.000027274636826633,Gas,address,address
0x8212457c53faee9532ee605137583eed50bb78b6efc6a7ef4b9ba20a052070de,25198640,1780029011,0xe635e0d567fe83ac4cba2902a6448f9f9889b2fd,0x0000000000000000000000000000000000000000,0.000025046452924936,Gas,address,address
0x418de483298c5948d84eafb93e227dcebf1a3a0de9f122d2f7369fe79953665d,25198643,1780029047,0xa37eaed2aba7be8e83e2f419fb2094093886d90a,0x7a250d5630b4cf539739df2c5dacb4c659f2488d,0.099500000000000005,Direct,address,address
0x418de483298c5948d84eafb93e227dcebf1a3a0de9f122d2f7369fe79953665d,25198643,1780029047,0xa37eaed2aba7be8e83e2f419fb2094093886d90a,0x0000000000000000000000000000000000000000,0.000025058568229096,Gas,address,address
0x243dead038ba9ffe30650041fdba9ea60e47f625416d761bcb7703a060b9ca8d,25198644,1780029059,0x3e517d5e32fd6808a169e8b47479609d2a713084,0x0000000000000000000000000000000000000000,0.000028079892538120,Gas,address,address
0x84a7c86f2e6bbb7126b09ae44321709fa1a73dfe7a764a23906b1c0b3bb050b3,25198644,1780029059,0x90f42785e6524ac4e94444599f6435a5f45b83cc,0x0000000000000000000000000000000000000000,0.000030577937458985,Gas,address,address
0xa4b0863f393d7296ecd9d0d820fdbd799154e3d450618ac0b976304031d848c0,25198644,1780029059,0x3e517d5e32fd6808a169e8b47479609d2a713084,0x0000000000000000000000000000000000000000,0.000008782128137535,Gas,address,address
0xadc7e1330258ae7dacfa8a944c1573b4f37aec92b0ab2696e417094b84e654fb,25198644,1780029059,0x90f42785e6524ac4e94444599f6435a5f45b83cc,0x0000000000000000000000000000000000000000,0.000008782128137535,Gas,address,address
0x01645931fcdc33c0c034d5ec3b761f5f1dfa9e70457fd18a0856e49fd5cb6ba4,25198648,1780029107,0x9de74997e2a418d9b9614a7960cf48b2f8dd22b2,0x0000000000000000000000000000000000000000,0.000009427192897797,Gas,address,address
0x5da1f3e9aae6d37e5fb219429d7eb7c983eb901efd2c47c7de0c319d89a51622,25198648,1780029107,0x9de74997e2a418d9b9614a7960cf48b2f8dd22b2,0x0000000000000000000000000000000000000000,0.000030142416434904,Gas,address,address
0xdc26a873e2337675a12f82ac9733f8c2b2cdc7fd67d2dd2c9d15721d77da442f,25198648,1780029107,0x20323dbb5ef6c976743e3bff6e6e0123a427a2cf,0x0000000000000000000000000000000000000000,0.000032823947718387,Gas,address,address
0xdca54ef7ff38325c086c2edefdbaa6323558678ff8dc510c0f7f6b33dce45563,25198648,1780029107,0x20323dbb5ef6c976743e3bff6e6e0123a427a2cf,0x0000000000000000000000000000000000000000,0.000009427192897797,Gas,address,address
0xe92c1f71a5571c373fbd50debb6d8ae25bed5316272a02f0ab5b496fe07f82ba,25198648,1780029107,0xe632ab5fac6661e9feb0a60a460bb1f836653e24,0x0000000000000000000000000000000000000000,0.000030142416434904,Gas,address,address
0x07d9857d2711b91f8bd9fd1198d942ba7150b43d43629220e4471e93e9c6576e,25198650,1780029131,0xd377fdd91381cfcc1c37388e52ef0a7c37f33c21,0x0000000000000000000000000000000000000000,0.000028660121080960,Gas,address,address
0xb649e6f10a1a940c21816041ac04ff29051ebc7c8ed5383b122e5be05f84b6ea,25198650,1780029131,0x7a0fec301682758cce8aa6a9d1ce9196bde16052,0x0000000000000000000000000000000000000000,0.000008963597543280,Gas,address,address
0xc0c92df73e679ce397d0c42cf81f18eba94152145d5e412afc51da846c880049,25198650,1780029131,0x7a0fec301682758cce8aa6a9d1ce9196bde16052,0x0000000000000000000000000000000000000000,0.000031209784324880,Gas,address,address
0x3f2b423e9f79fdd912521cc01df1195ff8bf05332de4bf65c39f60501e39a7b1,25198662,1780029275,0x596a5e9b117a3d7b21e0f77ff4431c4d1770f494,0x0000000000000000000000000000000000000000,0.000007891389655344,Gas,address,address
0x984b250ed226c175281d8fd0d3b696e962537e138a1798215a16ed3092fd6feb,25198662,1780029275,0x596a5e9b117a3d7b21e0f77ff4431c4d1770f494,0x0000000000000000000000000000000000000000,0.000025231853831808,Gas,address,address
0xbd4c443124e73c5997f28589122e3f746ee8ff73640c8856976f380458115dea,25198662,1780029275,0xcbb3baa593bea0f5c3509bf612422d6f1abb926c,0x0000000000000000000000000000000000000000,0.000027476531379024,Gas,address,address
0xf2e45c86c5d76b582e5e829ddbc08819296dddf52e41e773ddfce27ebd5611e3,25198662,1780029275,0xcbb3baa593bea0f5c3509bf612422d6f1abb926c,0x0000000000000000000000000000000000000000,0.000007891389655344,Gas,address,address
0x5e1bb5beebe73b908ce81f49fcfb47fe73a62bb1c7a323386b9b93568758619a,25198666,1780029323,0x93468d3862295dafbacbebc5b278afc38425c3c9,0x0000000000000000000000000000000000000000,0.000009084575919624,Gas,address,address
0x7b15c2bbe806a514cacdd421e38b732ff48cda55702e972b2de33486d14302f9,25198666,1780029323,0x4454614f1e53079acc13220f56c98da7a2fb74fe,0x0000000000000000000000000000000000000000,0.000009084575919624,Gas,address,address
0xc434d14618fd5ac2e6834cc93ff0204e16e425ad0440634196975f689b15f045,25198666,1780029323,0x93468d3862295dafbacbebc5b278afc38425c3c9,0x0000000000000000000000000000000000000000,0.000031631011294904,Gas,address,address
0xce84a477ec72d9d362db370bfa09afdb9d4fed947ed56265a58efc13046f74ca,25198666,1780029323,0x4454614f1e53079acc13220f56c98da7a2fb74fe,0x0000000000000000000000000000000000000000,0.000029046936184768,Gas,address,address
0x5808e76d1b53e38a6e224affa254660f1b12fe48bf438babe5c3ce0603115433,25198675,1780029431,0xb64acede994b71a3d43a5af7db8b5a830cbcaa9a,0x0000000000000000000000000000000000000000,0.000024920079684336,Gas,address,address
0xb593ab77c1f37065b230d7e50363b1633156b9f819a4a5d868c753233e44f65f,25198675,1780029431,0xb64acede994b71a3d43a5af7db8b5a830cbcaa9a,0x0000000000000000000000000000000000000000,0.000007793880716898,Gas,address,address
0xd55867246ecf4bf72f475d648437fcfdda61f3b5921d6ec2319484a6fbc4d762,25198675,1780029431,0xe862f449e26a18f75d80d94ff1cf9d4aa1ca8b3e,0x0000000000000000000000000000000000000000,0.000007793880716898,Gas,address,address
0xdc15355e0d70fa6c978a32c29af3ca9ea6ea6a3fc629315d469bd3330766f5d6,25198675,1780029431,0x3e517d5e32fd6808a169e8b47479609d2a713084,0x0000000000000000000000000000000000000000,0.000024920079684336,Gas,address,address
0xf141bad27d0061ed5b585320045bd75e06c76b3f106af4d964c852a04cfd3224,25198675,1780029431,0xe862f449e26a18f75d80d94ff1cf9d4aa1ca8b3e,0x0000000000000000000000000000000000000000,0.000027137021162958,Gas,address,address
0x15b5477a1c3542e8f0af2dacf5882a02638e26eb0073a451c8fd7ada77a0c1a8,25198677,1780029455,0xd377fdd91381cfcc1c37388e52ef0a7c37f33c21,0x7a250d5630b4cf539739df2c5dacb4c659f2488d,0.025196921012521332,Direct,address,address
0x15b5477a1c3542e8f0af2dacf5882a02638e26eb0073a451c8fd7ada77a0c1a8,25198677,1780029455,0xd377fdd91381cfcc1c37388e52ef0a7c37f33c21,0x0000000000000000000000000000000000000000,0.000021828674424637,Gas,address,address
0x29812eb2d3646a21e8d2868d52d87a7c80bb2c49e07b4ab12e5c90fcf5963a0e,25198677,1780029455,0x257cda2f9dabd296a9a7fc9065103c7972f4b943,0x3328f7f4a1d1c57c35df56bbf0c9dcafca309c49,0.013301924780385790,Direct,address,address
0x29812eb2d3646a21e8d2868d52d87a7c80bb2c49e07b4ab12e5c90fcf5963a0e,25198677,1780029455,0x257cda2f9dabd296a9a7fc9065103c7972f4b943,0x0000000000000000000000000000000000000000,0.000023148028168418,Gas,address,address
0x975c65ca601a25e7602c9b0897e41683ad025509eae796616edbf3f520671e56,25198677,1780029455,0x7c5a0f138ba96b7132f6befe9f79cf4796f06a92,0x3328f7f4a1d1c57c35df56bbf0c9dcafca309c49,0.020019825162201382,Direct,address,address
0x975c65ca601a25e7602c9b0897e41683ad025509eae796616edbf3f520671e56,25198677,1780029455,0x7c5a0f138ba96b7132f6befe9f79cf4796f06a92,0x0000000000000000000000000000000000000000,0.000023148028168418,Gas,address,address
0x1184863b6f317f59b170369347de91562064f6b177ad2edf5a7678633edcfa14,25198678,1780029467,0x263161a729d0961a3165ef61afa7f31cd8018cee,0x7a250d5630b4cf539739df2c5dacb4c659f2488d,0.017901416407094105,Direct,address,address
0x1184863b6f317f59b170369347de91562064f6b177ad2edf5a7678633edcfa14,25198678,1780029467,0x263161a729d0961a3165ef61afa7f31cd8018cee,0x0000000000000000000000000000000000000000,0.000019479984557774,Gas,address,address
0x653169adfb8c068313a191f8d0428e57fe0c5aba22d8b654335959d9ca9961cc,25198678,1780029467,0x0adb41bc7be29dc28790ec8f6c22cd697eed8071,0x7a250d5630b4cf539739df2c5dacb4c659f2488d,0.016877477754900561,Direct,address,address
0x653169adfb8c068313a191f8d0428e57fe0c5aba22d8b654335959d9ca9961cc,25198678,1780029467,0x0adb41bc7be29dc28790ec8f6c22cd697eed8071,0x0000000000000000000000000000000000000000,0.000019479984557774,Gas,address,address
0x7b2e7a171c975abcbe8cfaf036539fb89a6d32ceb41fcb4f8daba62059fe1277,25198678,1780029467,0x9de74997e2a418d9b9614a7960cf48b2f8dd22b2,0x3328f7f4a1d1c57c35df56bbf0c9dcafca309c49,0.017555275472897050,Direct,address,address
0x7b2e7a171c975abcbe8cfaf036539fb89a6d32ceb41fcb4f8daba62059fe1277,25198678,1780029467,0x9de74997e2a418d9b9614a7960cf48b2f8dd22b2,0x0000000000000000000000000000000000000000,0.000023856991565356,Gas,address,address
0xabe4ed06dba2f496a122a0f2bac16fc404fa367d7d14fe20e9b95a3d3caa2ac7,25198678,1780029467,0x2f1a91f603a082c6f64e0ad8925cf918c5c491f0,0x3328f7f4a1d1c57c35df56bbf0c9dcafca309c49,0.018133560233665039,Direct,address,address
0xabe4ed06dba2f496a122a0f2bac16fc404fa367d7d14fe20e9b95a3d3caa2ac7,25198678,1780029467,0x2f1a91f603a082c6f64e0ad8925cf918c5c491f0,0x0000000000000000000000000000000000000000,0.000022304114934988,Gas,address,address
0x83be5a6568638972699d65f336ff6bb0035c75cb5b9d8420f38be5e07f862edf,25198682,1780029515,0xff5202ecf522699226d19ecc0881532722106ccd,0x3328f7f4a1d1c57c35df56bbf0c9dcafca309c49,0.033879953798706182,Direct,address,address
0x83be5a6568638972699d65f336ff6bb0035c75cb5b9d8420f38be5e07f862edf,25198682,1780029515,0xff5202ecf522699226d19ecc0881532722106ccd,0x0000000000000000000000000000000000000000,0.000023380368918752,Gas,address,address
0x778013d3e13bf02c9ef49d8cc5d12e94180001bd74fd28fcfb193e03052e7b04,25198685,1780029551,0xff5202ecf522699226d19ecc0881532722106ccd,0x0000000000000000000000000000000000000000,0.000007020947087631,Gas,address,address
0xc6786f1cfbb17e67b5dfcd2dbf0378cc3d6034ad24031f4fc9d9786268a2b2b4,25198685,1780029551,0xff5202ecf522699226d19ecc0881532722106ccd,0x0000000000000000000000000000000000000000,0.000024445792362201,Gas,address,address
0x412195c8ff663d08fcfcdc472f7312585d3e5ad96ba094e44dcb7c9056418b44,25198689,1780029599,0x257cda2f9dabd296a9a7fc9065103c7972f4b943,0x0000000000000000000000000000000000000000,0.000027719329043776,Gas,address,address
0x622e3570810a60064f1500803cc80d6ccc00ccf0de0da8136550fa6e4634a2ff,25198689,1780029599,0x71fbaccdcd43cdab9161fe92a8359f90cf0e2905,0x0000000000000000000000000000000000000000,0.000008669360084568,Gas,address,address
0x910276021b4dfd8cf0cb81c1e2aa7c55caa270b99b734da6bc82b35ea058d6ab,25198689,1780029599,0x257cda2f9dabd296a9a7fc9065103c7972f4b943,0x0000000000000000000000000000000000000000,0.000008669360084568,Gas,address,address
0xa22da773364ceb4aeae63acc05647a882e393e0fb2bf1fee7c2077ceed1fac56,25198689,1780029599,0x71fbaccdcd43cdab9161fe92a8359f90cf0e2905,0x0000000000000000000000000000000000000000,0.000027719329043776,Gas,address,address
0xb94e4f729da217e5185db0a98c9145f109cbd3423fee7865230397e8a53ec6a5,25198689,1780029599,0x6e659b2f0caccb0c5d642c87b300d7efc367454b,0x0000000000000000000000000000000000000000,0.000008669360084568,Gas,address,address
0xd9b635a9bff4afec8b678ff9dbf56401246ae406a223f097cf6928069666ca8c,25198689,1780029599,0x6e659b2f0caccb0c5d642c87b300d7efc367454b,0x0000000000000000000000000000000000000000,0.000029671133249128,Gas,address,address
0x132ad24fe1bbbc115b574e8dc39c16d3db0c8cb56fef30df9958d296cf9c1523,25198693,1780029647,0x263161a729d0961a3165ef61afa7f31cd8018cee,0x0000000000000000000000000000000000000000,0.000008504805530325,Gas,address,address
0x1c9fb9e4178b26937eb9b157fb6b58a93e707753b0ce0ca9f93ed25d36c0d95e,25198693,1780029647,0x263161a729d0961a3165ef61afa7f31cd8018cee,0x0000000000000000000000000000000000000000,0.000027193183885400,Gas,address,address
0x5ebc951619511568752d89e7961904140220e69a50b1aefbc1d4d6f274735cda,25198693,1780029647,0x2f1a91f603a082c6f64e0ad8925cf918c5c491f0,0x0000000000000000000000000000000000000000,0.000027193183885400,Gas,address,address
0x7cf0990ebb1b6231c945519398a6bbef749caa4ec69bd85bccdcc036fb4fd2ce,25198693,1780029647,0xe3f81b0c4e0302e9e87563ee1ba165913c07fbb3,0x0000000000000000000000000000000000000000,0.000008504805530325,Gas,address,address
0xa4245c01bbdc6f71941b0d44a2aa615173da2c63b7e655534e4149760cbf6075,25198693,1780029647,0xe3f81b0c4e0302e9e87563ee1ba165913c07fbb3,0x0000000000000000000000000000000000000000,0.000027193183885400,Gas,address,address
0xf3debaed7114eb65dd90be3c7ac7697f4e42580b1bf69e8e26b4013ddaaa9818,25198693,1780029647,0x2f1a91f603a082c6f64e0ad8925cf918c5c491f0,0x0000000000000000000000000000000000000000,0.000008504805530325,Gas,address,address
0xfb2754c468bec1f50ef97ebe9e29aea222a656cf89ec7aa06a0a6966299a4716,25198693,1780029647,0x9de74997e2a418d9b9614a7960cf48b2f8dd22b2,0x0000000000000000000000000000000000000000,0.000029612345383075,Gas,address,address
0xa6f7eb40c44d6d6cfe850749a9001749391ad6e5612e4e441b8ca9df71ed79e1,25198696,1780029683,0x063676cb3ae3c76fb7282f6db01d010abf7e95a0,0x0000000000000000000000000000000000000000,0.000027659152259165,Gas,address,address
0xc85693ddf082f05bf78aad5af2bad7c6faf554dcc7bb00b44fac72e018ae00df,25198696,1780029683,0xe12af9854d77ee2463e84966bb4b18b5dd31c20a,0x0000000000000000000000000000000000000000,0.000007943839235115,Gas,address,address
0xca4318f73b9565c5ffc517c96de9ab690a9acebfab333ca4a6166d66753ba78e,25198696,1780029683,0x063676cb3ae3c76fb7282f6db01d010abf7e95a0,0x0000000000000000000000000000000000000000,0.000007943839235115,Gas,address,address
0xf045bc242ccbe99a7b1eb42a368a940e63746cbd8d3e49f2f2b9039d070a9d85,25198696,1780029683,0xe12af9854d77ee2463e84966bb4b18b5dd31c20a,0x0000000000000000000000000000000000000000,0.000025399555616680,Gas,address,address
0x6c56304893259b930d0ebc5d38d60a7fd1a99a431370e67cf66f7dbd013c4342,25198704,1780029779,0xd5902c4f0b456f47fadf5e83d1a3eb96d6f9408c,0x0000000000000000000000000000000000000000,0.000024361888473024,Gas,address,address
0x8df54b377398d64666b470c5c0e1ca41b43525b08104436a02e36fd652ad9dd5,25198704,1780029779,0x3bf21733e11dcd57e97d60012af268c27de54839,0x0000000000000000000000000000000000000000,0.000026529172114872,Gas,address,address
0xd14a866c120b640ec4918dfcfe29058cdd85e118a1cc0de075e602bae0a3eecd,25198704,1780029779,0xd5902c4f0b456f47fadf5e83d1a3eb96d6f9408c,0x0000000000000000000000000000000000000000,0.000007619303597832,Gas,address,address
0x9a470eba82e93987bafa50d21b878601470e96c71fb556ad0ce176e9e5bd4e4a,25198720,1780029971,0x10929a535625d921fbff72480142dea0184be50e,0x0000000000000000000000000000000000000000,0.000028281901636888,Gas,address,address
0x4e3991904757077e6916b7d8ceecd49fa57cb3b95b12051cfc4f91507fcddddf,25198734,1780030139,0xf409fc839dfb91345f742f0046bc0667a7c5e200,0x0000000000000000000000000000000000000000,0.000008913511818279,Gas,address,address
0x7626e0864847e52dba91495a5a31cdbd25c18a673f97eb17fe7293d2a6172c6a,25198734,1780030139,0xf409fc839dfb91345f742f0046bc0667a7c5e200,0x0000000000000000000000000000000000000000,0.000027593729835528,Gas,address,address
0x9c284db5eb3c5fd1ea0427d451e307f6f79adf31de0fba89558908d231326298,25198734,1780030139,0x7d41f4fa2df4888ccce8eee9d26f55b7e33567d3,0x0000000000000000000000000000000000000000,0.000027593729835528,Gas,address,address
0x80f2a8578c108bbfb80033e16390edf4edf861d3714a05d61092fac38d6524cf,25198738,1780030187,0xf409fc839dfb91345f742f0046bc0667a7c5e200,0x50995f97f63f8ec9a131272269f1388d88a03990,0.006737610221209536,Direct,address,address
0x80f2a8578c108bbfb80033e16390edf4edf861d3714a05d61092fac38d6524cf,25198738,1780030187,0xf409fc839dfb91345f742f0046bc0667a7c5e200,0x0000000000000000000000000000000000000000,0.000003823283289000,Gas,address,address
0x8a75c4cceea706255e113b6e19c8cb3b2acdd52a8a0ba1e5a54c203e55c7a931,25198738,1780030187,0x7d41f4fa2df4888ccce8eee9d26f55b7e33567d3,0x50995f97f63f8ec9a131272269f1388d88a03990,0.010144284663417349,Direct,address,address
0x8a75c4cceea706255e113b6e19c8cb3b2acdd52a8a0ba1e5a54c203e55c7a931,25198738,1780030187,0x7d41f4fa2df4888ccce8eee9d26f55b7e33567d3,0x0000000000000000000000000000000000000000,0.000003823283289000,Gas,address,address
0x3c0b3efb285ba225629c169abcfe4b7b9ff5ec84dc1ca34c6f1da606898322af,25198746,1780030283,0x3bf21733e11dcd57e97d60012af268c27de54839,0x0000000000000000000000000000000000000000,0.000022598283267472,Gas,address,address
0x9a9da9f2c9b5c88dfac6c4dfd6c0b890f94f5ef2a66ba92f9df625e2165e0b76,25198746,1780030283,0xff5202ecf522699226d19ecc0881532722106ccd,0x0000000000000000000000000000000000000000,0.000024674699231666,Gas,address,address
0xa24e7ca8530f11b88b14c459c5ec03dc39452d9f2cfc769993f81152c5ffdc53,25198746,1780030283,0xce0e56416d5e8bd78c9dc305f6fc05b5715111c8,0x0000000000000000000000000000000000000000,0.000022598283267472,Gas,address,address
0x0a8791cd8d47ed481a069471cf7a6a5a2b6b89c255b9941feb324b8a1a972f6b,25198750,1780030331,0x7f3d829e5076c3662c1e71170729f0d7bbafed3e,0x0000000000000000000000000000000000000000,0.000008520717176400,Gas,address,address
0x0fd457b75fbdec9681d17b9fd2250253d8d191dd6b7801bcfc6c532d475132e3,25198750,1780030331,0xeadc53afe6479b990ca0a75492b56cdd1697d602,0x0000000000000000000000000000000000000000,0.000008520717176400,Gas,address,address
0x1651e3fbc63798debf9347297b94d338215f8ed14dcc5db75d84d58b43d7eefe,25198750,1780030331,0x10929a535625d921fbff72480142dea0184be50e,0x0000000000000000000000000000000000000000,0.000008520717176400,Gas,address,address
0x185da3c6ed3dfa152ec9d56d94e7f7cfda490845ca033a0c0b0b91fad437edfa,25198750,1780030331,0x93468d3862295dafbacbebc5b278afc38425c3c9,0x0000000000000000000000000000000000000000,0.000008520717176400,Gas,address,address
0x1cb386e1c4a054917ac1bbd5ee2f9943d0013c8c406906134a56e09ead8caf06,25198750,1780030331,0x7c5a0f138ba96b7132f6befe9f79cf4796f06a92,0x0000000000000000000000000000000000000000,0.000008520717176400,Gas,address,address
0x1cea958a9485238b00d431307c35b5d61fb453f85f8cfe9802e8e30b2fa54ffc,25198750,1780030331,0xbc8a46c29a79250bee25f77b8475804a1650a8e3,0x0000000000000000000000000000000000000000,0.000008520717176400,Gas,address,address
0x1e0381dd4360f9bfbd33e292e1c70d38a38749797979cd7b9939c0640a2be63d,25198750,1780030331,0xe862f449e26a18f75d80d94ff1cf9d4aa1ca8b3e,0x0000000000000000000000000000000000000000,0.000008520717176400,Gas,address,address
0x2217f52e9f91c5ae8709e0bccc1b620574ef4dba6d80f8b009200c1e88e50f93,25198750,1780030331,0x7a1de418ef3682c1cd451fcfc3a170450c5561f9,0x0000000000000000000000000000000000000000,0.000008520717176400,Gas,address,address
0x2293ec858262536fbef474e7fc0862e28d927ebc299c2a2ae31d3b6c52aa7786,25198750,1780030331,0xba82d820ca5878d29ae32cae6ce0ddab1617cf49,0x0000000000000000000000000000000000000000,0.000008520717176400,Gas,address,address
0x24f699aacb0a8d434b351bfd2f5dfa2ba49c81af822eaf55eda0142ea79459a7,25198750,1780030331,0x4454614f1e53079acc13220f56c98da7a2fb74fe,0x0000000000000000000000000000000000000000,0.000008520717176400,Gas,address,address
0x30a3b9311ab911624476adbc74daea796c653b179d08d494d8fe86a7470da86d,25198750,1780030331,0x20323dbb5ef6c976743e3bff6e6e0123a427a2cf,0x0000000000000000000000000000000000000000,0.000008520717176400,Gas,address,address
0x313b9d18e513064951346bc9f47abaefabbbf3c634bbf4c145d24a056e8518e8,25198750,1780030331,0xefafec41e93c5b4f68981c4625dc5755ba3cf766,0x0000000000000000000000000000000000000000,0.000008520717176400,Gas,address,address
0x3a48d3d5b3a9a3bc71a36d60d333bc04a890e8db95b96d1a654052bf1bc3e01e,25198750,1780030331,0x4ba861d765cbb027d0c66aca2a5581f90f9b6f80,0x0000000000000000000000000000000000000000,0.000008520717176400,Gas,address,address
0x3c8b976a19e244e325f6651973faad12abbc885a8224a6c67fc8d0e38d9dca16,25198750,1780030331,0x52915868ae644307e9b9a579ca9c324de22ab77d,0x0000000000000000000000000000000000000000,0.000008520717176400,Gas,address,address
0x3d6cdc844ee7a633923741e9f3ea8a526128bbb9b7c9da748fc16ace8edf3527,25198750,1780030331,0x90f42785e6524ac4e94444599f6435a5f45b83cc,0x0000000000000000000000000000000000000000,0.000008520717176400,Gas,address,address
0x424e9c565cbff776155e179b1bed1542203a89d872ee077cf9472de1d3494e21,25198750,1780030331,0x77b7fdf464ce43597d20608c0ef9865a4f4c7fa5,0x0000000000000000000000000000000000000000,0.000008520717176400,Gas,address,address
0x459dfcc14d294863257f7ec8c89dcac07dc8fd05433508d956ad9d8dd237571b,25198750,1780030331,0x263161a729d0961a3165ef61afa7f31cd8018cee,0x0000000000000000000000000000000000000000,0.000008520717176400,Gas,address,address
0x46241475dfa1318708d808c8dca299bc83d0c35192d211961c95f869972da312,25198750,1780030331,0x29dfe95936285daba90ceeb38d679c9fca5dfd04,0x0000000000000000000000000000000000000000,0.000008520717176400,Gas,address,address
0x4902d99fe7a7ec55dea2227815b8d70865718bc935a5f145eb63474c83088524,25198750,1780030331,0xe632ab5fac6661e9feb0a60a460bb1f836653e24,0x0000000000000000000000000000000000000000,0.000008520717176400,Gas,address,address
0x4a8551a0f0079127bbb434aec8100c799a0ad5d6423bce10a9cf6cd4e42f15a8,25198750,1780030331,0xf7b096deccabc81290c7666e15f838bf90d4fd00,0x0000000000000000000000000000000000000000,0.000008520717176400,Gas,address,address
0x4c31c92b331159021f47d47d809cbe7d0e2fa01a150a4e41ec0484483ade197a,25198750,1780030331,0x750819c35800a9acdf9a800212202ddb100af5db,0x0000000000000000000000000000000000000000,0.000008520717176400,Gas,address,address
0x4c5a2d838795e56aed92ba396e64c323ad7a992e02805e51ca59c7a2579e6e21,25198750,1780030331,0x1ca0d010717627675c50d3c6ff5bbec6d317ef3f,0x0000000000000000000000000000000000000000,0.000008520717176400,Gas,address,address
0x54361a742f7fdbf7c3a6b6c714602e23bbd93bb478878e263a3c41c940a2215c,25198750,1780030331,0x870a8213faf15d366677de6fa8aed31cd2154a87,0x0000000000000000000000000000000000000000,0.000008520717176400,Gas,address,address
0x54a05a674d614a3861b7538e5812e7caf031b5e5eaf6e92599b7bdf638f13f52,25198750,1780030331,0x9de74997e2a418d9b9614a7960cf48b2f8dd22b2,0x0000000000000000000000000000000000000000,0.000008520717176400,Gas,address,address
0x59c5966b95d4e383788ae50597da956df44b5de57636cf0826476e71efea197a,25198750,1780030331,0xa1e1d9c48c2e160a3cec8c87fcc43fca5e050fef,0x0000000000000000000000000000000000000000,0.000008520717176400,Gas,address,address
0x5a102b777f408ad4891573f849b667d5ba81dbbfbb2e06ad38bbba40029c059f,25198750,1780030331,0x7a0fec301682758cce8aa6a9d1ce9196bde16052,0x0000000000000000000000000000000000000000,0.000008520717176400,Gas,address,address
0x6142b1d79468879e82f58193238ea1ce9725ef621a18911d1e74fe1872025cce,25198750,1780030331,0x7426be1607bdc81ef0834c9ac8fdb29ccc208fdc,0x0000000000000000000000000000000000000000,0.000008520717176400,Gas,address,address
0x716e96c958f9874a49acd416ec57e5069308b62551af7ef6699e7f2a8e7b753b,25198750,1780030331,0xa37eaed2aba7be8e83e2f419fb2094093886d90a,0x0000000000000000000000000000000000000000,0.000008518540052880,Gas,address,address
0x7e4bfb958e309a7e44a37f5cb83e38b69e0b5488d92da2439c002c15c044a8ec,25198750,1780030331,0x46ddf32eb8bfb94d94c10f06afaef1d59176f6c9,0x0000000000000000000000000000000000000000,0.000008520717176400,Gas,address,address
0x7fd34f5cfecd3b0b18c1ba56e030fe0e21d6865ad0098f347494c8fd4f778116,25198750,1780030331,0xa8b78f6ebf220c1d7498236260316831624ac232,0x0000000000000000000000000000000000000000,0.000008520717176400,Gas,address,address
0x87b2bef7b6581e0ce96a35f1986ae59cb7720ec7a4f53ac1176f265a05a87fde,25198750,1780030331,0xe3f81b0c4e0302e9e87563ee1ba165913c07fbb3,0x0000000000000000000000000000000000000000,0.000008520717176400,Gas,address,address
0x889b4e6e79676c8d56c0974c338960fd43003a94697b44d008def5d89e48e816,25198750,1780030331,0x257cda2f9dabd296a9a7fc9065103c7972f4b943,0x0000000000000000000000000000000000000000,0.000008520717176400,Gas,address,address
0x8bb061453d982e8db6f426e85d9f001c0c9f160f7dd13d0fd1f4029c1b4b17d8,25198750,1780030331,0xdb7f5bb0d3815862a77330d3056690fd01b6341f,0x0000000000000000000000000000000000000000,0.000008520717176400,Gas,address,address
0x96de43af58f053e4ee519c65fa3452e169e26ac678cf5e891e4cf5ad7ac0cbed,25198750,1780030331,0xb64acede994b71a3d43a5af7db8b5a830cbcaa9a,0x0000000000000000000000000000000000000000,0.000008520717176400,Gas,address,address
0xa0282d63ce262cd0f406fba999bdedffcacb8360420c4331146610ba7d39491e,25198750,1780030331,0x3f4cf4bab3551e1bd54176d3f7fa12b46283948b,0x0000000000000000000000000000000000000000,0.000008520717176400,Gas,address,address
0xa1cb4b690d06d1a4cf4fd3acb1462f0115d475f9bda7789ce3008e34aeb56268,25198750,1780030331,0x3e517d5e32fd6808a169e8b47479609d2a713084,0x0000000000000000000000000000000000000000,0.000008520717176400,Gas,address,address
0xa46197df2bda46a86b0ce8fdc27c1ac4217e0db3df4ce161bd0752bdfc62a091,25198750,1780030331,0x6e659b2f0caccb0c5d642c87b300d7efc367454b,0x0000000000000000000000000000000000000000,0.000008520717176400,Gas,address,address
0xa6dd10b59580a2e89ed2ce6d2649a8371cf473a89ff4e15ec4c4530b1c043a6e,25198750,1780030331,0x2b28ab667f3a0efbb744ba310761eb0cf3046062,0x0000000000000000000000000000000000000000,0.000008518540052880,Gas,address,address
0xab62383cfa15d7060edcd17fdfcef05af73252b02b89403b7d2353449991d3e6,25198750,1780030331,0x11aa5e4b97b7da4739edfb875399d27c55bdd46c,0x0000000000000000000000000000000000000000,0.000008520717176400,Gas,address,address
0xbf0ebc9e4509039316dff660f402226054da0ddd18bfa07382eabd235aa2ace9,25198750,1780030331,0xe635e0d567fe83ac4cba2902a6448f9f9889b2fd,0x0000000000000000000000000000000000000000,0.000008520717176400,Gas,address,address
0xbfb1d1aec85289363ca0c534f3ded3f5d107fb3dcf88593205b0436cd263fc36,25198750,1780030331,0x71fbaccdcd43cdab9161fe92a8359f90cf0e2905,0x0000000000000000000000000000000000000000,0.000008520717176400,Gas,address,address
0xc0b3cfb2f4fed2fdaa3b14010b274e4b095ff454b28dba0801a11d134b5f96a8,25198750,1780030331,0x5355c7c2bb2e49945537beaabbaff57ad2e9b224,0x0000000000000000000000000000000000000000,0.000008520717176400,Gas,address,address
0xce2d9e108bc511db393a50545c4de7998923feb088a46d88e50e736967edd61a,25198750,1780030331,0x596a5e9b117a3d7b21e0f77ff4431c4d1770f494,0x0000000000000000000000000000000000000000,0.000008520717176400,Gas,address,address
0xd37363aafa0506d826eea0a4a1e6b9c4c659c289f21408535a5989ab6904ead5,25198750,1780030331,0xc1e67fd3c3ebff35e87a76fc9e7c4598ed2fdf79,0x0000000000000000000000000000000000000000,0.000008520717176400,Gas,address,address
0xd71d7bc918490c77020cda31ff11876731ee6fc0882ffdbd2fd786af129e984b,25198750,1780030331,0xd377fdd91381cfcc1c37388e52ef0a7c37f33c21,0x0000000000000000000000000000000000000000,0.000008520717176400,Gas,address,address
0xdd960973600f62f20d9b151a36bac34ac45bad0872d66bc288d33f9193286eec,25198750,1780030331,0xe12af9854d77ee2463e84966bb4b18b5dd31c20a,0x0000000000000000000000000000000000000000,0.000008520717176400,Gas,address,address
0xdee2f91be72cd8b47327e1c84aad4627996b42114fe124d7c777114fd8471c90,25198750,1780030331,0x0adb41bc7be29dc28790ec8f6c22cd697eed8071,0x0000000000000000000000000000000000000000,0.000008520717176400,Gas,address,address
0xe56f4b01d814356bd9f649265c28d97c168c62517a38a76e2324ee2f44348015,25198750,1780030331,0xb7a2c15f099662cfd2688b3acd3ac984a331c841,0x0000000000000000000000000000000000000000,0.000008520717176400,Gas,address,address
0xeadf65a2399d07859507df04adcc803669302e24c7bdf589ff221a082e94acde,25198750,1780030331,0xa18d64318ddf90d2c08c96acb0210467fc787478,0x0000000000000000000000000000000000000000,0.000008520717176400,Gas,address,address
0xebbeca6cbbae87a5d6aa8d2add066faf51ffc843ed91a09436cf511f2e880cd2,25198750,1780030331,0x7fce3e6b828ee24ac69d0027e8eca33c77a22009,0x0000000000000000000000000000000000000000,0.000008520717176400,Gas,address,address
0xee752f67011536f24b513fbfe76d0b049ca60e59c8e9e8863d0b1c581ef04a4c,25198750,1780030331,0x8343d9c79116936275c41d262dc109969297eee7,0x0000000000000000000000000000000000000000,0.000008520717176400,Gas,address,address
0xf02d3e7df9ca4f5a19229168204c7105a196d44a1cc8f7b3b4015724723a443c,25198750,1780030331,0x2f1a91f603a082c6f64e0ad8925cf918c5c491f0,0x0000000000000000000000000000000000000000,0.000008520717176400,Gas,address,address
0xf06ea4a05bb34625a264d14ba47337ccaba7e49765f4341c163e46a83e8ab8c7,25198750,1780030331,0xd5902c4f0b456f47fadf5e83d1a3eb96d6f9408c,0x0000000000000000000000000000000000000000,0.000008520717176400,Gas,address,address
0xf498ebbdadb07d09db9a0bc75962e70481c41b5f027b5d96b410e01ebc4d9f62,25198750,1780030331,0xcbb3baa593bea0f5c3509bf612422d6f1abb926c,0x0000000000000000000000000000000000000000,0.000008520717176400,Gas,address,address
0xfa1ef7a6a817c3975e5245ee799acd81549fe88e85b0fc15b7debb839ae5c5e4,25198750,1780030331,0xfde8ca90a0e648ba896b8a4d0f579c36c373fdd3,0x0000000000000000000000000000000000000000,0.000008520717176400,Gas,address,address
0xfbf8dd9b0765e3e5e13069d22a7260644a7ffa6aa4f79dd9bd32e6a74643c99b,25198750,1780030331,0x063676cb3ae3c76fb7282f6db01d010abf7e95a0,0x0000000000000000000000000000000000000000,0.000008520717176400,Gas,address,address
0x08c14083fb2e0c50a8ff6aa17664598d30b1266e4456821381d1450aa727b68c,25198763,1780030487,0x52915868ae644307e9b9a579ca9c324de22ab77d,0x50995f97f63f8ec9a131272269f1388d88a03990,0.013515579607517588,Direct,address,address
0x08c14083fb2e0c50a8ff6aa17664598d30b1266e4456821381d1450aa727b68c,25198763,1780030487,0x52915868ae644307e9b9a579ca9c324de22ab77d,0x0000000000000000000000000000000000000000,0.000003441048933000,Gas,address,address
0x0b83fa30eb4a553f8df45cbc3a3f46bad3e9bd560e7d2acf85a80b617bfe9ffc,25198763,1780030487,0xd377fdd91381cfcc1c37388e52ef0a7c37f33c21,0x50995f97f63f8ec9a131272269f1388d88a03990,0.003684211695958723,Direct,address,address
0x0b83fa30eb4a553f8df45cbc3a3f46bad3e9bd560e7d2acf85a80b617bfe9ffc,25198763,1780030487,0xd377fdd91381cfcc1c37388e52ef0a7c37f33c21,0x0000000000000000000000000000000000000000,0.000003441048933000,Gas,address,address
0x0e8ebe9ff9f0c56562abe25e51454823483714b9a8c1f8840db4c9762b530015,25198763,1780030487,0xa1e1d9c48c2e160a3cec8c87fcc43fca5e050fef,0x50995f97f63f8ec9a131272269f1388d88a03990,0.005961392460725510,Direct,address,address
0x0e8ebe9ff9f0c56562abe25e51454823483714b9a8c1f8840db4c9762b530015,25198763,1780030487,0xa1e1d9c48c2e160a3cec8c87fcc43fca5e050fef,0x0000000000000000000000000000000000000000,0.000003441048933000,Gas,address,address
0x20c3fff904fcb38d7c07d132ed89a6e8f307d6b86c0e5feea7e1ca22cf9e6e98,25198763,1780030487,0x063676cb3ae3c76fb7282f6db01d010abf7e95a0,0x50995f97f63f8ec9a131272269f1388d88a03990,0.009507450383360818,Direct,address,address
0x20c3fff904fcb38d7c07d132ed89a6e8f307d6b86c0e5feea7e1ca22cf9e6e98,25198763,1780030487,0x063676cb3ae3c76fb7282f6db01d010abf7e95a0,0x0000000000000000000000000000000000000000,0.000003441048933000,Gas,address,address
0x21e711fb38a373f13f1f010a8a96e936fdcc68641998da4682e971c02b1f08b7,25198763,1780030487,0x2b28ab667f3a0efbb744ba310761eb0cf3046062,0x50995f97f63f8ec9a131272269f1388d88a03990,0.043963862323784179,Direct,address,address
0x21e711fb38a373f13f1f010a8a96e936fdcc68641998da4682e971c02b1f08b7,25198763,1780030487,0x2b28ab667f3a0efbb744ba310761eb0cf3046062,0x0000000000000000000000000000000000000000,0.000003441048933000,Gas,address,address
0x27ac9f5cadde29616fe0553df9cd0ee150a985de0acfb333bbe73144d46fba74,25198763,1780030487,0x29dfe95936285daba90ceeb38d679c9fca5dfd04,0x50995f97f63f8ec9a131272269f1388d88a03990,0.027861417587033119,Direct,address,address
0x27ac9f5cadde29616fe0553df9cd0ee150a985de0acfb333bbe73144d46fba74,25198763,1780030487,0x29dfe95936285daba90ceeb38d679c9fca5dfd04,0x0000000000000000000000000000000000000000,0.000003441048933000,Gas,address,address
0x2997fdf7612ce99662ddfe8a05990324d806fa738a22ae2065ade853a862c2a0,25198763,1780030487,0x93468d3862295dafbacbebc5b278afc38425c3c9,0x50995f97f63f8ec9a131272269f1388d88a03990,0.014395939128545620,Direct,address,address
0x2997fdf7612ce99662ddfe8a05990324d806fa738a22ae2065ade853a862c2a0,25198763,1780030487,0x93468d3862295dafbacbebc5b278afc38425c3c9,0x0000000000000000000000000000000000000000,0.000003441048933000,Gas,address,address
0x36c1471391d16e7ece71c1594b7fb871e132de2dc4f604032edf737a46e78aaa,25198763,1780030487,0xf7b096deccabc81290c7666e15f838bf90d4fd00,0x50995f97f63f8ec9a131272269f1388d88a03990,0.023771738186693255,Direct,address,address
0x36c1471391d16e7ece71c1594b7fb871e132de2dc4f604032edf737a46e78aaa,25198763,1780030487,0xf7b096deccabc81290c7666e15f838bf90d4fd00,0x0000000000000000000000000000000000000000,0.000003441048933000,Gas,address,address
0x3830bbeb4b6e0a467e1def831780a998119986cb1a2036fcf2bb849093191cbb,25198763,1780030487,0x9de74997e2a418d9b9614a7960cf48b2f8dd22b2,0x50995f97f63f8ec9a131272269f1388d88a03990,0.002811093353231712,Direct,address,address
0x3830bbeb4b6e0a467e1def831780a998119986cb1a2036fcf2bb849093191cbb,25198763,1780030487,0x9de74997e2a418d9b9614a7960cf48b2f8dd22b2,0x0000000000000000000000000000000000000000,0.000003441048933000,Gas,address,address
0x39d61bfbfd9b3da2089a4d4acd1f67539ce8402f87d3e47602617e60e994e285,25198763,1780030487,0x46ddf32eb8bfb94d94c10f06afaef1d59176f6c9,0x50995f97f63f8ec9a131272269f1388d88a03990,0.008906110156537713,Direct,address,address
0x39d61bfbfd9b3da2089a4d4acd1f67539ce8402f87d3e47602617e60e994e285,25198763,1780030487,0x46ddf32eb8bfb94d94c10f06afaef1d59176f6c9,0x0000000000000000000000000000000000000000,0.000003441048933000,Gas,address,address
0x3a592af7cf2a0f0365a5d8881277edb104184673b742a3280d701efe662a0457,25198763,1780030487,0x3f4cf4bab3551e1bd54176d3f7fa12b46283948b,0x50995f97f63f8ec9a131272269f1388d88a03990,0.010046714726015172,Direct,address,address
0x3a592af7cf2a0f0365a5d8881277edb104184673b742a3280d701efe662a0457,25198763,1780030487,0x3f4cf4bab3551e1bd54176d3f7fa12b46283948b,0x0000000000000000000000000000000000000000,0.000003441048933000,Gas,address,address
0x40992413a902574e46b58dfa831d186ecef96567c4d6ffe093bfbd8ec9bbdc96,25198763,1780030487,0x1ca0d010717627675c50d3c6ff5bbec6d317ef3f,0x50995f97f63f8ec9a131272269f1388d88a03990,0.008160667674049205,Direct,address,address
0x40992413a902574e46b58dfa831d186ecef96567c4d6ffe093bfbd8ec9bbdc96,25198763,1780030487,0x1ca0d010717627675c50d3c6ff5bbec6d317ef3f,0x0000000000000000000000000000000000000000,0.000003441048933000,Gas,address,address
0x416e67ad5ce8ed537be1f38a5d0cdb9b919940eb40e0804c246e582f111474f9,25198763,1780030487,0x7426be1607bdc81ef0834c9ac8fdb29ccc208fdc,0x50995f97f63f8ec9a131272269f1388d88a03990,0.007565130408189034,Direct,address,address
0x416e67ad5ce8ed537be1f38a5d0cdb9b919940eb40e0804c246e582f111474f9,25198763,1780030487,0x7426be1607bdc81ef0834c9ac8fdb29ccc208fdc,0x0000000000000000000000000000000000000000,0.000003441048933000,Gas,address,address
0x44c0eda34f7d8a53026efd79de3f7160e8f0c5a99347fbde99b947d1a2c048af,25198763,1780030487,0x77b7fdf464ce43597d20608c0ef9865a4f4c7fa5,0x50995f97f63f8ec9a131272269f1388d88a03990,0.031992277763835855,Direct,address,address
0x44c0eda34f7d8a53026efd79de3f7160e8f0c5a99347fbde99b947d1a2c048af,25198763,1780030487,0x77b7fdf464ce43597d20608c0ef9865a4f4c7fa5,0x0000000000000000000000000000000000000000,0.000003441048933000,Gas,address,address
0x460960bd42b23446a9648055226f6eecf73cf74765f286bf50c080c338e0093e,25198763,1780030487,0x0adb41bc7be29dc28790ec8f6c22cd697eed8071,0x50995f97f63f8ec9a131272269f1388d88a03990,0.006162908410535107,Direct,address,address
0x460960bd42b23446a9648055226f6eecf73cf74765f286bf50c080c338e0093e,25198763,1780030487,0x0adb41bc7be29dc28790ec8f6c22cd697eed8071,0x0000000000000000000000000000000000000000,0.000003441048933000,Gas,address,address
0x55908b6d6937f332d489904d8292a91a48e3b087e813fbdc5a38b45176ed3b9d,25198763,1780030487,0xb7a2c15f099662cfd2688b3acd3ac984a331c841,0x50995f97f63f8ec9a131272269f1388d88a03990,0.008806946508470300,Direct,address,address
0x55908b6d6937f332d489904d8292a91a48e3b087e813fbdc5a38b45176ed3b9d,25198763,1780030487,0xb7a2c15f099662cfd2688b3acd3ac984a331c841,0x0000000000000000000000000000000000000000,0.000003441048933000,Gas,address,address
0x569564361a6cc62a48ff39bd937f121b0cf26ebc78b9469498701785a73f66cb,25198763,1780030487,0x11aa5e4b97b7da4739edfb875399d27c55bdd46c,0x50995f97f63f8ec9a131272269f1388d88a03990,0.006172926801870059,Direct,address,address
0x569564361a6cc62a48ff39bd937f121b0cf26ebc78b9469498701785a73f66cb,25198763,1780030487,0x11aa5e4b97b7da4739edfb875399d27c55bdd46c,0x0000000000000000000000000000000000000000,0.000003441048933000,Gas,address,address
0x57f9e872758e1b8cf780877be5db759ede5f368f306fa3404b2b3325f1d7c6a6,25198763,1780030487,0xd5902c4f0b456f47fadf5e83d1a3eb96d6f9408c,0x50995f97f63f8ec9a131272269f1388d88a03990,0.019927595874902480,Direct,address,address
0x57f9e872758e1b8cf780877be5db759ede5f368f306fa3404b2b3325f1d7c6a6,25198763,1780030487,0xd5902c4f0b456f47fadf5e83d1a3eb96d6f9408c,0x0000000000000000000000000000000000000000,0.000003441048933000,Gas,address,address
0x66331dcd9c728062e8716b3e1b8b409670efdd935ab4d66d0958a492ab761d6d,25198763,1780030487,0xe862f449e26a18f75d80d94ff1cf9d4aa1ca8b3e,0x50995f97f63f8ec9a131272269f1388d88a03990,0.008091138671610699,Direct,address,address
0x66331dcd9c728062e8716b3e1b8b409670efdd935ab4d66d0958a492ab761d6d,25198763,1780030487,0xe862f449e26a18f75d80d94ff1cf9d4aa1ca8b3e,0x0000000000000000000000000000000000000000,0.000003441048933000,Gas,address,address
0x6871dbc454ee75c49f713091ff583d8a83e0ddbd37962d37c67830e5da33fd1d,25198763,1780030487,0xeadc53afe6479b990ca0a75492b56cdd1697d602,0x50995f97f63f8ec9a131272269f1388d88a03990,0.005455229423158362,Direct,address,address
0x6871dbc454ee75c49f713091ff583d8a83e0ddbd37962d37c67830e5da33fd1d,25198763,1780030487,0xeadc53afe6479b990ca0a75492b56cdd1697d602,0x0000000000000000000000000000000000000000,0.000003441048933000,Gas,address,address
0x6f4c3cae9d0923a6c928aa9579723b648e26e84f9cb5aed23c38d91deffcc012,25198763,1780030487,0x3bf21733e11dcd57e97d60012af268c27de54839,0x50995f97f63f8ec9a131272269f1388d88a03990,0.006782810089372330,Direct,address,address
0x6f4c3cae9d0923a6c928aa9579723b648e26e84f9cb5aed23c38d91deffcc012,25198763,1780030487,0x3bf21733e11dcd57e97d60012af268c27de54839,0x0000000000000000000000000000000000000000,0.000003441048933000,Gas,address,address
0x711b00f945a786dde2b838091844aa5cc1f1ce445907a39464db7630361a69b1,25198763,1780030487,0xa37eaed2aba7be8e83e2f419fb2094093886d90a,0x50995f97f63f8ec9a131272269f1388d88a03990,0.014462981842785020,Direct,address,address
0x711b00f945a786dde2b838091844aa5cc1f1ce445907a39464db7630361a69b1,25198763,1780030487,0xa37eaed2aba7be8e83e2f419fb2094093886d90a,0x0000000000000000000000000000000000000000,0.000003441048933000,Gas,address,address
0x7364e015aac2c28efd90072a57cb17cb1f4bf49ac6819c8b66bef3182ae7e922,25198763,1780030487,0x90f42785e6524ac4e94444599f6435a5f45b83cc,0x50995f97f63f8ec9a131272269f1388d88a03990,0.012734588439077368,Direct,address,address
0x7364e015aac2c28efd90072a57cb17cb1f4bf49ac6819c8b66bef3182ae7e922,25198763,1780030487,0x90f42785e6524ac4e94444599f6435a5f45b83cc,0x0000000000000000000000000000000000000000,0.000003441048933000,Gas,address,address
0x7a76ba40f241fc29c0b2e8b79ada0cd350eac92c78749bdd7886627131dc08c4,25198763,1780030487,0xe3f81b0c4e0302e9e87563ee1ba165913c07fbb3,0x50995f97f63f8ec9a131272269f1388d88a03990,0.006773698793304194,Direct,address,address
0x7a76ba40f241fc29c0b2e8b79ada0cd350eac92c78749bdd7886627131dc08c4,25198763,1780030487,0xe3f81b0c4e0302e9e87563ee1ba165913c07fbb3,0x0000000000000000000000000000000000000000,0.000003441048933000,Gas,address,address
0x81240c042986a7494a28b4bc8e3acf4caa5d295c23cdd37e53e89c7cedf26738,25198763,1780030487,0xba82d820ca5878d29ae32cae6ce0ddab1617cf49,0x50995f97f63f8ec9a131272269f1388d88a03990,0.009593672195218896,Direct,address,address
0x81240c042986a7494a28b4bc8e3acf4caa5d295c23cdd37e53e89c7cedf26738,25198763,1780030487,0xba82d820ca5878d29ae32cae6ce0ddab1617cf49,0x0000000000000000000000000000000000000000,0.000003441048933000,Gas,address,address
0x835f57f05d4a2e1c42cb73a011c7db9cada05e8e34e212f08987c24801656c1b,25198763,1780030487,0x263161a729d0961a3165ef61afa7f31cd8018cee,0x50995f97f63f8ec9a131272269f1388d88a03990,0.005704682910841438,Direct,address,address
0x835f57f05d4a2e1c42cb73a011c7db9cada05e8e34e212f08987c24801656c1b,25198763,1780030487,0x263161a729d0961a3165ef61afa7f31cd8018cee,0x0000000000000000000000000000000000000000,0.000003441048933000,Gas,address,address
0x86098d4bbf76e217b42ffc037795bc1679b84908a9e5518db2e2c4bac4a56843,25198763,1780030487,0x4454614f1e53079acc13220f56c98da7a2fb74fe,0x50995f97f63f8ec9a131272269f1388d88a03990,0.010651942636676697,Direct,address,address
0x86098d4bbf76e217b42ffc037795bc1679b84908a9e5518db2e2c4bac4a56843,25198763,1780030487,0x4454614f1e53079acc13220f56c98da7a2fb74fe,0x0000000000000000000000000000000000000000,0.000003441048933000,Gas,address,address
0x885ac0207a9940f4f15ef79308ee85c97f4bfe5b4b5e2fa9d73d133c5d452bca,25198763,1780030487,0x3e517d5e32fd6808a169e8b47479609d2a713084,0x50995f97f63f8ec9a131272269f1388d88a03990,0.003128455977982275,Direct,address,address
0x885ac0207a9940f4f15ef79308ee85c97f4bfe5b4b5e2fa9d73d133c5d452bca,25198763,1780030487,0x3e517d5e32fd6808a169e8b47479609d2a713084,0x0000000000000000000000000000000000000000,0.000003441048933000,Gas,address,address
0x8b9867c79413880f4d503502236e408277cc9b02d4eddd6d799b8b65f89c07e8,25198763,1780030487,0x8343d9c79116936275c41d262dc109969297eee7,0x50995f97f63f8ec9a131272269f1388d88a03990,0.008799919492490659,Direct,address,address
0x8b9867c79413880f4d503502236e408277cc9b02d4eddd6d799b8b65f89c07e8,25198763,1780030487,0x8343d9c79116936275c41d262dc109969297eee7,0x0000000000000000000000000000000000000000,0.000003441048933000,Gas,address,address
0x8ba0068fc0ef59c4a1780536d814c835d7adf25917525d0e58f653248f31a705,25198763,1780030487,0x10929a535625d921fbff72480142dea0184be50e,0x50995f97f63f8ec9a131272269f1388d88a03990,0.013990644397817088,Direct,address,address
0x8ba0068fc0ef59c4a1780536d814c835d7adf25917525d0e58f653248f31a705,25198763,1780030487,0x10929a535625d921fbff72480142dea0184be50e,0x0000000000000000000000000000000000000000,0.000003441048933000,Gas,address,address
0x90b0dd0611f27d7c5a906bfeeec5e851950b30a947bc4cf7681c4e5bb335e92d,25198763,1780030487,0x5355c7c2bb2e49945537beaabbaff57ad2e9b224,0x50995f97f63f8ec9a131272269f1388d88a03990,0.010608401598325323,Direct,address,address
0x90b0dd0611f27d7c5a906bfeeec5e851950b30a947bc4cf7681c4e5bb335e92d,25198763,1780030487,0x5355c7c2bb2e49945537beaabbaff57ad2e9b224,0x0000000000000000000000000000000000000000,0.000003441048933000,Gas,address,address
0x92eb856963f77fb2753c82cb961dc55fabf0ecec1d8d9967dce27e1e3e24977e,25198763,1780030487,0x2f1a91f603a082c6f64e0ad8925cf918c5c491f0,0x50995f97f63f8ec9a131272269f1388d88a03990,0.003769730734508461,Direct,address,address
0x92eb856963f77fb2753c82cb961dc55fabf0ecec1d8d9967dce27e1e3e24977e,25198763,1780030487,0x2f1a91f603a082c6f64e0ad8925cf918c5c491f0,0x0000000000000000000000000000000000000000,0.000003441048933000,Gas,address,address
0x94450aa5c05023d38c6054f7a3f1a27cc75734f9046e6c4de16d9d54f857cf7a,25198763,1780030487,0xb64acede994b71a3d43a5af7db8b5a830cbcaa9a,0x50995f97f63f8ec9a131272269f1388d88a03990,0.024429204010080485,Direct,address,address
0x94450aa5c05023d38c6054f7a3f1a27cc75734f9046e6c4de16d9d54f857cf7a,25198763,1780030487,0xb64acede994b71a3d43a5af7db8b5a830cbcaa9a,0x0000000000000000000000000000000000000000,0.000003441048933000,Gas,address,address
0x9538b6f1eed6e192ddb3e9dd05636884f45b9abc32c7ce578a392b7c22dfc8db,25198763,1780030487,0x870a8213faf15d366677de6fa8aed31cd2154a87,0x50995f97f63f8ec9a131272269f1388d88a03990,0.006171662991668953,Direct,address,address
0x9538b6f1eed6e192ddb3e9dd05636884f45b9abc32c7ce578a392b7c22dfc8db,25198763,1780030487,0x870a8213faf15d366677de6fa8aed31cd2154a87,0x0000000000000000000000000000000000000000,0.000003441048933000,Gas,address,address
0x969b9c63f988d81af2596009feec4e2fd1d7f57110dc4d57ad6e53668b6abeb4,25198763,1780030487,0xa18d64318ddf90d2c08c96acb0210467fc787478,0x50995f97f63f8ec9a131272269f1388d88a03990,0.011195091727924081,Direct,address,address
0x969b9c63f988d81af2596009feec4e2fd1d7f57110dc4d57ad6e53668b6abeb4,25198763,1780030487,0xa18d64318ddf90d2c08c96acb0210467fc787478,0x0000000000000000000000000000000000000000,0.000003441048933000,Gas,address,address
0x994894805fcedf81e5b819a67e78024ac6d3798264734a4715ed564b2d048525,25198763,1780030487,0xbc8a46c29a79250bee25f77b8475804a1650a8e3,0x50995f97f63f8ec9a131272269f1388d88a03990,0.003924504243019243,Direct,address,address
0x994894805fcedf81e5b819a67e78024ac6d3798264734a4715ed564b2d048525,25198763,1780030487,0xbc8a46c29a79250bee25f77b8475804a1650a8e3,0x0000000000000000000000000000000000000000,0.000003441048933000,Gas,address,address
0x99fd34d0ab3467a358c4feab3fe67a7a05c60501eab1ec88385b2630372b1a08,25198763,1780030487,0x7c5a0f138ba96b7132f6befe9f79cf4796f06a92,0x50995f97f63f8ec9a131272269f1388d88a03990,0.005813797696667195,Direct,address,address
0x99fd34d0ab3467a358c4feab3fe67a7a05c60501eab1ec88385b2630372b1a08,25198763,1780030487,0x7c5a0f138ba96b7132f6befe9f79cf4796f06a92,0x0000000000000000000000000000000000000000,0.000003441048933000,Gas,address,address
0xa5d1bb9d68f8a8825e82c197d8408565f097dc3638a94b47ace74e2d747a0df5,25198763,1780030487,0xe635e0d567fe83ac4cba2902a6448f9f9889b2fd,0x50995f97f63f8ec9a131272269f1388d88a03990,0.010900122316878596,Direct,address,address
0xa5d1bb9d68f8a8825e82c197d8408565f097dc3638a94b47ace74e2d747a0df5,25198763,1780030487,0xe635e0d567fe83ac4cba2902a6448f9f9889b2fd,0x0000000000000000000000000000000000000000,0.000003441048933000,Gas,address,address
0xa6f998ea063979b4fe2907a64cd16ebfd8f56d38b48db1f3e7ed3cd48803d1db,25198763,1780030487,0xfde8ca90a0e648ba896b8a4d0f579c36c373fdd3,0x50995f97f63f8ec9a131272269f1388d88a03990,0.007618588953746315,Direct,address,address
0xa6f998ea063979b4fe2907a64cd16ebfd8f56d38b48db1f3e7ed3cd48803d1db,25198763,1780030487,0xfde8ca90a0e648ba896b8a4d0f579c36c373fdd3,0x0000000000000000000000000000000000000000,0.000003441048933000,Gas,address,address
0xadaf33d1f9530163bdc65393572a2657e0004f0ff3b63cbbc9072874a9e45cbe,25198763,1780030487,0x20323dbb5ef6c976743e3bff6e6e0123a427a2cf,0x50995f97f63f8ec9a131272269f1388d88a03990,0.010827569606970755,Direct,address,address
0xadaf33d1f9530163bdc65393572a2657e0004f0ff3b63cbbc9072874a9e45cbe,25198763,1780030487,0x20323dbb5ef6c976743e3bff6e6e0123a427a2cf,0x0000000000000000000000000000000000000000,0.000003441048933000,Gas,address,address
0xb04a9e720325cdd32f748a4c2a2afaa6796e3578943dfbc27ccdf51b9876fc93,25198763,1780030487,0xe12af9854d77ee2463e84966bb4b18b5dd31c20a,0x50995f97f63f8ec9a131272269f1388d88a03990,0.003303947367392208,Direct,address,address
0xb04a9e720325cdd32f748a4c2a2afaa6796e3578943dfbc27ccdf51b9876fc93,25198763,1780030487,0xe12af9854d77ee2463e84966bb4b18b5dd31c20a,0x0000000000000000000000000000000000000000,0.000003441048933000,Gas,address,address
0xb4a68e3af5d849e093ec570eb61be248062a9a1fe19aecf7163e22f566159535,25198763,1780030487,0xe632ab5fac6661e9feb0a60a460bb1f836653e24,0x50995f97f63f8ec9a131272269f1388d88a03990,0.012898373824137978,Direct,address,address
0xb4a68e3af5d849e093ec570eb61be248062a9a1fe19aecf7163e22f566159535,25198763,1780030487,0xe632ab5fac6661e9feb0a60a460bb1f836653e24,0x0000000000000000000000000000000000000000,0.000003441048933000,Gas,address,address
0xb50cd0b6c6e8c5227566f8816eeb77413b34d5e88918d0af06c80f8107c8ef44,25198763,1780030487,0xdb7f5bb0d3815862a77330d3056690fd01b6341f,0x50995f97f63f8ec9a131272269f1388d88a03990,0.014961743278605768,Direct,address,address
0xb50cd0b6c6e8c5227566f8816eeb77413b34d5e88918d0af06c80f8107c8ef44,25198763,1780030487,0xdb7f5bb0d3815862a77330d3056690fd01b6341f,0x0000000000000000000000000000000000000000,0.000003441048933000,Gas,address,address
0xb829ec110245e2403f223a508d44d34df5905012b0a369e3a039019877900825,25198763,1780030487,0x71fbaccdcd43cdab9161fe92a8359f90cf0e2905,0x50995f97f63f8ec9a131272269f1388d88a03990,0.020922051392878682,Direct,address,address
0xb829ec110245e2403f223a508d44d34df5905012b0a369e3a039019877900825,25198763,1780030487,0x71fbaccdcd43cdab9161fe92a8359f90cf0e2905,0x0000000000000000000000000000000000000000,0.000003441048933000,Gas,address,address
0xb8885d3499c04873a7c77e0de1e07345493763459cd5dbc3ee14748dae63e04c,25198763,1780030487,0x596a5e9b117a3d7b21e0f77ff4431c4d1770f494,0x50995f97f63f8ec9a131272269f1388d88a03990,0.005290519374608766,Direct,address,address
0xb8885d3499c04873a7c77e0de1e07345493763459cd5dbc3ee14748dae63e04c,25198763,1780030487,0x596a5e9b117a3d7b21e0f77ff4431c4d1770f494,0x0000000000000000000000000000000000000000,0.000003441048933000,Gas,address,address
0xc3f80ed93470ddff1cc58742ad732f49b51314aff2c1858f10184380344a8c63,25198763,1780030487,0x6e659b2f0caccb0c5d642c87b300d7efc367454b,0x50995f97f63f8ec9a131272269f1388d88a03990,0.017416781622753261,Direct,address,address
0xc3f80ed93470ddff1cc58742ad732f49b51314aff2c1858f10184380344a8c63,25198763,1780030487,0x6e659b2f0caccb0c5d642c87b300d7efc367454b,0x0000000000000000000000000000000000000000,0.000003441048933000,Gas,address,address
0xc607722778e09af2234f8556f1fcafed6dbdaf246f84f62c1ce75a3c043947cb,25198763,1780030487,0xc1e67fd3c3ebff35e87a76fc9e7c4598ed2fdf79,0x50995f97f63f8ec9a131272269f1388d88a03990,0.015901770871492946,Direct,address,address
0xc607722778e09af2234f8556f1fcafed6dbdaf246f84f62c1ce75a3c043947cb,25198763,1780030487,0xc1e67fd3c3ebff35e87a76fc9e7c4598ed2fdf79,0x0000000000000000000000000000000000000000,0.000003441048933000,Gas,address,address
0xcfe58b9809eadf29655ec493806dfff4345d5a9534b7a7591cad021b57b081e1,25198763,1780030487,0xce0e56416d5e8bd78c9dc305f6fc05b5715111c8,0x50995f97f63f8ec9a131272269f1388d88a03990,0.025109712044895299,Direct,address,address
0xcfe58b9809eadf29655ec493806dfff4345d5a9534b7a7591cad021b57b081e1,25198763,1780030487,0xce0e56416d5e8bd78c9dc305f6fc05b5715111c8,0x0000000000000000000000000000000000000000,0.000003441048933000,Gas,address,address
0xd3cab2cc730eb4e4f43da521c6739cf080bf8187bb656930b81850d6145a5ac4,25198763,1780030487,0x750819c35800a9acdf9a800212202ddb100af5db,0x50995f97f63f8ec9a131272269f1388d88a03990,0.022129633714162440,Direct,address,address
0xd3cab2cc730eb4e4f43da521c6739cf080bf8187bb656930b81850d6145a5ac4,25198763,1780030487,0x750819c35800a9acdf9a800212202ddb100af5db,0x0000000000000000000000000000000000000000,0.000003441048933000,Gas,address,address
0xdc2eaf45a447179306e76343880184c104e3c894bfa69579a284a0471fbc68de,25198763,1780030487,0x257cda2f9dabd296a9a7fc9065103c7972f4b943,0x50995f97f63f8ec9a131272269f1388d88a03990,0.009195417832360806,Direct,address,address
0xdc2eaf45a447179306e76343880184c104e3c894bfa69579a284a0471fbc68de,25198763,1780030487,0x257cda2f9dabd296a9a7fc9065103c7972f4b943,0x0000000000000000000000000000000000000000,0.000003441048933000,Gas,address,address
0xdc5351fcde295c50e9a0d121878ca48f0821bfa117ffee0738ce30c227934d1d,25198763,1780030487,0x4ba861d765cbb027d0c66aca2a5581f90f9b6f80,0x50995f97f63f8ec9a131272269f1388d88a03990,0.017556686646828461,Direct,address,address
0xdc5351fcde295c50e9a0d121878ca48f0821bfa117ffee0738ce30c227934d1d,25198763,1780030487,0x4ba861d765cbb027d0c66aca2a5581f90f9b6f80,0x0000000000000000000000000000000000000000,0.000003441048933000,Gas,address,address
0xe0556d967be06505cbe2afa40e3233449405b90415f1613f4d5780f6295af92a,25198763,1780030487,0x7a1de418ef3682c1cd451fcfc3a170450c5561f9,0x50995f97f63f8ec9a131272269f1388d88a03990,0.014333522482391363,Direct,address,address
0xe0556d967be06505cbe2afa40e3233449405b90415f1613f4d5780f6295af92a,25198763,1780030487,0x7a1de418ef3682c1cd451fcfc3a170450c5561f9,0x0000000000000000000000000000000000000000,0.000003441048933000,Gas,address,address
0xe19ca4350f1c19a6992a4ff35ae9c1096a454c2a330f27fe30ac7b0bd9f97e30,25198763,1780030487,0xff5202ecf522699226d19ecc0881532722106ccd,0x50995f97f63f8ec9a131272269f1388d88a03990,0.009606743928195140,Direct,address,address
0xe19ca4350f1c19a6992a4ff35ae9c1096a454c2a330f27fe30ac7b0bd9f97e30,25198763,1780030487,0xff5202ecf522699226d19ecc0881532722106ccd,0x0000000000000000000000000000000000000000,0.000003441048933000,Gas,address,address
0xe6d776464997a57ee43e15c932c612baa9368158976ca0dbb8ff88284d92b508,25198763,1780030487,0x7a0fec301682758cce8aa6a9d1ce9196bde16052,0x50995f97f63f8ec9a131272269f1388d88a03990,0.011295892192544064,Direct,address,address
0xe6d776464997a57ee43e15c932c612baa9368158976ca0dbb8ff88284d92b508,25198763,1780030487,0x7a0fec301682758cce8aa6a9d1ce9196bde16052,0x0000000000000000000000000000000000000000,0.000003441048933000,Gas,address,address
0xe8f59fef2429e8704703aa8e642fed736d6519ce7afa90582efa21fda6127bde,25198763,1780030487,0xefafec41e93c5b4f68981c4625dc5755ba3cf766,0x50995f97f63f8ec9a131272269f1388d88a03990,0.006552343854107099,Direct,address,address
0xe8f59fef2429e8704703aa8e642fed736d6519ce7afa90582efa21fda6127bde,25198763,1780030487,0xefafec41e93c5b4f68981c4625dc5755ba3cf766,0x0000000000000000000000000000000000000000,0.000003441048933000,Gas,address,address
0xec79c3c5b94470bd23ec2b0e149244697f87a0f2594a3494d6b1a80e4fb71862,25198763,1780030487,0xa8b78f6ebf220c1d7498236260316831624ac232,0x50995f97f63f8ec9a131272269f1388d88a03990,0.010582932127176202,Direct,address,address
0xec79c3c5b94470bd23ec2b0e149244697f87a0f2594a3494d6b1a80e4fb71862,25198763,1780030487,0xa8b78f6ebf220c1d7498236260316831624ac232,0x0000000000000000000000000000000000000000,0.000003441048933000,Gas,address,address
0xeea647b8129540f7ab7ae73d6bdfd1e5ca735cfc66b785d67dab1248f33c7d2c,25198763,1780030487,0x7fce3e6b828ee24ac69d0027e8eca33c77a22009,0x50995f97f63f8ec9a131272269f1388d88a03990,0.026958372303882996,Direct,address,address
0xeea647b8129540f7ab7ae73d6bdfd1e5ca735cfc66b785d67dab1248f33c7d2c,25198763,1780030487,0x7fce3e6b828ee24ac69d0027e8eca33c77a22009,0x0000000000000000000000000000000000000000,0.000003441048933000,Gas,address,address
0xf47671127acb4a01deb04e9163cba83826e148611abb3a446ef77ed6148939f4,25198763,1780030487,0x7f3d829e5076c3662c1e71170729f0d7bbafed3e,0x50995f97f63f8ec9a131272269f1388d88a03990,0.010363170541961821,Direct,address,address
0xf47671127acb4a01deb04e9163cba83826e148611abb3a446ef77ed6148939f4,25198763,1780030487,0x7f3d829e5076c3662c1e71170729f0d7bbafed3e,0x0000000000000000000000000000000000000000,0.000003441048933000,Gas,address,address
0xfae62bdaa9a7a8044654abf41da278f7d2b94dc7f6641b446297e61010f98ed5,25198763,1780030487,0xcbb3baa593bea0f5c3509bf612422d6f1abb926c,0x50995f97f63f8ec9a131272269f1388d88a03990,0.005951346644524147,Direct,address,address
0xfae62bdaa9a7a8044654abf41da278f7d2b94dc7f6641b446297e61010f98ed5,25198763,1780030487,0xcbb3baa593bea0f5c3509bf612422d6f1abb926c,0x0000000000000000000000000000000000000000,0.000003441048933000,Gas,address,address
0x16bd7d0c3a0693b9062f89fd0182911123c1bd7ae00104ebc2f73adc38e1c6b3,25199079,1780034303,0x9ec2f5e65548f87e107aa61bec0a4c13ce6ba663,0x0000000000000000000000000000000000000000,0.000128225710392660,Gas,address,address
0x414ac74d7786cdf366cb33cd5b1e7f17a7f3bbed89a8348bff1dd40371a7cab5,25199079,1780034303,0x9ec2f5e65548f87e107aa61bec0a4c13ce6ba663,0x0000000000000000000000000000000000000000,0.000032962724538500,Gas,address,address
0x5f42dc91b4346616b0019a17063d5c3c0975514f7479a2b36466e96403fd2ba6,25199202,1780035779,0x4d8b6d3723d8df7370e3d10d30fe5d4daede234a,0x4313c378cc91ea583c91387b9216e2c03096b27f,0.100000000000000006,Direct,address,address
0x5f42dc91b4346616b0019a17063d5c3c0975514f7479a2b36466e96403fd2ba6,25199202,1780035779,0x4d8b6d3723d8df7370e3d10d30fe5d4daede234a,0x0000000000000000000000000000000000000000,0.001188330266743536,Gas,address,address
0x9293b950243f86f3410085a45ee30d9ee81093df2b149f21acfaeed8b11d8efe,25199371,1780037807,0x4d8b6d3723d8df7370e3d10d30fe5d4daede234a,0x4313c378cc91ea583c91387b9216e2c03096b27f,0.050000000000000003,Direct,address,address
0x9293b950243f86f3410085a45ee30d9ee81093df2b149f21acfaeed8b11d8efe,25199371,1780037807,0x4d8b6d3723d8df7370e3d10d30fe5d4daede234a,0x0000000000000000000000000000000000000000,0.000964986286756320,Gas,address,address
0x058a24b0fc63156c3a663626183377546cd5ced8edc6fa22d56fc32e2d589f31,25199558,1780040063,0x4d8b6d3723d8df7370e3d10d30fe5d4daede234a,0x0000000000000000000000000000000000000000,0.000234222215347383,Gas,address,address
0x5138a5d731b092de82cb97ac8bb240aae02b518b998f92ace64c649ceb94c4c3,25199558,1780040063,0x4d8b6d3723d8df7370e3d10d30fe5d4daede234a,0x0000000000000000000000000000000000000000,0.000031047434028078,Gas,address,address
0xd98b7aa509657af5fe5b53bfb0f98a0c675f783f52ac294d79e44d1859b6ff93,25199907,1780044263,0x9ec2f5e65548f87e107aa61bec0a4c13ce6ba663,0x99c164d49bc9efef84cccfc0cf84baf4507685f5,0.699999999999999956,Direct,address,address
0xd98b7aa509657af5fe5b53bfb0f98a0c675f783f52ac294d79e44d1859b6ff93,25199907,1780044263,0x9ec2f5e65548f87e107aa61bec0a4c13ce6ba663,0x0000000000000000000000000000000000000000,0.000005623270611000,Gas,address,address
0xb595df4555755285a37711f30a42f60d3e2c265c9e0f6e526035aeb4e7ba8836,25199909,1780044287,0x99c1cc5508939cb7bdc64394ae905a9d4afa85f5,0x9ec2f5e65548f87e107aa61bec0a4c13ce6ba663,0.000000001000000000,Direct,address,address
0x7299ce4c75abee2753c2eeed872baaafa75ff0163807c9e1497ba7a93e8fbc16,25199915,1780044359,0x99c1cc5508939cb7bdc64394ae905a9d4afa85f5,0x9ec2f5e65548f87e107aa61bec0a4c13ce6ba663,0.000000001000000000,Direct,address,address
0xdc5a10dec612a41710bf7690765ac042334f758eb9d99311bf3bea8cbb5a7dd7,25200559,1780052123,0x4d8b6d3723d8df7370e3d10d30fe5d4daede234a,0x4313c378cc91ea583c91387b9216e2c03096b27f,0.050000000000000003,Direct,address,address
0xdc5a10dec612a41710bf7690765ac042334f758eb9d99311bf3bea8cbb5a7dd7,25200559,1780052123,0x4d8b6d3723d8df7370e3d10d30fe5d4daede234a,0x0000000000000000000000000000000000000000,0.000538387958564710,Gas,address,address
0x9fe59336ce3dbbe8f0c611d5c5c517bd638699f151d0cb824317e271858ca671,25200565,1780052195,0x4d8b6d3723d8df7370e3d10d30fe5d4daede234a,0x4313c378cc91ea583c91387b9216e2c03096b27f,0.050000000000000003,Direct,address,address
0x9fe59336ce3dbbe8f0c611d5c5c517bd638699f151d0cb824317e271858ca671,25200565,1780052195,0x4d8b6d3723d8df7370e3d10d30fe5d4daede234a,0x0000000000000000000000000000000000000000,0.000528205629875650,Gas,address,address
0x4020240bfc9203cb45f90442f1cf8927e8ecce56ebdcf8c2cd81b5713bcd7a9d,25200570,1780052255,0x4d8b6d3723d8df7370e3d10d30fe5d4daede234a,0x0000000000000000000000000000000000000000,0.000244049291325048,Gas,address,address
0x5b511c46734f04b0075ac087fefb47dfb75be0a2f1a03d6056df852348371a5d,25200572,1780052279,0x4d8b6d3723d8df7370e3d10d30fe5d4daede234a,0x0000000000000000000000000000000000000000,0.000244331302033204,Gas,address,address
0xa23ebd4adaa8ced10f9fce8664cd4549e26cfe0dfde33422c6fb4e2a495d523a,25200658,1780053311,0x4d8b6d3723d8df7370e3d10d30fe5d4daede234a,0x0000000000000000000000000000000000000000,0.000034785273941248,Gas,address,address
0xa762ad3ccbd101cbbaafb7f072a52740d40afb58631c96144086b71594901354,25200658,1780053311,0x4d8b6d3723d8df7370e3d10d30fe5d4daede234a,0x0000000000000000000000000000000000000000,0.000140318459477344,Gas,address,address
0xf1b29af14248f84d63e7558d9cbbb5ca43685cc554d38e262c081704e4e05fa9,25200664,1780053395,0x9ec2f5e65548f87e107aa61bec0a4c13ce6ba663,0x4313c378cc91ea583c91387b9216e2c03096b27f,0.029999999999999999,Direct,address,address
0xf1b29af14248f84d63e7558d9cbbb5ca43685cc554d38e262c081704e4e05fa9,25200664,1780053395,0x9ec2f5e65548f87e107aa61bec0a4c13ce6ba663,0x0000000000000000000000000000000000000000,0.000181495273518950,Gas,address,address
0x198baf3914600b6783cca1f070ac2c704826967eb99a3df8dddd4761a1818545,25200805,1780055087,0x4d8b6d3723d8df7370e3d10d30fe5d4daede234a,0x4313c378cc91ea583c91387b9216e2c03096b27f,0.020000000000000000,Direct,address,address
0x198baf3914600b6783cca1f070ac2c704826967eb99a3df8dddd4761a1818545,25200805,1780055087,0x4d8b6d3723d8df7370e3d10d30fe5d4daede234a,0x0000000000000000000000000000000000000000,0.000659421245723910,Gas,address,address
0x07a2c0b8e891b62e3f6d6c3c9298a93807532fb70ebc87498fac98f1b1ed5ba1,25200843,1780055543,0x9ec2f5e65548f87e107aa61bec0a4c13ce6ba663,0x0000000000000000000000000000000000000000,0.000033102012790062,Gas,address,address
0x35e78d7956606eee7e7f254daf4790bc7efc2a1eabd41b133140bce1eaf8bd84,25200843,1780055543,0x9ec2f5e65548f87e107aa61bec0a4c13ce6ba663,0x0000000000000000000000000000000000000000,0.000471449766179076,Gas,address,address
0x4bf23c3b792f6ce0bb04d7cbbf3287ec7697399e14c08bdb3e96ce84f6c70db8,25201252,1780060487,0x4d8b6d3723d8df7370e3d10d30fe5d4daede234a,0x0000000000000000000000000000000000000000,0.000038218782780515,Gas,address,address
0x8563930c6331b147f6820238d0d3fde9d64ec5780bd043569d2988a08b22daba,25201252,1780060487,0x4d8b6d3723d8df7370e3d10d30fe5d4daede234a,0x0000000000000000000000000000000000000000,0.000193174604516465,Gas,address,address
0xdc0d7d88a87b3f6cc8b993a4a642092423cc9a220d94afe3cd006ab80e248c1d,25201252,1780060487,0xee5a7a26f0345086c48da6886253296c4d5f6f7a,0xcbb3baa593bea0f5c3509bf612422d6f1abb926c,0.000100000000000000,Direct,address,address
0xaeccaed9cf693ee96d50bca37a94a101d38cdbbdfad0f057f50aebdbdf723e8c,25201253,1780060499,0xee5a7a26f0345086c48da6886253296c4d5f6f7a,0x596a5e9b117a3d7b21e0f77ff4431c4d1770f494,0.000100000000000000,Direct,address,address
0xe565acbb4b4ce881a0d091602712acecef4c057e6dbe07678d363f9b00624de4,25201297,1780061027,0x9ec2f5e65548f87e107aa61bec0a4c13ce6ba663,0x0000000000000000000000000000000000000000,0.000038865546501487,Gas,address,address
0xf119c5ed7848e4e6f9bda54f4f29a521fd527116a52f88175292cd8f640103a0,25201297,1780061027,0x9ec2f5e65548f87e107aa61bec0a4c13ce6ba663,0x0000000000000000000000000000000000000000,0.000201418450925881,Gas,address,address
0x0253b1f452db15a15abb7bc2052e9eeac869a147a13ed328e0b15c9cde422505,25201329,1780061411,0x4d8b6d3723d8df7370e3d10d30fe5d4daede234a,0x4313c378cc91ea583c91387b9216e2c03096b27f,0.050000000000000003,Direct,address,address
0x0253b1f452db15a15abb7bc2052e9eeac869a147a13ed328e0b15c9cde422505,25201329,1780061411,0x4d8b6d3723d8df7370e3d10d30fe5d4daede234a,0x0000000000000000000000000000000000000000,0.000472832742457647,Gas,address,address
0x1854d9e0d53c6d27a0956cdd82408c1cab67c74bfa443c9c22d181aa8b08669b,25201337,1780061507,0x4d8b6d3723d8df7370e3d10d30fe5d4daede234a,0x4313c378cc91ea583c91387b9216e2c03096b27f,0.050000000000000003,Direct,address,address
0x1854d9e0d53c6d27a0956cdd82408c1cab67c74bfa443c9c22d181aa8b08669b,25201337,1780061507,0x4d8b6d3723d8df7370e3d10d30fe5d4daede234a,0x0000000000000000000000000000000000000000,0.000562627697253525,Gas,address,address
0x2d339297274027913563d6113bc95bba1fe188c71f677c6acd33a6ae46dfbb90,25201388,1780062119,0xf7b096deccabc81290c7666e15f838bf90d4fd00,0x3328f7f4a1d1c57c35df56bbf0c9dcafca309c49,0.088947907631444251,Direct,address,address
0x2d339297274027913563d6113bc95bba1fe188c71f677c6acd33a6ae46dfbb90,25201388,1780062119,0xf7b096deccabc81290c7666e15f838bf90d4fd00,0x0000000000000000000000000000000000000000,0.000054173622088872,Gas,address,address
0x58c2e67fc600ec84687ef9602bc2815d9c3accfd25a80916de4308942b28f2bc,25201388,1780062119,0x870a8213faf15d366677de6fa8aed31cd2154a87,0x7a250d5630b4cf539739df2c5dacb4c659f2488d,0.063573433773915028,Direct,address,address
0x58c2e67fc600ec84687ef9602bc2815d9c3accfd25a80916de4308942b28f2bc,25201388,1780062119,0x870a8213faf15d366677de6fa8aed31cd2154a87,0x0000000000000000000000000000000000000000,0.000044917510076604,Gas,address,address
0x71e63e799b3ce6da4c7b55c62f7073420fd9eefc238d4bf64079b0f610696007,25201388,1780062119,0xa18d64318ddf90d2c08c96acb0210467fc787478,0x3328f7f4a1d1c57c35df56bbf0c9dcafca309c49,0.018477275852606969,Direct,address,address
0x71e63e799b3ce6da4c7b55c62f7073420fd9eefc238d4bf64079b0f610696007,25201388,1780062119,0xa18d64318ddf90d2c08c96acb0210467fc787478,0x0000000000000000000000000000000000000000,0.000050868796986216,Gas,address,address
0x7377938b14dccfac39e067565bb0d5c604da5c2ed126a670f6ee98a564038269,25201388,1780062119,0x4d8b6d3723d8df7370e3d10d30fe5d4daede234a,0x0000000000000000000000000000000000000000,0.008220999999999999,Gas,address,address
0xa2f656878452b5e5b0d2c92af9c8b4c8e1fc49c03fa302f16a6dce9b9c8a2dd9,25201388,1780062119,0x4d8b6d3723d8df7370e3d10d30fe5d4daede234a,0x0000000000000000000000000000000000000000,0.002458300000000000,Gas,address,address
0x0cf1c9dd8b5b30550ef763b39dabc04bd93b6b9a857b7effbbe06e6de4ff8e40,25201390,1780062143,0x8343d9c79116936275c41d262dc109969297eee7,0x3328f7f4a1d1c57c35df56bbf0c9dcafca309c49,0.029999999999999999,Direct,address,address
0x0cf1c9dd8b5b30550ef763b39dabc04bd93b6b9a857b7effbbe06e6de4ff8e40,25201390,1780062143,0x8343d9c79116936275c41d262dc109969297eee7,0x0000000000000000000000000000000000000000,0.000058137772739046,Gas,address,address
0x1177dd433d73e173a56b7a496ac64ece76a97ff3e56ba868b023d66f28820030,25201390,1780062143,0x7fce3e6b828ee24ac69d0027e8eca33c77a22009,0x7a250d5630b4cf539739df2c5dacb4c659f2488d,0.050000000000000003,Direct,address,address
0x1177dd433d73e173a56b7a496ac64ece76a97ff3e56ba868b023d66f28820030,25201390,1780062143,0x7fce3e6b828ee24ac69d0027e8eca33c77a22009,0x0000000000000000000000000000000000000000,0.000048200259430141,Gas,address,address
0x1683e44c9a178c9d88169893581e8fd2c662c7ed9c06df9f7dc2c8405064ce70,25201393,1780062179,0xdb7f5bb0d3815862a77330d3056690fd01b6341f,0x3328f7f4a1d1c57c35df56bbf0c9dcafca309c49,0.032926220546431725,Direct,address,address
0x1683e44c9a178c9d88169893581e8fd2c662c7ed9c06df9f7dc2c8405064ce70,25201393,1780062179,0xdb7f5bb0d3815862a77330d3056690fd01b6341f,0x0000000000000000000000000000000000000000,0.000059409399907572,Gas,address,address
0xe363b5a7dc25fbf6c987e8e9a31d52dfc4b07d8408ebe8696db79305308f6288,25201393,1780062179,0xc1e67fd3c3ebff35e87a76fc9e7c4598ed2fdf79,0x3328f7f4a1d1c57c35df56bbf0c9dcafca309c49,0.022993736808194973,Direct,address,address
0xe363b5a7dc25fbf6c987e8e9a31d52dfc4b07d8408ebe8696db79305308f6288,25201393,1780062179,0xc1e67fd3c3ebff35e87a76fc9e7c4598ed2fdf79,0x0000000000000000000000000000000000000000,0.000055785169727316,Gas,address,address
0x2141aac0eff48ef8b5a6c8452585b96da2c7d0a8f5ba06e36ec987990fefecfc,25201396,1780062215,0xe635e0d567fe83ac4cba2902a6448f9f9889b2fd,0x3328f7f4a1d1c57c35df56bbf0c9dcafca309c49,0.037329828276548835,Direct,address,address
0x2141aac0eff48ef8b5a6c8452585b96da2c7d0a8f5ba06e36ec987990fefecfc,25201396,1780062215,0xe635e0d567fe83ac4cba2902a6448f9f9889b2fd,0x0000000000000000000000000000000000000000,0.000054136054086426,Gas,address,address
0x3827fbcd53709566a46b2ea05a80c8c9d98b30324bba78ef74a1a0ca2b08848c,25201396,1780062215,0xbc8a46c29a79250bee25f77b8475804a1650a8e3,0x3328f7f4a1d1c57c35df56bbf0c9dcafca309c49,0.064438190740265106,Direct,address,address
0x3827fbcd53709566a46b2ea05a80c8c9d98b30324bba78ef74a1a0ca2b08848c,25201396,1780062215,0xbc8a46c29a79250bee25f77b8475804a1650a8e3,0x0000000000000000000000000000000000000000,0.000054136054086426,Gas,address,address
0xc35cef6ed687ea6321cfc2e9370fd8364bc4cc3b2262fb80de19e9bb334f6aa9,25201396,1780062215,0x9ec2f5e65548f87e107aa61bec0a4c13ce6ba663,0x4313c378cc91ea583c91387b9216e2c03096b27f,0.020000000000000000,Direct,address,address
0xc35cef6ed687ea6321cfc2e9370fd8364bc4cc3b2262fb80de19e9bb334f6aa9,25201396,1780062215,0x9ec2f5e65548f87e107aa61bec0a4c13ce6ba663,0x0000000000000000000000000000000000000000,0.000253476130846095,Gas,address,address
0xf20fa5ce4bbc8caed51d281cd454ff02ed94feba004b03ad230f4bc4c9f8d6c5,25201396,1780062215,0x77b7fdf464ce43597d20608c0ef9865a4f4c7fa5,0x3328f7f4a1d1c57c35df56bbf0c9dcafca309c49,0.038401693418422950,Direct,address,address
0xf20fa5ce4bbc8caed51d281cd454ff02ed94feba004b03ad230f4bc4c9f8d6c5,25201396,1780062215,0x77b7fdf464ce43597d20608c0ef9865a4f4c7fa5,0x0000000000000000000000000000000000000000,0.000054136054086426,Gas,address,address
0x4810a8826a8bb3a92347994dffb97d4cafbd41674dfe05664d86371001f7db7b,25201397,1780062227,0xfde8ca90a0e648ba896b8a4d0f579c36c373fdd3,0x7a250d5630b4cf539739df2c5dacb4c659f2488d,0.099500000000000005,Direct,address,address
0x4810a8826a8bb3a92347994dffb97d4cafbd41674dfe05664d86371001f7db7b,25201397,1780062227,0xfde8ca90a0e648ba896b8a4d0f579c36c373fdd3,0x0000000000000000000000000000000000000000,0.000053652561583129,Gas,address,address
0x678b0bc353c268261cdfda1c6f14bd50a6b2afc0caa22bfda47aeb28eaa8fe78,25201397,1780062227,0x750819c35800a9acdf9a800212202ddb100af5db,0x3328f7f4a1d1c57c35df56bbf0c9dcafca309c49,0.080000000000000002,Direct,address,address
0x678b0bc353c268261cdfda1c6f14bd50a6b2afc0caa22bfda47aeb28eaa8fe78,25201397,1780062227,0x750819c35800a9acdf9a800212202ddb100af5db,0x0000000000000000000000000000000000000000,0.000060761187748566,Gas,address,address
0x000ffef86c7ea26ed19ea2dfb26725d351deb5eef3e18a9cf71b089c6746e2a2,25201400,1780062263,0xce0e56416d5e8bd78c9dc305f6fc05b5715111c8,0x7a250d5630b4cf539739df2c5dacb4c659f2488d,0.148499999999999993,Direct,address,address
0x000ffef86c7ea26ed19ea2dfb26725d351deb5eef3e18a9cf71b089c6746e2a2,25201400,1780062263,0xce0e56416d5e8bd78c9dc305f6fc05b5715111c8,0x0000000000000000000000000000000000000000,0.000057724977624691,Gas,address,address
0x7b8b76c970fc4a893838f2bc8b3d01de1743b3146f1fd5cc203862cdfae6a924,25201400,1780062263,0x2b28ab667f3a0efbb744ba310761eb0cf3046062,0x7a250d5630b4cf539739df2c5dacb4c659f2488d,0.068514482980991040,Direct,address,address
0x7b8b76c970fc4a893838f2bc8b3d01de1743b3146f1fd5cc203862cdfae6a924,25201400,1780062263,0x2b28ab667f3a0efbb744ba310761eb0cf3046062,0x0000000000000000000000000000000000000000,0.000057653410814397,Gas,address,address
0x801730280909a5c0e17d232f10ae2e673fd54350291a11944e0f9185d79461ae,25201400,1780062263,0xfde8ca90a0e648ba896b8a4d0f579c36c373fdd3,0x7a250d5630b4cf539739df2c5dacb4c659f2488d,0.038111902218901192,Direct,address,address
0x801730280909a5c0e17d232f10ae2e673fd54350291a11944e0f9185d79461ae,25201400,1780062263,0xfde8ca90a0e648ba896b8a4d0f579c36c373fdd3,0x0000000000000000000000000000000000000000,0.000050689503992097,Gas,address,address
0x821b2a33c8337d2f588311cdc32a038cb110cd9926e46b8fdd3b7d734183d200,25201400,1780062263,0x750819c35800a9acdf9a800212202ddb100af5db,0x7a250d5630b4cf539739df2c5dacb4c659f2488d,0.056404736907981874,Direct,address,address
0x821b2a33c8337d2f588311cdc32a038cb110cd9926e46b8fdd3b7d734183d200,25201400,1780062263,0x750819c35800a9acdf9a800212202ddb100af5db,0x0000000000000000000000000000000000000000,0.000050684617039941,Gas,address,address
0x966263e63d0be86139e0a5569fd63c063c9210133247feb6e636550bc5d550a4,25201400,1780062263,0x10929a535625d921fbff72480142dea0184be50e,0x3328f7f4a1d1c57c35df56bbf0c9dcafca309c49,0.099000000000000005,Direct,address,address
0x966263e63d0be86139e0a5569fd63c063c9210133247feb6e636550bc5d550a4,25201400,1780062263,0x10929a535625d921fbff72480142dea0184be50e,0x0000000000000000000000000000000000000000,0.000065373173241714,Gas,address,address
0xa0af3c83013b0ce886e796bbedcbbbe581d7c696d0e5815ed33fcd7232b74f6a,25201403,1780062299,0x3bf21733e11dcd57e97d60012af268c27de54839,0x3328f7f4a1d1c57c35df56bbf0c9dcafca309c49,0.148499999999999993,Direct,address,address
0xa0af3c83013b0ce886e796bbedcbbbe581d7c696d0e5815ed33fcd7232b74f6a,25201403,1780062299,0x3bf21733e11dcd57e97d60012af268c27de54839,0x0000000000000000000000000000000000000000,0.000068391281622378,Gas,address,address
0xd2b2a77661dcf573b820f6f1516223937067aeaa60c2f029c123119345a7cea7,25201403,1780062299,0xff5202ecf522699226d19ecc0881532722106ccd,0x3328f7f4a1d1c57c35df56bbf0c9dcafca309c49,0.039800000000000002,Direct,address,address
0xd2b2a77661dcf573b820f6f1516223937067aeaa60c2f029c123119345a7cea7,25201403,1780062299,0xff5202ecf522699226d19ecc0881532722106ccd,0x0000000000000000000000000000000000000000,0.000064219117835034,Gas,address,address
0x3b07787ae8862978dd3fd1b54c395fa6974d74cf90ecb15efc8f3376a55059f0,25201404,1780062311,0xf7b096deccabc81290c7666e15f838bf90d4fd00,0x0000000000000000000000000000000000000000,0.000019201907038446,Gas,address,address
0x3f6ceebb50081d50d4e2800e4a3e5fa2bd7f5d1eb9c6302f6b623fb0c36a58a7,25201404,1780062311,0x870a8213faf15d366677de6fa8aed31cd2154a87,0x0000000000000000000000000000000000000000,0.000060840872066106,Gas,address,address
0x522e8dcd1f159e9d6c1516c6cbe8b6e20e36a1715819ecbb1c3444e1af259450,25201404,1780062311,0xf7b096deccabc81290c7666e15f838bf90d4fd00,0x0000000000000000000000000000000000000000,0.000066373771666158,Gas,address,address
0xa79f1afe7d883c8483b6ad4e65dd1387d102c39a28e636b873b0b6b9b5241930,25201404,1780062311,0x870a8213faf15d366677de6fa8aed31cd2154a87,0x0000000000000000000000000000000000000000,0.000019201907038446,Gas,address,address
0xf6c641f63cc152d9e240a4189f7d162b641468a8bff98e63701a74d73aff0677,25201406,1780062335,0x4d8b6d3723d8df7370e3d10d30fe5d4daede234a,0x4313c378cc91ea583c91387b9216e2c03096b27f,0.100000000000000006,Direct,address,address
0xf6c641f63cc152d9e240a4189f7d162b641468a8bff98e63701a74d73aff0677,25201406,1780062335,0x4d8b6d3723d8df7370e3d10d30fe5d4daede234a,0x0000000000000000000000000000000000000000,0.000546978823791309,Gas,address,address
0x0abb9883a149c801a3c9d401c9cdd32f0c28778a801ba1822497080ba8ca289c,25201408,1780062359,0xce0e56416d5e8bd78c9dc305f6fc05b5715111c8,0x3328f7f4a1d1c57c35df56bbf0c9dcafca309c49,0.035922976120552050,Direct,address,address
0x0abb9883a149c801a3c9d401c9cdd32f0c28778a801ba1822497080ba8ca289c,25201408,1780062359,0xce0e56416d5e8bd78c9dc305f6fc05b5715111c8,0x0000000000000000000000000000000000000000,0.000068678812725210,Gas,address,address
0x1173623150227f8c4cb521e91d07aff6157573b34175204e983c01906da0b427,25201408,1780062359,0x3bf21733e11dcd57e97d60012af268c27de54839,0x3328f7f4a1d1c57c35df56bbf0c9dcafca309c49,0.043840206787635325,Direct,address,address
0x1173623150227f8c4cb521e91d07aff6157573b34175204e983c01906da0b427,25201408,1780062359,0x3bf21733e11dcd57e97d60012af268c27de54839,0x0000000000000000000000000000000000000000,0.000068678812725210,Gas,address,address
0x782ff14a41c056ebdbb3f9670401992671ffd97c5f154556ef9d5d8f76383142,25201408,1780062359,0x10929a535625d921fbff72480142dea0184be50e,0x7a250d5630b4cf539739df2c5dacb4c659f2488d,0.054691499502825515,Direct,address,address
0x782ff14a41c056ebdbb3f9670401992671ffd97c5f154556ef9d5d8f76383142,25201408,1780062359,0x10929a535625d921fbff72480142dea0184be50e,0x0000000000000000000000000000000000000000,0.000059684576411365,Gas,address,address
0xc6d8b3fc94b3c6f280ca40bebf9e6c6c83a7be798aabba667d77f8594705349d,25201412,1780062407,0x9ec2f5e65548f87e107aa61bec0a4c13ce6ba663,0x4313c378cc91ea583c91387b9216e2c03096b27f,0.100000000000000006,Direct,address,address
0xc6d8b3fc94b3c6f280ca40bebf9e6c6c83a7be798aabba667d77f8594705349d,25201412,1780062407,0x9ec2f5e65548f87e107aa61bec0a4c13ce6ba663,0x0000000000000000000000000000000000000000,0.000212256572882056,Gas,address,address
0x470e096535851443fbe2718c35194209ce4a7bdc79c65b2ad1e48da739215898,25201414,1780062431,0xd5902c4f0b456f47fadf5e83d1a3eb96d6f9408c,0x7a250d5630b4cf539739df2c5dacb4c659f2488d,0.200000000000000011,Direct,address,address
0x470e096535851443fbe2718c35194209ce4a7bdc79c65b2ad1e48da739215898,25201414,1780062431,0xd5902c4f0b456f47fadf5e83d1a3eb96d6f9408c,0x0000000000000000000000000000000000000000,0.000065180215667050,Gas,address,address
0x77deeebed0238ea29ea38ad05e5408be0be1410c7a38bc0122059029489271ac,25201414,1780062431,0x43076ad18faba5166f0b94a1d8e24b60f6c82255,0x3328f7f4a1d1c57c35df56bbf0c9dcafca309c49,0.100000000000000006,Direct,address,address
0x77deeebed0238ea29ea38ad05e5408be0be1410c7a38bc0122059029489271ac,25201414,1780062431,0x43076ad18faba5166f0b94a1d8e24b60f6c82255,0x0000000000000000000000000000000000000000,0.000068757333006780,Gas,address,address
0x2d3a50678965964dd43db2e8b23b3b0e0312185ff099a3d713fce82bd2720146,25201417,1780062467,0x4d8b6d3723d8df7370e3d10d30fe5d4daede234a,0x0000000000000000000000000000000000000000,0.000215465111504823,Gas,address,address
0x59e88084adc1bb27057e3233b838ad3e5dd973f0a49a7b594d0e1ff19e0fe8fc,25201417,1780062467,0x4d8b6d3723d8df7370e3d10d30fe5d4daede234a,0x0000000000000000000000000000000000000000,0.000054805158692616,Gas,address,address
0x330c9195c778d591aa6eefc008efa5d2c53f59007d54fa4a1e27511d01a8facd,25201419,1780062491,0xd5902c4f0b456f47fadf5e83d1a3eb96d6f9408c,0x0000000000000000000000000000000000000000,0.000068436890152578,Gas,address,address
0x35f4c823cdb978b9aac34fb4dbc518f909bad24b0cac0eaa0195e9ef12230c83,25201419,1780062491,0xa8b78f6ebf220c1d7498236260316831624ac232,0x3328f7f4a1d1c57c35df56bbf0c9dcafca309c49,0.199000000000000010,Direct,address,address
0x35f4c823cdb978b9aac34fb4dbc518f909bad24b0cac0eaa0195e9ef12230c83,25201419,1780062491,0xa8b78f6ebf220c1d7498236260316831624ac232,0x0000000000000000000000000000000000000000,0.000077625987334038,Gas,address,address
0xc5a86b5b6b782170f689a00ed6ab86b35f525485de078612c5901274d27a6375,25201419,1780062491,0xe12af9854d77ee2463e84966bb4b18b5dd31c20a,0x3328f7f4a1d1c57c35df56bbf0c9dcafca309c49,0.346499999999999975,Direct,address,address
0xc5a86b5b6b782170f689a00ed6ab86b35f525485de078612c5901274d27a6375,25201419,1780062491,0xe12af9854d77ee2463e84966bb4b18b5dd31c20a,0x0000000000000000000000000000000000000000,0.000072890466583014,Gas,address,address
0xcdfa2bf895773bd6943f47974d4915edf30f992ef0143351b3a8d712b7c7f22d,25201419,1780062491,0x5355c7c2bb2e49945537beaabbaff57ad2e9b224,0x3328f7f4a1d1c57c35df56bbf0c9dcafca309c49,0.346499999999999975,Direct,address,address
0xcdfa2bf895773bd6943f47974d4915edf30f992ef0143351b3a8d712b7c7f22d,25201419,1780062491,0x5355c7c2bb2e49945537beaabbaff57ad2e9b224,0x0000000000000000000000000000000000000000,0.000072890466583014,Gas,address,address
0xe9d0487a02256dc36eb44a1a395b995b525dad1b06cb1acd2bf8ccce3b09c704,25201419,1780062491,0xd5902c4f0b456f47fadf5e83d1a3eb96d6f9408c,0x0000000000000000000000000000000000000000,0.000021168142660194,Gas,address,address
0x2ad6268c59ca020df4d2ad5dfc139915a8489eaa46ee68dd0a0aa7f2d0d83360,25201422,1780062527,0x750819c35800a9acdf9a800212202ddb100af5db,0x0000000000000000000000000000000000000000,0.000021542576109924,Gas,address,address
0x68c9417ca5d8dd0f9fb85a2da000260e210d005af9f2d723cec1ece69be00b52,25201422,1780062527,0x750819c35800a9acdf9a800212202ddb100af5db,0x0000000000000000000000000000000000000000,0.000069647438535588,Gas,address,address
0x794d2a52bd36a9ac4d89e3104225865dfe6112e93faafc76bd08c1f07bcd8fa9,25201422,1780062527,0x43076ad18faba5166f0b94a1d8e24b60f6c82255,0x3328f7f4a1d1c57c35df56bbf0c9dcafca309c49,0.039800000000000002,Direct,address,address
0x794d2a52bd36a9ac4d89e3104225865dfe6112e93faafc76bd08c1f07bcd8fa9,25201422,1780062527,0x43076ad18faba5166f0b94a1d8e24b60f6c82255,0x0000000000000000000000000000000000000000,0.000066238530858504,Gas,address,address
0xbe8fe60b5e351dc4451834caa1f27feda55e6e7b8db3afc8a38df901dff006f2,25201422,1780062527,0xa8b78f6ebf220c1d7498236260316831624ac232,0x3328f7f4a1d1c57c35df56bbf0c9dcafca309c49,0.080000000000000002,Direct,address,address
0xbe8fe60b5e351dc4451834caa1f27feda55e6e7b8db3afc8a38df901dff006f2,25201422,1780062527,0xa8b78f6ebf220c1d7498236260316831624ac232,0x0000000000000000000000000000000000000000,0.000066238530858504,Gas,address,address
0xfb3263cd7b2393e202e82d621d6af3624896a122496142589f1cc92778753bdd,25201422,1780062527,0xd5902c4f0b456f47fadf5e83d1a3eb96d6f9408c,0x3328f7f4a1d1c57c35df56bbf0c9dcafca309c49,0.049500000000000002,Direct,address,address
0xfb3263cd7b2393e202e82d621d6af3624896a122496142589f1cc92778753bdd,25201422,1780062527,0xd5902c4f0b456f47fadf5e83d1a3eb96d6f9408c,0x0000000000000000000000000000000000000000,0.000071055676749768,Gas,address,address
0xa9759f1fc26016ef1830af489518576121c4d7ec20b02830291373a71523e542,25201425,1780062563,0xe12af9854d77ee2463e84966bb4b18b5dd31c20a,0x3328f7f4a1d1c57c35df56bbf0c9dcafca309c49,0.044245360660608170,Direct,address,address
0xa9759f1fc26016ef1830af489518576121c4d7ec20b02830291373a71523e542,25201425,1780062563,0xe12af9854d77ee2463e84966bb4b18b5dd31c20a,0x0000000000000000000000000000000000000000,0.000062911625343060,Gas,address,address
0xe48f41e703b090f152c99497c09524b8e414deb434ededc5ee5416b405bf3222,25201425,1780062563,0x063676cb3ae3c76fb7282f6db01d010abf7e95a0,0x3328f7f4a1d1c57c35df56bbf0c9dcafca309c49,0.082456474623330958,Direct,address,address
0xe48f41e703b090f152c99497c09524b8e414deb434ededc5ee5416b405bf3222,25201425,1780062563,0x063676cb3ae3c76fb7282f6db01d010abf7e95a0,0x0000000000000000000000000000000000000000,0.000065648515671180,Gas,address,address
0x2acd2061cdab5d738472b70935f54b2c1acefdb45bcc3af72fd0dae34b6d0ca9,25201426,1780062575,0xfde8ca90a0e648ba896b8a4d0f579c36c373fdd3,0x0000000000000000000000000000000000000000,0.000064615133098758,Gas,address,address
0x6a9d20726f879e4d9892b68a5cb0b56d5aea20c2192383b2b78a10ed05e3046d,25201426,1780062575,0xfde8ca90a0e648ba896b8a4d0f579c36c373fdd3,0x0000000000000000000000000000000000000000,0.000019023958302246,Gas,address,address
0x6df07819f67cddf14fb60be7a63ed375985f04a83c19f277005e8d032d835f09,25201426,1780062575,0xbc8a46c29a79250bee25f77b8475804a1650a8e3,0x0000000000000000000000000000000000000000,0.000060277044927906,Gas,address,address
0xa21b46b170faa2e2fac1e5316029c2942033c27a090e8248d060e4bb923ff982,25201426,1780062575,0x750819c35800a9acdf9a800212202ddb100af5db,0x0000000000000000000000000000000000000000,0.000060277044927906,Gas,address,address
0xb932e4f73abd8cee28b13195a468dfa057c38ea6570f5d2d7c25e6f970df2b51,25201426,1780062575,0xbc8a46c29a79250bee25f77b8475804a1650a8e3,0x0000000000000000000000000000000000000000,0.000019023958302246,Gas,address,address
0x1a7deb98e20aabb71ba7981f9bc6dbfd242006048e60e71830c533e19b2aaab8,25201436,1780062695,0xf409fc839dfb91345f742f0046bc0667a7c5e200,0x3328f7f4a1d1c57c35df56bbf0c9dcafca309c49,0.148499999999999993,Direct,address,address
0x1a7deb98e20aabb71ba7981f9bc6dbfd242006048e60e71830c533e19b2aaab8,25201436,1780062695,0xf409fc839dfb91345f742f0046bc0667a7c5e200,0x0000000000000000000000000000000000000000,0.000058590249936894,Gas,address,address
0x984ccd1d8c896867a879f2b891261b0d9134a0c60a7d4ab8a83b289a5fa0885f,25201436,1780062695,0x7d41f4fa2df4888ccce8eee9d26f55b7e33567d3,0x3328f7f4a1d1c57c35df56bbf0c9dcafca309c49,0.199000000000000010,Direct,address,address
0x984ccd1d8c896867a879f2b891261b0d9134a0c60a7d4ab8a83b289a5fa0885f,25201436,1780062695,0x7d41f4fa2df4888ccce8eee9d26f55b7e33567d3,0x0000000000000000000000000000000000000000,0.000062396719525998,Gas,address,address
0x9ce62f4736e9ec84d4f25d9da400a96f64034b599cb075a827a5ef04022a099f,25201440,1780062743,0x3bf21733e11dcd57e97d60012af268c27de54839,0x0000000000000000000000000000000000000000,0.000064302069032409,Gas,address,address
0xbe09eb501e6957a652fd68a481377234275e9663748d6aa459e1cfe7220abd2b,25201440,1780062743,0x3bf21733e11dcd57e97d60012af268c27de54839,0x0000000000000000000000000000000000000000,0.000016816597764333,Gas,address,address
0xdc34bef5c62a8a32648af030a91aed067fc7a5763bde8426020a6ca947cec711,25201440,1780062743,0xce0e56416d5e8bd78c9dc305f6fc05b5715111c8,0x0000000000000000000000000000000000000000,0.000016816597764333,Gas,address,address
0xf03267435ff5f7ecfdaff8cf4c5fa32c3a8fd976e19360a03621c4db140398a4,25201440,1780062743,0xf7b096deccabc81290c7666e15f838bf90d4fd00,0x0000000000000000000000000000000000000000,0.000053283065641263,Gas,address,address
0xf69c4ebd8b7e5084916e6c305b6de0900f0fd442ecb3149292df0762349f91d5,25201440,1780062743,0xce0e56416d5e8bd78c9dc305f6fc05b5715111c8,0x0000000000000000000000000000000000000000,0.000053283065641263,Gas,address,address
0x9e3a5383fd24e499381280ffa83a1556b370914a12619a6e5d24cc682401604f,25201442,1780062767,0xf7b096deccabc81290c7666e15f838bf90d4fd00,0x7a250d5630b4cf539739df2c5dacb4c659f2488d,0.008366615612130130,Direct,address,address
0x9e3a5383fd24e499381280ffa83a1556b370914a12619a6e5d24cc682401604f,25201442,1780062767,0xf7b096deccabc81290c7666e15f838bf90d4fd00,0x0000000000000000000000000000000000000000,0.000049775226868991,Gas,address,address
0xfabae6e197ffed102edd491aae40e042ea741828ab657544252a86c11b1a6f9e,25201442,1780062767,0xd5902c4f0b456f47fadf5e83d1a3eb96d6f9408c,0x3328f7f4a1d1c57c35df56bbf0c9dcafca309c49,0.031360399719379831,Direct,address,address
0xfabae6e197ffed102edd491aae40e042ea741828ab657544252a86c11b1a6f9e,25201442,1780062767,0xd5902c4f0b456f47fadf5e83d1a3eb96d6f9408c,0x0000000000000000000000000000000000000000,0.000052857922961142,Gas,address,address
0x3edc9e82f38700945362d50f4790cc287b6a6116e698ce7efd368db2bb6e5f31,25201446,1780062815,0xf7b096deccabc81290c7666e15f838bf90d4fd00,0x0000000000000000000000000000000000000000,0.000054036693181962,Gas,address,address
0x93c7b518b97ada0d430aca2acb40d38060b89d85538c8b0549bd65a9cd94a2ac,25201457,1780062947,0x5355c7c2bb2e49945537beaabbaff57ad2e9b224,0x7a250d5630b4cf539739df2c5dacb4c659f2488d,0.028179147341868063,Direct,address,address
0x93c7b518b97ada0d430aca2acb40d38060b89d85538c8b0549bd65a9cd94a2ac,25201457,1780062947,0x5355c7c2bb2e49945537beaabbaff57ad2e9b224,0x0000000000000000000000000000000000000000,0.000044983754169727,Gas,address,address
0xcb54042611fc8070856146a65ccb819518d33d94fbdd917d978236c625b9f7e0,25201457,1780062947,0xa8b78f6ebf220c1d7498236260316831624ac232,0x3328f7f4a1d1c57c35df56bbf0c9dcafca309c49,0.035122906448335711,Direct,address,address
0xcb54042611fc8070856146a65ccb819518d33d94fbdd917d978236c625b9f7e0,25201457,1780062947,0xa8b78f6ebf220c1d7498236260316831624ac232,0x0000000000000000000000000000000000000000,0.000051829854445596,Gas,address,address
0xcba08343da5d1ba01353c453bcf8262ecd922e20f942250450a70b6876d3dd5d,25201478,1780063199,0x4d8b6d3723d8df7370e3d10d30fe5d4daede234a,0x4313c378cc91ea583c91387b9216e2c03096b27f,0.100000000000000006,Direct,address,address
0xcba08343da5d1ba01353c453bcf8262ecd922e20f942250450a70b6876d3dd5d,25201478,1780063199,0x4d8b6d3723d8df7370e3d10d30fe5d4daede234a,0x0000000000000000000000000000000000000000,0.000664911830282264,Gas,address,address
0x447bb0711d03103958ed4e48d3db69957a31a4dfabf96b1e5c23b21399eb1fe0,25201480,1780063223,0x99c1c2c8ee42dd2aa096d059a554265c7fee85f5,0x9ec2f5e65548f87e107aa61bec0a4c13ce6ba663,0.000000001000000000,Direct,address,address
0x14c6959bdec71348cd53d07de6034613060c40cf8fa5481ab19e12c1cc364df5,25201483,1780063259,0x4d8b6d3723d8df7370e3d10d30fe5d4daede234a,0x0000000000000000000000000000000000000000,0.000235545111531520,Gas,address,address
0x16c36d85c0f907354f7b92097e911c4f8e039c3c96406a65e995494dfb25fe33,25201483,1780063259,0x4d8b6d3723d8df7370e3d10d30fe5d4daede234a,0x0000000000000000000000000000000000000000,0.000057307374696880,Gas,address,address
0x2f4cf87421e4dc98d2bdaea3f9a41b36b9e12ef9392761c88926a0a24cace2a3,25201498,1780063439,0x4d8b6d3723d8df7370e3d10d30fe5d4daede234a,0x4313c378cc91ea583c91387b9216e2c03096b27f,0.050000000000000003,Direct,address,address
0x2f4cf87421e4dc98d2bdaea3f9a41b36b9e12ef9392761c88926a0a24cace2a3,25201498,1780063439,0x4d8b6d3723d8df7370e3d10d30fe5d4daede234a,0x0000000000000000000000000000000000000000,0.000511318782277737,Gas,address,address
0x3356e7c6c7cac0377a66068f1680ae665bbd75056d39735a4eb4640a50426a8d,25201555,1780064123,0x9ec2f5e65548f87e107aa61bec0a4c13ce6ba663,0x4313c378cc91ea583c91387b9216e2c03096b27f,0.100000000000000006,Direct,address,address
0x3356e7c6c7cac0377a66068f1680ae665bbd75056d39735a4eb4640a50426a8d,25201555,1780064123,0x9ec2f5e65548f87e107aa61bec0a4c13ce6ba663,0x0000000000000000000000000000000000000000,0.000609047210545128,Gas,address,address
0x92acd77380e190372a6a5cb898bcd0ad5253c04eb1bee0d77025e906f3093ad8,25201566,1780064255,0x4d8b6d3723d8df7370e3d10d30fe5d4daede234a,0x0000000000000000000000000000000000000000,0.000217907689536280,Gas,address,address
0xb8bc4beb3a155b7f432d050dcc54a0baad1a28cdb4b276f2c9c6273df3940465,25201566,1780064255,0x4d8b6d3723d8df7370e3d10d30fe5d4daede234a,0x0000000000000000000000000000000000000000,0.000065160257047444,Gas,address,address
0x0c446ea04dc0624f1e5d6a53bcf865ac88009ae1f2d0b8e1293d18e016f6d47e,25201630,1780065023,0x9ec2f5e65548f87e107aa61bec0a4c13ce6ba663,0x0000000000000000000000000000000000000000,0.000061078469070606,Gas,address,address
0x4ffc80e9aa6b8699769ff848dc93c3024276b4068120f1956b26cca1fbcb212d,25201630,1780065023,0x9ec2f5e65548f87e107aa61bec0a4c13ce6ba663,0x0000000000000000000000000000000000000000,0.000354467037982939,Gas,address,address
0x9eee9599261dcc6e593c497c394e1cb4d17f52da3bf2940d54762186bef627bf,25201662,1780065407,0x9ec2f5e65548f87e107aa61bec0a4c13ce6ba663,0x4313c378cc91ea583c91387b9216e2c03096b27f,0.100000000000000006,Direct,address,address
0x9eee9599261dcc6e593c497c394e1cb4d17f52da3bf2940d54762186bef627bf,25201662,1780065407,0x9ec2f5e65548f87e107aa61bec0a4c13ce6ba663,0x0000000000000000000000000000000000000000,0.000649681966288080,Gas,address,address
0x461a6ae3ef57b01f230b364b2d5ee75a00bee05b6a9fd6c8b485c70ff93a2eba,25201687,1780065707,0x7a0fec301682758cce8aa6a9d1ce9196bde16052,0x3328f7f4a1d1c57c35df56bbf0c9dcafca309c49,0.080000000000000002,Direct,address,address
0x461a6ae3ef57b01f230b364b2d5ee75a00bee05b6a9fd6c8b485c70ff93a2eba,25201687,1780065707,0x7a0fec301682758cce8aa6a9d1ce9196bde16052,0x0000000000000000000000000000000000000000,0.000063427869660519,Gas,address,address
0x478819fe025add71091648f22c6f38c0e9a3c86bfefe69f374430976dddf0be4,25201687,1780065707,0xd377fdd91381cfcc1c37388e52ef0a7c37f33c21,0x7a250d5630b4cf539739df2c5dacb4c659f2488d,0.050000000000000003,Direct,address,address
0x478819fe025add71091648f22c6f38c0e9a3c86bfefe69f374430976dddf0be4,25201687,1780065707,0xd377fdd91381cfcc1c37388e52ef0a7c37f33c21,0x0000000000000000000000000000000000000000,0.000056003787743886,Gas,address,address
0xb8af50f98ceed559637e3fda8868f4e3e8b9c0525539cf933cef286b3d8b1df4,25201687,1780065707,0xa37eaed2aba7be8e83e2f419fb2094093886d90a,0x7a250d5630b4cf539739df2c5dacb4c659f2488d,0.070000000000000007,Direct,address,address
0xb8af50f98ceed559637e3fda8868f4e3e8b9c0525539cf933cef286b3d8b1df4,25201687,1780065707,0xa37eaed2aba7be8e83e2f419fb2094093886d90a,0x0000000000000000000000000000000000000000,0.000079731402113898,Gas,address,address
0x8537f89c571bee503e656b2bdebdec98e2b986fb89e38d8d00a6af2891aa011a,25201690,1780065743,0x4d8b6d3723d8df7370e3d10d30fe5d4daede234a,0x4313c378cc91ea583c91387b9216e2c03096b27f,0.020000000000000000,Direct,address,address
0x8537f89c571bee503e656b2bdebdec98e2b986fb89e38d8d00a6af2891aa011a,25201690,1780065743,0x4d8b6d3723d8df7370e3d10d30fe5d4daede234a,0x0000000000000000000000000000000000000000,0.000599070484386500,Gas,address,address
0x609d808aa3f3550a5fcafde275d24b96efab94f1151a5f7090f087fb1c4b7c70,25201691,1780065755,0x71fbaccdcd43cdab9161fe92a8359f90cf0e2905,0x7a250d5630b4cf539739df2c5dacb4c659f2488d,0.080548140789121467,Direct,address,address
0x609d808aa3f3550a5fcafde275d24b96efab94f1151a5f7090f087fb1c4b7c70,25201691,1780065755,0x71fbaccdcd43cdab9161fe92a8359f90cf0e2905,0x0000000000000000000000000000000000000000,0.000053848608299462,Gas,address,address
0x9b9ae9f1222f008218ab7ecc36d4e294c72b41e7a85a19e61af1731da6384c4c,25201691,1780065755,0x4d8b6d3723d8df7370e3d10d30fe5d4daede234a,0x4313c378cc91ea583c91387b9216e2c03096b27f,0.020000000000000000,Direct,address,address
0x9b9ae9f1222f008218ab7ecc36d4e294c72b41e7a85a19e61af1731da6384c4c,25201691,1780065755,0x4d8b6d3723d8df7370e3d10d30fe5d4daede234a,0x0000000000000000000000000000000000000000,0.000474355841376900,Gas,address,address
0x9d253ae60d40a31217a2c68e73fe3a6455e43307dd80b88edc14088235bfb6e3,25201691,1780065755,0xe3f81b0c4e0302e9e87563ee1ba165913c07fbb3,0x7a250d5630b4cf539739df2c5dacb4c659f2488d,0.107310147894336586,Direct,address,address
0x9d253ae60d40a31217a2c68e73fe3a6455e43307dd80b88edc14088235bfb6e3,25201691,1780065755,0xe3f81b0c4e0302e9e87563ee1ba165913c07fbb3,0x0000000000000000000000000000000000000000,0.000053848608299462,Gas,address,address
0xa22f88caa92306e70d9945a8695c8a212655458292d670f9fa5106e1b899f129,25201691,1780065755,0x257cda2f9dabd296a9a7fc9065103c7972f4b943,0x7a250d5630b4cf539739df2c5dacb4c659f2488d,0.129953800597033070,Direct,address,address
0xa22f88caa92306e70d9945a8695c8a212655458292d670f9fa5106e1b899f129,25201691,1780065755,0x257cda2f9dabd296a9a7fc9065103c7972f4b943,0x0000000000000000000000000000000000000000,0.000053848608299462,Gas,address,address
0xa95fc391d1e524efb1dd2a6dd93a4908b037784d46e71d716dd4bdebddbfedef,25201691,1780065755,0x7c5a0f138ba96b7132f6befe9f79cf4796f06a92,0x3328f7f4a1d1c57c35df56bbf0c9dcafca309c49,0.075445246719015202,Direct,address,address
0xa95fc391d1e524efb1dd2a6dd93a4908b037784d46e71d716dd4bdebddbfedef,25201691,1780065755,0x7c5a0f138ba96b7132f6befe9f79cf4796f06a92,0x0000000000000000000000000000000000000000,0.000064951025715891,Gas,address,address
0xc7138560d956f9bdb35d47b246b4ee5ea62a62d3baab814f56468cc18b72fb9e,25201691,1780065755,0x6e659b2f0caccb0c5d642c87b300d7efc367454b,0x3328f7f4a1d1c57c35df56bbf0c9dcafca309c49,0.111691137786990163,Direct,address,address
0xc7138560d956f9bdb35d47b246b4ee5ea62a62d3baab814f56468cc18b72fb9e,25201691,1780065755,0x6e659b2f0caccb0c5d642c87b300d7efc367454b,0x0000000000000000000000000000000000000000,0.000060986991169923,Gas,address,address
0x5b40c5ecd5d17d7f388d455cce83cc51177a3546bd67bdf6016eeba362efc83e,25201693,1780065779,0x9de74997e2a418d9b9614a7960cf48b2f8dd22b2,0x3328f7f4a1d1c57c35df56bbf0c9dcafca309c49,0.089999999999999997,Direct,address,address
0x5b40c5ecd5d17d7f388d455cce83cc51177a3546bd67bdf6016eeba362efc83e,25201693,1780065779,0x9de74997e2a418d9b9614a7960cf48b2f8dd22b2,0x0000000000000000000000000000000000000000,0.000058634002019775,Gas,address,address
0x668a5b27761192baaed032a4b00de600a11e2dce3f477dfa4bdf2966e8a71e78,25201693,1780065779,0x46ddf32eb8bfb94d94c10f06afaef1d59176f6c9,0x7a250d5630b4cf539739df2c5dacb4c659f2488d,0.080000000000000002,Direct,address,address
0x668a5b27761192baaed032a4b00de600a11e2dce3f477dfa4bdf2966e8a71e78,25201693,1780065779,0x46ddf32eb8bfb94d94c10f06afaef1d59176f6c9,0x0000000000000000000000000000000000000000,0.000055582125832750,Gas,address,address
0xcde3bf22c162dd5bbf1f2a4333eeaa656a83d91f653d6aac7fcc098fc8f76d29,25201693,1780065779,0x2f1a91f603a082c6f64e0ad8925cf918c5c491f0,0x3328f7f4a1d1c57c35df56bbf0c9dcafca309c49,0.059999999999999998,Direct,address,address
0xcde3bf22c162dd5bbf1f2a4333eeaa656a83d91f653d6aac7fcc098fc8f76d29,25201693,1780065779,0x2f1a91f603a082c6f64e0ad8925cf918c5c491f0,0x0000000000000000000000000000000000000000,0.000058634002019775,Gas,address,address
0x015b12e58b33a5df8d6c10913d5cbfc23e7fc0852f8934ec711038733274477a,25201694,1780065791,0x0adb41bc7be29dc28790ec8f6c22cd697eed8071,0x3328f7f4a1d1c57c35df56bbf0c9dcafca309c49,0.078827428345287623,Direct,address,address
0x015b12e58b33a5df8d6c10913d5cbfc23e7fc0852f8934ec711038733274477a,25201694,1780065791,0x0adb41bc7be29dc28790ec8f6c22cd697eed8071,0x0000000000000000000000000000000000000000,0.000058389062186058,Gas,address,address
0x1d677bb5c096f3edf61233042d691f3a16ff4f903412887a0014c28e252191fb,25201694,1780065791,0xa37eaed2aba7be8e83e2f419fb2094093886d90a,0x0000000000000000000000000000000000000000,0.000016917617326899,Gas,address,address
0x571dcf222248b5444b8915c7c917f482eee7bdc801d3c102fc99e4b6c0a440d1,25201694,1780065791,0xd377fdd91381cfcc1c37388e52ef0a7c37f33c21,0x0000000000000000000000000000000000000000,0.000016917617326899,Gas,address,address
0x6bf9e95a2fa3ebb004b5f4924e114fff777040ca8dfc44b30b7621112c1808d8,25201694,1780065791,0xa37eaed2aba7be8e83e2f419fb2094093886d90a,0x0000000000000000000000000000000000000000,0.000053575541958685,Gas,address,address
0x8258c662d7f4e470544045c931b11412d0bd4ad9783773f452ff9da68624d26c,25201694,1780065791,0x3f4cf4bab3551e1bd54176d3f7fa12b46283948b,0x7a250d5630b4cf539739df2c5dacb4c659f2488d,0.079941345690531393,Direct,address,address
0x8258c662d7f4e470544045c931b11412d0bd4ad9783773f452ff9da68624d26c,25201694,1780065791,0x3f4cf4bab3551e1bd54176d3f7fa12b46283948b,0x0000000000000000000000000000000000000000,0.000051494991585196,Gas,address,address
0x82926f3427d2b404d0766156f05537811ed4f11975def1e7b55be64924c3e7b9,25201694,1780065791,0x7426be1607bdc81ef0834c9ac8fdb29ccc208fdc,0x3328f7f4a1d1c57c35df56bbf0c9dcafca309c49,0.096299999999999997,Direct,address,address
0x82926f3427d2b404d0766156f05537811ed4f11975def1e7b55be64924c3e7b9,25201694,1780065791,0x7426be1607bdc81ef0834c9ac8fdb29ccc208fdc,0x0000000000000000000000000000000000000000,0.000058389062186058,Gas,address,address
0x9a3f8b7e30f768bd1276929568fc75717165e344e87aafbd909a935fc4bc9322,25201694,1780065791,0xd377fdd91381cfcc1c37388e52ef0a7c37f33c21,0x0000000000000000000000000000000000000000,0.000073298779470859,Gas,address,address
0xbeac7bcb122df5a3dd77d43596c529e34367775b706181f6d3b81b3ec58bd3ba,25201694,1780065791,0x263161a729d0961a3165ef61afa7f31cd8018cee,0x3328f7f4a1d1c57c35df56bbf0c9dcafca309c49,0.088559125350612639,Direct,address,address
0xbeac7bcb122df5a3dd77d43596c529e34367775b706181f6d3b81b3ec58bd3ba,25201694,1780065791,0x263161a729d0961a3165ef61afa7f31cd8018cee,0x0000000000000000000000000000000000000000,0.000062179836581802,Gas,address,address
0xdb10d559f86663e88332fa9feab8a2ab7963f66cc4e525537ae7a9ae8c569a09,25201694,1780065791,0xefafec41e93c5b4f68981c4625dc5755ba3cf766,0x7a250d5630b4cf539739df2c5dacb4c659f2488d,0.116797800649921582,Direct,address,address
0xdb10d559f86663e88332fa9feab8a2ab7963f66cc4e525537ae7a9ae8c569a09,25201694,1780065791,0xefafec41e93c5b4f68981c4625dc5755ba3cf766,0x0000000000000000000000000000000000000000,0.000051494991585196,Gas,address,address
0x2ceadf9b18fba9fcc99d27591387036f3686d5d03058091a58e25ae8582bb4fa,25201696,1780065815,0x7a0fec301682758cce8aa6a9d1ce9196bde16052,0x0000000000000000000000000000000000000000,0.000016449047775297,Gas,address,address
0x35143ef8480134a1c5d57d36bc249fb1ad3c6cbf613275f228e7076cd8452e1c,25201696,1780065815,0x6e659b2f0caccb0c5d642c87b300d7efc367454b,0x0000000000000000000000000000000000000000,0.000052091652875055,Gas,address,address
0x8bf2db838ac0b27f9fdec56b52afb3ce2da4f44a7b9b96f50d90d9a9b1deb649,25201696,1780065815,0x7a0fec301682758cce8aa6a9d1ce9196bde16052,0x0000000000000000000000000000000000000000,0.000052091652875055,Gas,address,address
0xa998a89b9b57dfe2b2d3bb69c4f349bcb7c7ba2ea810ecf8cbefb3e82efc0ec4,25201696,1780065815,0x6e659b2f0caccb0c5d642c87b300d7efc367454b,0x0000000000000000000000000000000000000000,0.000016449047775297,Gas,address,address
0xdb691a8ac4ff82b9353a7c2936e9bef26b03b4d36105a30632f267b30e8b7321,25201696,1780065815,0x52915868ae644307e9b9a579ca9c324de22ab77d,0x3328f7f4a1d1c57c35df56bbf0c9dcafca309c49,0.070000000000000007,Direct,address,address
0xdb691a8ac4ff82b9353a7c2936e9bef26b03b4d36105a30632f267b30e8b7321,25201696,1780065815,0x52915868ae644307e9b9a579ca9c324de22ab77d,0x0000000000000000000000000000000000000000,0.000056654770784769,Gas,address,address
0xf0d7e93f93680651e9a767689322015c36498b6600bc9ca28a57d6ee19e50b29,25201696,1780065815,0x7c5a0f138ba96b7132f6befe9f79cf4796f06a92,0x0000000000000000000000000000000000000000,0.000016449047775297,Gas,address,address
0xf73a9dcbfe32a116476457f9ac9f3aacbaac7b55bb6c3691ead40b07464b5076,25201696,1780065815,0x7c5a0f138ba96b7132f6befe9f79cf4796f06a92,0x0000000000000000000000000000000000000000,0.000056831334703269,Gas,address,address
0xfe16f5e666fe7f7184a44054df6130fc996fa0cbb75a912c25cf4e2e484a9825,25201696,1780065815,0x4ba861d765cbb027d0c66aca2a5581f90f9b6f80,0x7a250d5630b4cf539739df2c5dacb4c659f2488d,0.059999999999999998,Direct,address,address
0xfe16f5e666fe7f7184a44054df6130fc996fa0cbb75a912c25cf4e2e484a9825,25201696,1780065815,0x4ba861d765cbb027d0c66aca2a5581f90f9b6f80,0x0000000000000000000000000000000000000000,0.000049965470168478,Gas,address,address
0x345f6a9608e55f93090709a9e7998ffdc07df2b4aa1e89ba70bfcac0dcbafd9e,25201698,1780065839,0x4d8b6d3723d8df7370e3d10d30fe5d4daede234a,0x4313c378cc91ea583c91387b9216e2c03096b27f,0.008999999999999999,Direct,address,address
0x345f6a9608e55f93090709a9e7998ffdc07df2b4aa1e89ba70bfcac0dcbafd9e,25201698,1780065839,0x4d8b6d3723d8df7370e3d10d30fe5d4daede234a,0x0000000000000000000000000000000000000000,0.000541789642599140,Gas,address,address
0x1a7beff131b2627bcdb3df3c4cbb9228c25d4cd0c8ed5c50231ae7abd7aa689a,25201699,1780065851,0xba82d820ca5878d29ae32cae6ce0ddab1617cf49,0x3328f7f4a1d1c57c35df56bbf0c9dcafca309c49,0.099000000000000005,Direct,address,address
0x1a7beff131b2627bcdb3df3c4cbb9228c25d4cd0c8ed5c50231ae7abd7aa689a,25201699,1780065851,0xba82d820ca5878d29ae32cae6ce0ddab1617cf49,0x0000000000000000000000000000000000000000,0.000066989589100119,Gas,address,address
0x659c7bc601e89e3abfc47b3cc6fb7aec1d8b2cee5ac26e2579cc0eeeaed6514c,25201699,1780065851,0xb7a2c15f099662cfd2688b3acd3ac984a331c841,0x7a250d5630b4cf539739df2c5dacb4c659f2488d,0.099500000000000005,Direct,address,address
0x659c7bc601e89e3abfc47b3cc6fb7aec1d8b2cee5ac26e2579cc0eeeaed6514c,25201699,1780065851,0xb7a2c15f099662cfd2688b3acd3ac984a331c841,0x0000000000000000000000000000000000000000,0.000055538709417358,Gas,address,address
0x80aa615154a4ba701e41d39a7d89122c33a3beaa38d66d2fb20d9473e4db7a55,25201699,1780065851,0x11aa5e4b97b7da4739edfb875399d27c55bdd46c,0x3328f7f4a1d1c57c35df56bbf0c9dcafca309c49,0.089999999999999997,Direct,address,address
0x80aa615154a4ba701e41d39a7d89122c33a3beaa38d66d2fb20d9473e4db7a55,25201699,1780065851,0x11aa5e4b97b7da4739edfb875399d27c55bdd46c,0x0000000000000000000000000000000000000000,0.000062901138725607,Gas,address,address
0x3babdda2429c308c7459bc416580649a0f379b9476ea531ade541946f100cf8f,25201700,1780065863,0x7a0fec301682758cce8aa6a9d1ce9196bde16052,0x0000000000000000000000000000000000000000,0.000058951653556305,Gas,address,address
0xb5555797c59692d0b99f31a8f95101894e7c4383f387b3134e5072ea285bd4bf,25201700,1780065863,0xa37eaed2aba7be8e83e2f419fb2094093886d90a,0x0000000000000000000000000000000000000000,0.000064315508717019,Gas,address,address
0x9fc56aec6434c7255fe66fe3d897c69a40514d91363bbae598135f99cfdc5256,25201704,1780065911,0x257cda2f9dabd296a9a7fc9065103c7972f4b943,0x0000000000000000000000000000000000000000,0.000018686420311767,Gas,address,address
0xa398ead60a5fe4e975698604043db9f094ba1f5f87b84a07b36da50b897807d7,25201704,1780065911,0x257cda2f9dabd296a9a7fc9065103c7972f4b943,0x0000000000000000000000000000000000000000,0.000059177074178105,Gas,address,address
0xa9149c5c14bd7ab0078ea9390c669d0519e97c36541a5c547563a2ba074837d6,25201704,1780065911,0x71fbaccdcd43cdab9161fe92a8359f90cf0e2905,0x0000000000000000000000000000000000000000,0.000018686420311767,Gas,address,address
0xd2ab70bc7fed50486ab43cfdedd831d9ca4cc1be5880fe0aace86f2ffc96ea77,25201704,1780065911,0x6e659b2f0caccb0c5d642c87b300d7efc367454b,0x0000000000000000000000000000000000000000,0.000064561439765459,Gas,address,address
0xd45194d3e67bca047d9c2a588f7bd5328f67cb52846c1de9847b4029aae236ec,25201704,1780065911,0x71fbaccdcd43cdab9161fe92a8359f90cf0e2905,0x0000000000000000000000000000000000000000,0.000059177074178105,Gas,address,address
0x0e8bbff45000e0bf55fad7791b24bbdcb82eef84cbcf4663702b42bd9c7612f0,25201705,1780065923,0x1ca0d010717627675c50d3c6ff5bbec6d317ef3f,0x3328f7f4a1d1c57c35df56bbf0c9dcafca309c49,0.082163441067053811,Direct,address,address
0x0e8bbff45000e0bf55fad7791b24bbdcb82eef84cbcf4663702b42bd9c7612f0,25201705,1780065923,0x1ca0d010717627675c50d3c6ff5bbec6d317ef3f,0x0000000000000000000000000000000000000000,0.000066243409220079,Gas,address,address
0x4ca9de5ac7fed9b8bf2a2bab3a377a82bc4a4e18c7a1a8347b42dea0d2a16483,25201705,1780065923,0x20323dbb5ef6c976743e3bff6e6e0123a427a2cf,0x7a250d5630b4cf539739df2c5dacb4c659f2488d,0.119679697215400060,Direct,address,address
0x4ca9de5ac7fed9b8bf2a2bab3a377a82bc4a4e18c7a1a8347b42dea0d2a16483,25201705,1780065923,0x20323dbb5ef6c976743e3bff6e6e0123a427a2cf,0x0000000000000000000000000000000000000000,0.000062795466453390,Gas,address,address
0x8487197397c501a98f58d14db5e4590fa7f15352ee85bdec991add16784de508,25201705,1780065923,0xeadc53afe6479b990ca0a75492b56cdd1697d602,0x3328f7f4a1d1c57c35df56bbf0c9dcafca309c49,0.120054365129841897,Direct,address,address
0x8487197397c501a98f58d14db5e4590fa7f15352ee85bdec991add16784de508,25201705,1780065923,0xeadc53afe6479b990ca0a75492b56cdd1697d602,0x0000000000000000000000000000000000000000,0.000066243409220079,Gas,address,address
0xbcf9ede6e5a7b6d867f769a225a483f0d2f251a033f0cc1c13fcb9c0faa16f49,25201705,1780065923,0xe632ab5fac6661e9feb0a60a460bb1f836653e24,0x3328f7f4a1d1c57c35df56bbf0c9dcafca309c49,0.098100000000000007,Direct,address,address
0xbcf9ede6e5a7b6d867f769a225a483f0d2f251a033f0cc1c13fcb9c0faa16f49,25201705,1780065923,0xe632ab5fac6661e9feb0a60a460bb1f836653e24,0x0000000000000000000000000000000000000000,0.000066243409220079,Gas,address,address
0xc88ab2e7bed82bb1d71e66154d73bfe3e17344a211249d5bc027dcddd4c4464a,25201705,1780065923,0x29dfe95936285daba90ceeb38d679c9fca5dfd04,0x7a250d5630b4cf539739df2c5dacb4c659f2488d,0.073633176173146117,Direct,address,address
0xc88ab2e7bed82bb1d71e66154d73bfe3e17344a211249d5bc027dcddd4c4464a,25201705,1780065923,0x29dfe95936285daba90ceeb38d679c9fca5dfd04,0x0000000000000000000000000000000000000000,0.000058489775066526,Gas,address,address
0x558fc1fda0166db2a1dd8c637a96d041be93b5fece3e3b0ffc1ccd80fcb17907,25201707,1780065947,0x7a1de418ef3682c1cd451fcfc3a170450c5561f9,0x7a250d5630b4cf539739df2c5dacb4c659f2488d,0.099500000000000005,Direct,address,address
0x558fc1fda0166db2a1dd8c637a96d041be93b5fece3e3b0ffc1ccd80fcb17907,25201707,1780065947,0x7a1de418ef3682c1cd451fcfc3a170450c5561f9,0x0000000000000000000000000000000000000000,0.000059199395067856,Gas,address,address
0xe7b2dee3eda162563bcb2e8b8b62b9338fddd559cf395fa5f8ea46db06a76a25,25201707,1780065947,0x7f3d829e5076c3662c1e71170729f0d7bbafed3e,0x7a250d5630b4cf539739df2c5dacb4c659f2488d,0.059999999999999998,Direct,address,address
0xe7b2dee3eda162563bcb2e8b8b62b9338fddd559cf395fa5f8ea46db06a76a25,25201707,1780065947,0x7f3d829e5076c3662c1e71170729f0d7bbafed3e,0x0000000000000000000000000000000000000000,0.000063557324725840,Gas,address,address
0x7dec4c48ba4b5f14938f74cbea9a8e363440b2e6f2723c81bb9d2131d84a65b1,25201708,1780065959,0x93468d3862295dafbacbebc5b278afc38425c3c9,0x3328f7f4a1d1c57c35df56bbf0c9dcafca309c49,0.130549672331125466,Direct,address,address
0x7dec4c48ba4b5f14938f74cbea9a8e363440b2e6f2723c81bb9d2131d84a65b1,25201708,1780065959,0x93468d3862295dafbacbebc5b278afc38425c3c9,0x0000000000000000000000000000000000000000,0.000070975630549341,Gas,address,address
0x0b83b7d42c19bea44d2650e2fdd49f82bb8a6857de3286f24dcabb09ae72a27e,25201715,1780066043,0x9ec2f5e65548f87e107aa61bec0a4c13ce6ba663,0x0000000000000000000000000000000000000000,0.000050058653357004,Gas,address,address
0x34ed8a2c234451dc15174d5dbb1057a93ec8fd046e22ddc365cff03e20f1fc54,25201715,1780066043,0x9ec2f5e65548f87e107aa61bec0a4c13ce6ba663,0x0000000000000000000000000000000000000000,0.000179399499648736,Gas,address,address
0x2397543ea5a77604c8d63c84906e73a7c9476d95939f3c029d31b72765abcc21,25201759,1780066571,0x7f3d829e5076c3662c1e71170729f0d7bbafed3e,0x3328f7f4a1d1c57c35df56bbf0c9dcafca309c49,0.048893803054402094,Direct,address,address
0x2397543ea5a77604c8d63c84906e73a7c9476d95939f3c029d31b72765abcc21,25201759,1780066571,0x7f3d829e5076c3662c1e71170729f0d7bbafed3e,0x0000000000000000000000000000000000000000,0.000148003728221977,Gas,address,address
0xac1f895305fb82f097e460d0a57f66f08f45d8cc1a3abf06bc9a47d901d91f65,25201759,1780066571,0x7a1de418ef3682c1cd451fcfc3a170450c5561f9,0x7a250d5630b4cf539739df2c5dacb4c659f2488d,0.023604686971600244,Direct,address,address
0xac1f895305fb82f097e460d0a57f66f08f45d8cc1a3abf06bc9a47d901d91f65,25201759,1780066571,0x7a1de418ef3682c1cd451fcfc3a170450c5561f9,0x0000000000000000000000000000000000000000,0.000095097959546272,Gas,address,address
0x2d7942f6c4ba906989373c3131a411f3fc9c859a1d7d2fe278a9ac9a0b9bd820,25201762,1780066607,0x596a5e9b117a3d7b21e0f77ff4431c4d1770f494,0x3328f7f4a1d1c57c35df56bbf0c9dcafca309c49,0.059999999999999998,Direct,address,address
0x2d7942f6c4ba906989373c3131a411f3fc9c859a1d7d2fe278a9ac9a0b9bd820,25201762,1780066607,0x596a5e9b117a3d7b21e0f77ff4431c4d1770f494,0x0000000000000000000000000000000000000000,0.000103408956060288,Gas,address,address
0xb670a24df4e96fac0e5cf32aa35e0204ab291f2adac6230252b51b83fc992760,25201762,1780066607,0xcbb3baa593bea0f5c3509bf612422d6f1abb926c,0x3328f7f4a1d1c57c35df56bbf0c9dcafca309c49,0.070000000000000007,Direct,address,address
0xb670a24df4e96fac0e5cf32aa35e0204ab291f2adac6230252b51b83fc992760,25201762,1780066607,0xcbb3baa593bea0f5c3509bf612422d6f1abb926c,0x0000000000000000000000000000000000000000,0.000103408956060288,Gas,address,address
0xde992b092412789e5e90b3a29fb7fc2c0804460ce029ca96f6c1ae938f614393,25201762,1780066607,0xa1e1d9c48c2e160a3cec8c87fcc43fca5e050fef,0x3328f7f4a1d1c57c35df56bbf0c9dcafca309c49,0.089999999999999997,Direct,address,address
0xde992b092412789e5e90b3a29fb7fc2c0804460ce029ca96f6c1ae938f614393,25201762,1780066607,0xa1e1d9c48c2e160a3cec8c87fcc43fca5e050fef,0x0000000000000000000000000000000000000000,0.000110131257805440,Gas,address,address
0x6af6a17a3235f03ed00b0a835bf58f12c4d2513e189a015962bb73134dfcac99,25201764,1780066631,0xa18d64318ddf90d2c08c96acb0210467fc787478,0x7a250d5630b4cf539739df2c5dacb4c659f2488d,0.070000000000000007,Direct,address,address
0x6af6a17a3235f03ed00b0a835bf58f12c4d2513e189a015962bb73134dfcac99,25201764,1780066631,0xa18d64318ddf90d2c08c96acb0210467fc787478,0x0000000000000000000000000000000000000000,0.000091003998671008,Gas,address,address
0xb2d377a9f1621ca2f0fb0e5c7a0a8c0f99e4de1c8726b5d54fc174a3bf773dd7,25201764,1780066631,0xf7b096deccabc81290c7666e15f838bf90d4fd00,0x3328f7f4a1d1c57c35df56bbf0c9dcafca309c49,0.100000000000000006,Direct,address,address
0xb2d377a9f1621ca2f0fb0e5c7a0a8c0f99e4de1c8726b5d54fc174a3bf773dd7,25201764,1780066631,0xf7b096deccabc81290c7666e15f838bf90d4fd00,0x0000000000000000000000000000000000000000,0.000109769971112405,Gas,address,address
0xffcc37f64d30881c411c927f7dea9dcde63cea48ecd670c87cf28c168bbd2ea7,25201764,1780066631,0x870a8213faf15d366677de6fa8aed31cd2154a87,0x3328f7f4a1d1c57c35df56bbf0c9dcafca309c49,0.100000000000000006,Direct,address,address
0xffcc37f64d30881c411c927f7dea9dcde63cea48ecd670c87cf28c168bbd2ea7,25201764,1780066631,0x870a8213faf15d366677de6fa8aed31cd2154a87,0x0000000000000000000000000000000000000000,0.000103069721945381,Gas,address,address
0x8f79b1219fbdf84ef5fdd8fca2511e62951c9e057bdd20d51b19a8d86a6b1ef3,25201766,1780066655,0xdb7f5bb0d3815862a77330d3056690fd01b6341f,0x3328f7f4a1d1c57c35df56bbf0c9dcafca309c49,0.099000000000000005,Direct,address,address
0x8f79b1219fbdf84ef5fdd8fca2511e62951c9e057bdd20d51b19a8d86a6b1ef3,25201766,1780066655,0xdb7f5bb0d3815862a77330d3056690fd01b6341f,0x0000000000000000000000000000000000000000,0.000100040727773428,Gas,address,address
0x93bd9c80fd866b4ba1cc2ce3f27d23782e93194bd1de813d6277e84b6e52004f,25201766,1780066655,0xe635e0d567fe83ac4cba2902a6448f9f9889b2fd,0x7a250d5630b4cf539739df2c5dacb4c659f2488d,0.109474482225053502,Direct,address,address
0x93bd9c80fd866b4ba1cc2ce3f27d23782e93194bd1de813d6277e84b6e52004f,25201766,1780066655,0xe635e0d567fe83ac4cba2902a6448f9f9889b2fd,0x0000000000000000000000000000000000000000,0.000088329589771904,Gas,address,address
0x9d43af006c7c3f74fcc26973aa7dc3d8efb87f3b5df6bbf843aac6f4c6c2dbf2,25201766,1780066655,0xc1e67fd3c3ebff35e87a76fc9e7c4598ed2fdf79,0x3328f7f4a1d1c57c35df56bbf0c9dcafca309c49,0.096165430219869938,Direct,address,address
0x9d43af006c7c3f74fcc26973aa7dc3d8efb87f3b5df6bbf843aac6f4c6c2dbf2,25201766,1780066655,0xc1e67fd3c3ebff35e87a76fc9e7c4598ed2fdf79,0x0000000000000000000000000000000000000000,0.000100040727773428,Gas,address,address
0xb43430c5ef84d3b9a0ba6cc0db5afc3eeb15fd61d2d678cc1994a0b5f9e995de,25201766,1780066655,0x7fce3e6b828ee24ac69d0027e8eca33c77a22009,0x7a250d5630b4cf539739df2c5dacb4c659f2488d,0.089999999999999997,Direct,address,address
0xb43430c5ef84d3b9a0ba6cc0db5afc3eeb15fd61d2d678cc1994a0b5f9e995de,25201766,1780066655,0x7fce3e6b828ee24ac69d0027e8eca33c77a22009,0x0000000000000000000000000000000000000000,0.000088322097440720,Gas,address,address
0x2e9bd11ccf5c9387128b649c5af39196cb7924effebcd7f5db87cd18d6a97b4a,25201768,1780066679,0xbc8a46c29a79250bee25f77b8475804a1650a8e3,0x7a250d5630b4cf539739df2c5dacb4c659f2488d,0.089999999999999997,Direct,address,address
0x2e9bd11ccf5c9387128b649c5af39196cb7924effebcd7f5db87cd18d6a97b4a,25201768,1780066679,0xbc8a46c29a79250bee25f77b8475804a1650a8e3,0x0000000000000000000000000000000000000000,0.000089753578592928,Gas,address,address
0xee9c14ee3f903157792a3e3398c19f1bfd09d7992006f57d84ad389abe17304c,25201768,1780066679,0x77b7fdf464ce43597d20608c0ef9865a4f4c7fa5,0x7a250d5630b4cf539739df2c5dacb4c659f2488d,0.089999999999999997,Direct,address,address
0xee9c14ee3f903157792a3e3398c19f1bfd09d7992006f57d84ad389abe17304c,25201768,1780066679,0x77b7fdf464ce43597d20608c0ef9865a4f4c7fa5,0x0000000000000000000000000000000000000000,0.000096361764485712,Gas,address,address
0x3971f6b4da479897db986699b2a77c0d2bfed1a387366939de9ff58173ebdabc,25201769,1780066691,0xf7b096deccabc81290c7666e15f838bf90d4fd00,0x0000000000000000000000000000000000000000,0.000098484629522880,Gas,address,address
0x75f52a0184d44f7542b6bddbf28b355c37cc3a472ba56fbbe67a99a18a0a4e6c,25201769,1780066691,0xf7b096deccabc81290c7666e15f838bf90d4fd00,0x0000000000000000000000000000000000000000,0.000029005516741308,Gas,address,address
0xa427a6c846d21e278e9a9f00872926691c4f657ca3ba2318a64f441d7abc7c92,25201769,1780066691,0xa18d64318ddf90d2c08c96acb0210467fc787478,0x0000000000000000000000000000000000000000,0.000091870417744984,Gas,address,address
0xb204bc7ef0e48fe752e6e888798090d7c9c3000a1186ec7eca31cd8a49be2815,25201769,1780066691,0xa18d64318ddf90d2c08c96acb0210467fc787478,0x0000000000000000000000000000000000000000,0.000029005516741308,Gas,address,address
0xf6bc4223df003853a5ea380d805cd19228d455654d9dcb39c597842b203d250e,25201775,1780066763,0x4d8b6d3723d8df7370e3d10d30fe5d4daede234a,0x4313c378cc91ea583c91387b9216e2c03096b27f,0.299999999999999989,Direct,address,address
0xf6bc4223df003853a5ea380d805cd19228d455654d9dcb39c597842b203d250e,25201775,1780066763,0x4d8b6d3723d8df7370e3d10d30fe5d4daede234a,0x0000000000000000000000000000000000000000,0.000937473098246793,Gas,address,address
0xc8674190e4053f8cdbf6289a62b1cdc78c409ceebc9d5486d5f870ece7c4365c,25201782,1780066847,0x4d8b6d3723d8df7370e3d10d30fe5d4daede234a,0x0000000000000000000000000000000000000000,0.000060958081958388,Gas,address,address
0xd3d8c61654fcd498b115118066998f28c78b3410c994054fad5aa394dd8a7ded,25201782,1780066847,0x4d8b6d3723d8df7370e3d10d30fe5d4daede234a,0x0000000000000000000000000000000000000000,0.000257366468781312,Gas,address,address
0x8605cfb80555402afdd23aa92036b1ad2826af2c53ffcb2f0292fec99ae2254c,25201795,1780067003,0xbc8a46c29a79250bee25f77b8475804a1650a8e3,0x3328f7f4a1d1c57c35df56bbf0c9dcafca309c49,0.050000000000000003,Direct,address,address
0x8605cfb80555402afdd23aa92036b1ad2826af2c53ffcb2f0292fec99ae2254c,25201795,1780067003,0xbc8a46c29a79250bee25f77b8475804a1650a8e3,0x0000000000000000000000000000000000000000,0.000087236852622955,Gas,address,address
0x23cf6d2e11a2aec537cb489ef28a136369cc4af68f4e432b9cfbd6fc04ebdb7b,25201831,1780067435,0x4d8b6d3723d8df7370e3d10d30fe5d4daede234a,0x4313c378cc91ea583c91387b9216e2c03096b27f,0.050000000000000003,Direct,address,address
0x23cf6d2e11a2aec537cb489ef28a136369cc4af68f4e432b9cfbd6fc04ebdb7b,25201831,1780067435,0x4d8b6d3723d8df7370e3d10d30fe5d4daede234a,0x0000000000000000000000000000000000000000,0.000387459249337125,Gas,address,address
0x24d54fae7fcf8a32f776bec271a7545760091e9c8da9ae2a14fd4194135d2708,25201831,1780067435,0x4d8b6d3723d8df7370e3d10d30fe5d4daede234a,0x4313c378cc91ea583c91387b9216e2c03096b27f,0.050000000000000003,Direct,address,address
0x24d54fae7fcf8a32f776bec271a7545760091e9c8da9ae2a14fd4194135d2708,25201831,1780067435,0x4d8b6d3723d8df7370e3d10d30fe5d4daede234a,0x0000000000000000000000000000000000000000,0.000416665307245005,Gas,address,address
0x21da25ef6976067c087fd2e4fd6efc2084c33c82dfcc89d2a0d97c01cdc125e7,25201833,1780067459,0xfde8ca90a0e648ba896b8a4d0f579c36c373fdd3,0x3328f7f4a1d1c57c35df56bbf0c9dcafca309c49,0.101765363247228180,Direct,address,address
0x21da25ef6976067c087fd2e4fd6efc2084c33c82dfcc89d2a0d97c01cdc125e7,25201833,1780067459,0xfde8ca90a0e648ba896b8a4d0f579c36c373fdd3,0x0000000000000000000000000000000000000000,0.000108845819409587,Gas,address,address
0x5fdff8fbc746f070eda34b6ae3099c38fc610acd3fbfd115ca73ef60f1627404,25201833,1780067459,0x3bf21733e11dcd57e97d60012af268c27de54839,0x7a250d5630b4cf539739df2c5dacb4c659f2488d,0.095617444006098298,Direct,address,address
0x5fdff8fbc746f070eda34b6ae3099c38fc610acd3fbfd115ca73ef60f1627404,25201833,1780067459,0x3bf21733e11dcd57e97d60012af268c27de54839,0x0000000000000000000000000000000000000000,0.000096103924779616,Gas,address,address
0x6239c71a1071eb7a858807bd6a450a2db4d324b2e83147b16a180e35d1753c66,25201833,1780067459,0xce0e56416d5e8bd78c9dc305f6fc05b5715111c8,0x7a250d5630b4cf539739df2c5dacb4c659f2488d,0.088682138655674370,Direct,address,address
0x6239c71a1071eb7a858807bd6a450a2db4d324b2e83147b16a180e35d1753c66,25201833,1780067459,0xce0e56416d5e8bd78c9dc305f6fc05b5715111c8,0x0000000000000000000000000000000000000000,0.000096103924779616,Gas,address,address
0x915dfaf59b30503c6a620eb39694d137437090cf076c0157beb05b1bb058ae9a,25201833,1780067459,0x10929a535625d921fbff72480142dea0184be50e,0x3328f7f4a1d1c57c35df56bbf0c9dcafca309c49,0.110451293945867696,Direct,address,address
0x915dfaf59b30503c6a620eb39694d137437090cf076c0157beb05b1bb058ae9a,25201833,1780067459,0x10929a535625d921fbff72480142dea0184be50e,0x0000000000000000000000000000000000000000,0.000108845819409587,Gas,address,address
0xce558121b1616759238e47442c9ada7cf100a2d0a9b71a6c096210a245793149,25201833,1780067459,0x750819c35800a9acdf9a800212202ddb100af5db,0x7a250d5630b4cf539739df2c5dacb4c659f2488d,0.137963094400184338,Direct,address,address
0xce558121b1616759238e47442c9ada7cf100a2d0a9b71a6c096210a245793149,25201833,1780067459,0x750819c35800a9acdf9a800212202ddb100af5db,0x0000000000000000000000000000000000000000,0.000103171508707228,Gas,address,address
0xe854d07b71eb4e0220af6537a7aded3dc6b08c0710544ebc643094b68c372114,25201833,1780067459,0x2b28ab667f3a0efbb744ba310761eb0cf3046062,0x7a250d5630b4cf539739df2c5dacb4c659f2488d,0.111491151124315194,Direct,address,address
0xe854d07b71eb4e0220af6537a7aded3dc6b08c0710544ebc643094b68c372114,25201833,1780067459,0x2b28ab667f3a0efbb744ba310761eb0cf3046062,0x0000000000000000000000000000000000000000,0.000096103924779616,Gas,address,address
0x0332b62aa9faa1c3d9480d9e62cf45efa9c91b1919a7759bdcb0c7b98d9eca52,25201838,1780067519,0xff5202ecf522699226d19ecc0881532722106ccd,0x3328f7f4a1d1c57c35df56bbf0c9dcafca309c49,0.087283009361853028,Direct,address,address
0x0332b62aa9faa1c3d9480d9e62cf45efa9c91b1919a7759bdcb0c7b98d9eca52,25201838,1780067519,0xff5202ecf522699226d19ecc0881532722106ccd,0x0000000000000000000000000000000000000000,0.000129155200547509,Gas,address,address
0xd7defc53fc8e8ad6be933bc7051e457637ac2f861aaf5a090422926a99d6c10e,25201838,1780067519,0xd5902c4f0b456f47fadf5e83d1a3eb96d6f9408c,0x3328f7f4a1d1c57c35df56bbf0c9dcafca309c49,0.080000000000000002,Direct,address,address
0xd7defc53fc8e8ad6be933bc7051e457637ac2f861aaf5a090422926a99d6c10e,25201838,1780067519,0xd5902c4f0b456f47fadf5e83d1a3eb96d6f9408c,0x0000000000000000000000000000000000000000,0.000129155200547509,Gas,address,address
0xbb6a877f9364149eef3aeb9258e0ed9fd6e22f4b51c747c7b92f12e00aca8043,25201844,1780067591,0xe12af9854d77ee2463e84966bb4b18b5dd31c20a,0x7a250d5630b4cf539739df2c5dacb4c659f2488d,0.100000000000000006,Direct,address,address
0xbb6a877f9364149eef3aeb9258e0ed9fd6e22f4b51c747c7b92f12e00aca8043,25201844,1780067591,0xe12af9854d77ee2463e84966bb4b18b5dd31c20a,0x0000000000000000000000000000000000000000,0.000124896427488624,Gas,address,address
0xd402fb07145f9b276d56a0c460cf603d656e121729e17bb48b7afbea0ba47593,25201844,1780067591,0x063676cb3ae3c76fb7282f6db01d010abf7e95a0,0x7a250d5630b4cf539739df2c5dacb4c659f2488d,0.070000000000000007,Direct,address,address
0xd402fb07145f9b276d56a0c460cf603d656e121729e17bb48b7afbea0ba47593,25201844,1780067591,0x063676cb3ae3c76fb7282f6db01d010abf7e95a0,0x0000000000000000000000000000000000000000,0.000116331424402656,Gas,address,address
0xfcb164ca2ce2a99885d2e9766d9cadaa5e1fafa931ba29b0659411229ef92221,25201846,1780067615,0x4d8b6d3723d8df7370e3d10d30fe5d4daede234a,0x4313c378cc91ea583c91387b9216e2c03096b27f,0.020000000000000000,Direct,address,address
0xfcb164ca2ce2a99885d2e9766d9cadaa5e1fafa931ba29b0659411229ef92221,25201846,1780067615,0x4d8b6d3723d8df7370e3d10d30fe5d4daede234a,0x0000000000000000000000000000000000000000,0.000411690084456600,Gas,address,address
0x9232e34f8f5fa615385af75f5d3d071799a3927bc8c5e8db85746aafab1ce273,25201852,1780067687,0x063676cb3ae3c76fb7282f6db01d010abf7e95a0,0x7a250d5630b4cf539739df2c5dacb4c659f2488d,0.025009099000776552,Direct,address,address
0x9232e34f8f5fa615385af75f5d3d071799a3927bc8c5e8db85746aafab1ce273,25201852,1780067687,0x063676cb3ae3c76fb7282f6db01d010abf7e95a0,0x0000000000000000000000000000000000000000,0.000107366272213892,Gas,address,address
0x15c67455ce88f8b6691ac15d649d97ebbdfcaf6173ae18d0f4724044351fcf0f,25201853,1780067699,0x2b28ab667f3a0efbb744ba310761eb0cf3046062,0x0000000000000000000000000000000000000000,0.000036218418343719,Gas,address,address
0x25e6953d290956934f837acd281dac4c2227f799941c52b2d0bc6398750f680d,25201853,1780067699,0x2b28ab667f3a0efbb744ba310761eb0cf3046062,0x0000000000000000000000000000000000000000,0.000114716150481862,Gas,address,address
0x38341322fc413b983300823807eb70354682fe2e00d9bc14c7746b14fc233d14,25201853,1780067699,0x750819c35800a9acdf9a800212202ddb100af5db,0x0000000000000000000000000000000000000000,0.000036218418343719,Gas,address,address
0x4485fa219ddf6ed373efbdbfc3e34c1e4fc599267a42b9d0d99cfc5f29b17c54,25201853,1780067699,0x750819c35800a9acdf9a800212202ddb100af5db,0x0000000000000000000000000000000000000000,0.000125152242687040,Gas,address,address
0xb329d60be007249af5207001bf51fa57ad62143e61e86bd9c7b4cabc4c47d753,25201853,1780067699,0xfde8ca90a0e648ba896b8a4d0f579c36c373fdd3,0x0000000000000000000000000000000000000000,0.000114716150481862,Gas,address,address
0xf93cd416e72715595700902f757c24bdb3ebc921f22047b28dc174ea0118f821,25201853,1780067699,0xfde8ca90a0e648ba896b8a4d0f579c36c373fdd3,0x0000000000000000000000000000000000000000,0.000036218418343719,Gas,address,address
0x02d08c0218b2ba8d056e21a3f315544bd77ca8f401212404b9648ab8cdaf85e1,25201854,1780067711,0x4d8b6d3723d8df7370e3d10d30fe5d4daede234a,0x0000000000000000000000000000000000000000,0.000531575346634189,Gas,address,address
0x83f62c34cfebdf2ce1fb3a3453de2b2a0c2840a8ec6e5bbf2b1d3c9cb1e766af,25201854,1780067711,0x4d8b6d3723d8df7370e3d10d30fe5d4daede234a,0x0000000000000000000000000000000000000000,0.000080080934995581,Gas,address,address
0x98d1304369f2030c9edaa2611e8187af15759a4546e91d6bbfb26b67ebe168f0,25201856,1780067735,0x9ec2f5e65548f87e107aa61bec0a4c13ce6ba663,0x0000000000000000000000000000000000000000,0.000473293792164785,Gas,address,address
0xaa9d0e350ddb773e8cac4ec86704edc2c4268842bd006dd3d6056dc6afbc6b60,25201856,1780067735,0x9ec2f5e65548f87e107aa61bec0a4c13ce6ba663,0x0000000000000000000000000000000000000000,0.000076416958300566,Gas,address,address
0x167cc1df9ef835115b72a964ddce8ba77eeb567223f71273910686c5bfb94406,25201954,1780068911,0x9ec2f5e65548f87e107aa61bec0a4c13ce6ba663,0x4313c378cc91ea583c91387b9216e2c03096b27f,0.100000000000000006,Direct,address,address
0x167cc1df9ef835115b72a964ddce8ba77eeb567223f71273910686c5bfb94406,25201954,1780068911,0x9ec2f5e65548f87e107aa61bec0a4c13ce6ba663,0x0000000000000000000000000000000000000000,0.000833167155817152,Gas,address,address
0x3cec3080504f285347996a5e3a1e9bf32af43d7b87a2e554fec3c3961abd8282,25202077,1780070387,0x9ec2f5e65548f87e107aa61bec0a4c13ce6ba663,0x0000000000000000000000000000000000000000,0.000068406429220038,Gas,address,address
0x7aa2af8ae6cc8ab996d9c8f83391d1dac6401a526e4df5cb0a6bf58ee6553c20,25202077,1780070387,0x9ec2f5e65548f87e107aa61bec0a4c13ce6ba663,0x0000000000000000000000000000000000000000,0.000349412988676563,Gas,address,address
0x1edb3b3efbed8d274c2ee1350d57963b8b686675b6a0efbec2ec4ddbdfb10096,25202158,1780071371,0x4d8b6d3723d8df7370e3d10d30fe5d4daede234a,0x4313c378cc91ea583c91387b9216e2c03096b27f,0.050000000000000003,Direct,address,address
0x1edb3b3efbed8d274c2ee1350d57963b8b686675b6a0efbec2ec4ddbdfb10096,25202158,1780071371,0x4d8b6d3723d8df7370e3d10d30fe5d4daede234a,0x0000000000000000000000000000000000000000,0.004513320268503564,Gas,address,address
0xac4ecdc8b49f6f7de56d06331b712a33607d4f7498443069e056aa1d94acbdde,25202162,1780071419,0x4d8b6d3723d8df7370e3d10d30fe5d4daede234a,0x0000000000000000000000000000000000000000,0.000121635160198162,Gas,address,address
0xe1e14937d670734215b78fb08b614faf5855d5e204e91198140f6f9c181ee2af,25202162,1780071419,0x4d8b6d3723d8df7370e3d10d30fe5d4daede234a,0x0000000000000000000000000000000000000000,0.000381001122954028,Gas,address,address
0xa1c91bc89e5c4fda1ed6f1036e4072db1c5d3b05adae519e3914df49843a6486,25202165,1780071455,0x2348e8a3a21dbe64ace84853d7b4b696e8a1fc27,0x28474cbcd780aeeb3ed1501b68254bed87cf5597,0.005000000000000000,Direct,address,victim_vault
0xb5f0d6899882a8b1b2946114aa575d7cbfed84b454c169202ab43c4fdd3571fe,25202167,1780071479,0x4d8b6d3723d8df7370e3d10d30fe5d4daede234a,0x4313c378cc91ea583c91387b9216e2c03096b27f,0.020000000000000000,Direct,address,address
0xb5f0d6899882a8b1b2946114aa575d7cbfed84b454c169202ab43c4fdd3571fe,25202167,1780071479,0x4d8b6d3723d8df7370e3d10d30fe5d4daede234a,0x0000000000000000000000000000000000000000,0.000458958822173696,Gas,address,address
0xc1b4e16228f7f1302f004880b914aa7456684530a878ce50c451446429646f67,25202167,1780071479,0x4d8b6d3723d8df7370e3d10d30fe5d4daede234a,0x4313c378cc91ea583c91387b9216e2c03096b27f,0.020000000000000000,Direct,address,address
0xc1b4e16228f7f1302f004880b914aa7456684530a878ce50c451446429646f67,25202167,1780071479,0x4d8b6d3723d8df7370e3d10d30fe5d4daede234a,0x0000000000000000000000000000000000000000,0.000504309436189796,Gas,address,address
0x62139aec8e0868b3db3ec5c163949e45e275f54e829d0a1c9791dc5e97a6d038,25202170,1780071515,0x9ec2f5e65548f87e107aa61bec0a4c13ce6ba663,0x4313c378cc91ea583c91387b9216e2c03096b27f,0.020000000000000000,Direct,address,address
0x62139aec8e0868b3db3ec5c163949e45e275f54e829d0a1c9791dc5e97a6d038,25202170,1780071515,0x9ec2f5e65548f87e107aa61bec0a4c13ce6ba663,0x0000000000000000000000000000000000000000,0.000493884364339180,Gas,address,address
0x475301ad80e6d3d9b446d93255831b6ccdb638c8b0bbff4360105b9c0212e6f7,25202171,1780071527,0x2348e8a3a21dbe64ace84853d7b4b696e8a1fc27,0x28474cbcd780aeeb3ed1501b68254bed87cf5597,0.005000000000000000,Direct,address,victim_vault
0x051a3bd90de0bea721c1c96b15649be02b90263ae0a0b983f9a5adb096169fa7,25202173,1780071551,0x2348e8a3a21dbe64ace84853d7b4b696e8a1fc27,0x28474cbcd780aeeb3ed1501b68254bed87cf5597,0.005000000000000000,Direct,address,victim_vault
0xa2199be00bd8d745bacdb2119b4d25710d56459fce21f5d5e9be054557463e36,25202174,1780071563,0x2348e8a3a21dbe64ace84853d7b4b696e8a1fc27,0x28474cbcd780aeeb3ed1501b68254bed87cf5597,0.005000000000000000,Direct,address,victim_vault
0x1eceacce6e0d8da9e97c3ed3c05bc3dfa8cc4f9edf314fc30f1b00ab9aa83b9d,25202175,1780071575,0x596a5e9b117a3d7b21e0f77ff4431c4d1770f494,0x7a250d5630b4cf539739df2c5dacb4c659f2488d,0.034815977650622082,Direct,address,address
0x1eceacce6e0d8da9e97c3ed3c05bc3dfa8cc4f9edf314fc30f1b00ab9aa83b9d,25202175,1780071575,0x596a5e9b117a3d7b21e0f77ff4431c4d1770f494,0x0000000000000000000000000000000000000000,0.000205703961886368,Gas,address,address
0xcec7ea62c4dd33ea401792193c8fe4af552a5ec51ad63584857fd6febb999214,25202175,1780071575,0xa1e1d9c48c2e160a3cec8c87fcc43fca5e050fef,0x3328f7f4a1d1c57c35df56bbf0c9dcafca309c49,0.043181329308584121,Direct,address,address
0xcec7ea62c4dd33ea401792193c8fe4af552a5ec51ad63584857fd6febb999214,25202175,1780071575,0xa1e1d9c48c2e160a3cec8c87fcc43fca5e050fef,0x0000000000000000000000000000000000000000,0.000248122261480005,Gas,address,address
0xfb0e5a9605a48791bd91f4a3766d991ca3786561e1022ff905d20c2fc2282e1e,25202175,1780071575,0xcbb3baa593bea0f5c3509bf612422d6f1abb926c,0x7a250d5630b4cf539739df2c5dacb4c659f2488d,0.016211388188431246,Direct,address,address
0xfb0e5a9605a48791bd91f4a3766d991ca3786561e1022ff905d20c2fc2282e1e,25202175,1780071575,0xcbb3baa593bea0f5c3509bf612422d6f1abb926c,0x0000000000000000000000000000000000000000,0.000205703961886368,Gas,address,address
0x974fde0c7c1e639768fc55c8c7860f83923c48835908e487f9125513a5935622,25202178,1780071611,0x4d8b6d3723d8df7370e3d10d30fe5d4daede234a,0x4313c378cc91ea583c91387b9216e2c03096b27f,0.100000000000000006,Direct,address,address
0x974fde0c7c1e639768fc55c8c7860f83923c48835908e487f9125513a5935622,25202178,1780071611,0x4d8b6d3723d8df7370e3d10d30fe5d4daede234a,0x0000000000000000000000000000000000000000,0.000503268813249405,Gas,address,address
0xe8dcd6e5f0db0b7b50f6c3f2e30ae0ebc96633afc0ef0c6f7718665594f2fad5,25202180,1780071635,0x77b7fdf464ce43597d20608c0ef9865a4f4c7fa5,0x7a250d5630b4cf539739df2c5dacb4c659f2488d,0.056996604996314863,Direct,address,address
0xe8dcd6e5f0db0b7b50f6c3f2e30ae0ebc96633afc0ef0c6f7718665594f2fad5,25202180,1780071635,0x77b7fdf464ce43597d20608c0ef9865a4f4c7fa5,0x0000000000000000000000000000000000000000,0.000218773989157328,Gas,address,address
0x52ce5f743287f3176b7dc93652fa6a191460e063bc263f3207419bd552fcde6d,25202181,1780071647,0x4d8b6d3723d8df7370e3d10d30fe5d4daede234a,0x0000000000000000000000000000000000000000,0.000148206317335616,Gas,address,address
0x9a1b47c554d86bc5acae82c32cf1d3570f55d5293e34e7e961c879dde5be0b8c,25202181,1780071647,0x4d8b6d3723d8df7370e3d10d30fe5d4daede234a,0x0000000000000000000000000000000000000000,0.000860197736486354,Gas,address,address
0x17a671e73e2ac4c86885adb095993472e1f93d3b9b2d40e609940e1f4a3744ed,25202184,1780071683,0x870a8213faf15d366677de6fa8aed31cd2154a87,0x7a250d5630b4cf539739df2c5dacb4c659f2488d,0.043069190452222975,Direct,address,address
0x17a671e73e2ac4c86885adb095993472e1f93d3b9b2d40e609940e1f4a3744ed,25202184,1780071683,0x870a8213faf15d366677de6fa8aed31cd2154a87,0x0000000000000000000000000000000000000000,0.000216940271458064,Gas,address,address
0x21ceb6feb4820245b4b1890a1b151ea77f1c0da5f78cee7c0b2a44009b941519,25202184,1780071683,0x77b7fdf464ce43597d20608c0ef9865a4f4c7fa5,0x7a250d5630b4cf539739df2c5dacb4c659f2488d,0.005033875172886683,Direct,address,address
0x21ceb6feb4820245b4b1890a1b151ea77f1c0da5f78cee7c0b2a44009b941519,25202184,1780071683,0x77b7fdf464ce43597d20608c0ef9865a4f4c7fa5,0x0000000000000000000000000000000000000000,0.000177639414843716,Gas,address,address
0x31c594f942fa5dc40da05d56d081526653340edbfdd5fded8c8be9aae88042c9,25202184,1780071683,0x4d8b6d3723d8df7370e3d10d30fe5d4daede234a,0x0000000000000000000000000000000000000000,0.000151282435884086,Gas,address,address
0x3967558151d98d35ae3a488165118ddd32bd08b5a1b9f8cfd63940bf03dd58ae,25202184,1780071683,0x4d8b6d3723d8df7370e3d10d30fe5d4daede234a,0x0000000000000000000000000000000000000000,0.000473866091524484,Gas,address,address
0x0a52fdb8c97d09bcb7d9d22781a4963875abe15192ac61af26f21dfc70d50268,25202205,1780071935,0x7f3d829e5076c3662c1e71170729f0d7bbafed3e,0x3328f7f4a1d1c57c35df56bbf0c9dcafca309c49,0.070000000000000007,Direct,address,address
0x0a52fdb8c97d09bcb7d9d22781a4963875abe15192ac61af26f21dfc70d50268,25202205,1780071935,0x7f3d829e5076c3662c1e71170729f0d7bbafed3e,0x0000000000000000000000000000000000000000,0.000259347592801560,Gas,address,address
0x1de24116ab7f2d77e193dd6e2ba8a43a846b41c753aeb99f7739d3e68fb28ea9,25202205,1780071935,0x1ca0d010717627675c50d3c6ff5bbec6d317ef3f,0x3328f7f4a1d1c57c35df56bbf0c9dcafca309c49,0.080000000000000002,Direct,address,address
0x1de24116ab7f2d77e193dd6e2ba8a43a846b41c753aeb99f7739d3e68fb28ea9,25202205,1780071935,0x1ca0d010717627675c50d3c6ff5bbec6d317ef3f,0x0000000000000000000000000000000000000000,0.000259347592801560,Gas,address,address
0x350cbc88da65cb6dc29925b2b7a1d231556b92d881b5634d09441d7c77bd6536,25202205,1780071935,0x2348e8a3a21dbe64ace84853d7b4b696e8a1fc27,0x28474cbcd780aeeb3ed1501b68254bed87cf5597,0.005000000000000000,Direct,address,victim_vault
0x49a281e18920272ed176d544d8f906833924ed667a34068c9fa503195a9d8013,25202205,1780071935,0x7a1de418ef3682c1cd451fcfc3a170450c5561f9,0x3328f7f4a1d1c57c35df56bbf0c9dcafca309c49,0.099500000000000005,Direct,address,address
0x49a281e18920272ed176d544d8f906833924ed667a34068c9fa503195a9d8013,25202205,1780071935,0x7a1de418ef3682c1cd451fcfc3a170450c5561f9,0x0000000000000000000000000000000000000000,0.000259347592801560,Gas,address,address
0xf98f7338c7e050222794211491ceaf310ccbd7103a5e3aea99889ccec5e1386e,25202212,1780072019,0x9ec2f5e65548f87e107aa61bec0a4c13ce6ba663,0x4313c378cc91ea583c91387b9216e2c03096b27f,0.025000000000000001,Direct,address,address
0xf98f7338c7e050222794211491ceaf310ccbd7103a5e3aea99889ccec5e1386e,25202212,1780072019,0x9ec2f5e65548f87e107aa61bec0a4c13ce6ba663,0x0000000000000000000000000000000000000000,0.000679173060312688,Gas,address,address
0xd9b816dbbbfb342fb26f489ea05d60cb8cbc7a6354e620df3edc92311bdbe99c,25202216,1780072067,0x9ec2f5e65548f87e107aa61bec0a4c13ce6ba663,0x4313c378cc91ea583c91387b9216e2c03096b27f,0.029999999999999999,Direct,address,address
0xd9b816dbbbfb342fb26f489ea05d60cb8cbc7a6354e620df3edc92311bdbe99c,25202216,1780072067,0x9ec2f5e65548f87e107aa61bec0a4c13ce6ba663,0x0000000000000000000000000000000000000000,0.000544324181087232,Gas,address,address
0x04575dce5d324cc283139cd56248e2791abb6fb1291aaffc1ec42874f0b603b9,25202220,1780072115,0x9ec2f5e65548f87e107aa61bec0a4c13ce6ba663,0x0000000000000000000000000000000000000000,0.000673384763953408,Gas,address,address
0xb5bbfc56178ac2c0e7c28e29977127d097999c65e38d2fb92ec91340c9efdcbb,25202220,1780072115,0x9ec2f5e65548f87e107aa61bec0a4c13ce6ba663,0x0000000000000000000000000000000000000000,0.000128177177266048,Gas,address,address
0x25920d6e09b856df2783b183cf0426544912099923291ed37076a9177cf7509b,25202234,1780072283,0x4d8b6d3723d8df7370e3d10d30fe5d4daede234a,0x4313c378cc91ea583c91387b9216e2c03096b27f,0.050000000000000003,Direct,address,address
0x25920d6e09b856df2783b183cf0426544912099923291ed37076a9177cf7509b,25202234,1780072283,0x4d8b6d3723d8df7370e3d10d30fe5d4daede234a,0x0000000000000000000000000000000000000000,0.000771500639357889,Gas,address,address
0x7224bf6d3101ed3b6004f67014a37824bb39312772783ffec54da524da090c8b,25202237,1780072319,0x9ec2f5e65548f87e107aa61bec0a4c13ce6ba663,0x4313c378cc91ea583c91387b9216e2c03096b27f,0.050000000000000003,Direct,address,address
0x7224bf6d3101ed3b6004f67014a37824bb39312772783ffec54da524da090c8b,25202237,1780072319,0x9ec2f5e65548f87e107aa61bec0a4c13ce6ba663,0x0000000000000000000000000000000000000000,0.000398969129104038,Gas,address,address
0xc2849087f067dabbbe188854317b6dc366d80a666b835821583c0b8361347e23,25202257,1780072559,0x4d8b6d3723d8df7370e3d10d30fe5d4daede234a,0x3328f7f4a1d1c57c35df56bbf0c9dcafca309c49,0.020000000000000000,Direct,address,address
0xc2849087f067dabbbe188854317b6dc366d80a666b835821583c0b8361347e23,25202257,1780072559,0x4d8b6d3723d8df7370e3d10d30fe5d4daede234a,0x0000000000000000000000000000000000000000,0.001994791907813616,Gas,address,address
0xa9f580ae3378f9ddd342a5e9539a1b24253eba15725bdc9d219c475bf23a23f9,25202258,1780072571,0x4d8b6d3723d8df7370e3d10d30fe5d4daede234a,0x0000000000000000000000000000000000000000,0.000272757027270964,Gas,address,address
0x8431ead3334e83ea708627620cfd7c61514e313127aa4cc964c0b61341ba927e,25202272,1780072751,0x4d8b6d3723d8df7370e3d10d30fe5d4daede234a,0x0000000000000000000000000000000000000000,0.000111045284248314,Gas,address,address
0x9cf652dd4dd8c6117a826a10391fe0134a03c387fc5ab4eef0a0497a1821c3ab,25202272,1780072751,0x4d8b6d3723d8df7370e3d10d30fe5d4daede234a,0x0000000000000000000000000000000000000000,0.000382196700982380,Gas,address,address
0xfdcc82a2b5d2ae864feb96a6d123daa5b141daeb4d658f24ab158298ec0d7127,25202278,1780072823,0x2348e8a3a21dbe64ace84853d7b4b696e8a1fc27,0x28474cbcd780aeeb3ed1501b68254bed87cf5597,0.005000000000000000,Direct,address,victim_vault
0xf9491d149b73618716279f65e3667834beed70f8f9f7daa75864bc4f474b9f46,25202280,1780072847,0x4d8b6d3723d8df7370e3d10d30fe5d4daede234a,0x3328f7f4a1d1c57c35df56bbf0c9dcafca309c49,0.020000000000000000,Direct,address,address
0xf9491d149b73618716279f65e3667834beed70f8f9f7daa75864bc4f474b9f46,25202280,1780072847,0x4d8b6d3723d8df7370e3d10d30fe5d4daede234a,0x0000000000000000000000000000000000000000,0.001788584739970760,Gas,address,address
0x9f7f04618d1bc36a69b4002901d725351f07fb852138d797341f0bfc5a2197f5,25202284,1780072895,0x9ec2f5e65548f87e107aa61bec0a4c13ce6ba663,0x0000000000000000000000000000000000000000,0.000276630236535180,Gas,address,address
0xe1d608f818abae22c3bcd7cba50e1faac6bc7f2fa1b3cd9fe80a19fcafcc4fe0,25202284,1780072895,0x9ec2f5e65548f87e107aa61bec0a4c13ce6ba663,0x0000000000000000000000000000000000000000,0.000071747529673024,Gas,address,address
0x68eca76a6fc7321bd9b16c0be50b608d0cfa363700c78b0b390e4a50506d150c,25202290,1780072967,0x4d8b6d3723d8df7370e3d10d30fe5d4daede234a,0x4313c378cc91ea583c91387b9216e2c03096b27f,0.050000000000000003,Direct,address,address
0x68eca76a6fc7321bd9b16c0be50b608d0cfa363700c78b0b390e4a50506d150c,25202290,1780072967,0x4d8b6d3723d8df7370e3d10d30fe5d4daede234a,0x0000000000000000000000000000000000000000,0.007988439999999999,Gas,address,address
0xbdd4ed5edd9667c494362618742da521aee813aa03c3cfaba24ede2dd0b54422,25202293,1780073003,0x2348e8a3a21dbe64ace84853d7b4b696e8a1fc27,0x28474cbcd780aeeb3ed1501b68254bed87cf5597,0.005000000000000000,Direct,address,victim_vault
0x9560bcaa707353f5c4d06ffb9672c17e95b6de998ee1e9d638f0308c4bcbc52f,25202294,1780073015,0x4d8b6d3723d8df7370e3d10d30fe5d4daede234a,0x0000000000000000000000000000000000000000,0.000068273217388338,Gas,address,address
0xfc63a8d71238299a700f23c8a25454d86ea12cf2be08df827119ec9cfcea8d1c,25202294,1780073015,0x4d8b6d3723d8df7370e3d10d30fe5d4daede234a,0x0000000000000000000000000000000000000000,0.000118277695463844,Gas,address,address
0xb9cf044d677cc4bd8f5d098e4c706ffb2ed3866d221941b6b4ffc1be8a151fac,25202296,1780073039,0x4d8b6d3723d8df7370e3d10d30fe5d4daede234a,0x0000000000000000000000000000000000000000,0.000261830730170331,Gas,address,address
0x7441ed854f67138fad37d8c629ff3fb7331523cc78418bc35789809c830d1ae9,25202297,1780073051,0x4d8b6d3723d8df7370e3d10d30fe5d4daede234a,0x0000000000000000000000000000000000000000,0.001710582435159678,Gas,address,address
0xaf7d5d5c14e024930f071baa3d86c4620273fc3688966c8d287051e0f92cfc8c,25202299,1780073075,0x4d8b6d3723d8df7370e3d10d30fe5d4daede234a,0x4313c378cc91ea583c91387b9216e2c03096b27f,0.100000000000000006,Direct,address,address
0xaf7d5d5c14e024930f071baa3d86c4620273fc3688966c8d287051e0f92cfc8c,25202299,1780073075,0x4d8b6d3723d8df7370e3d10d30fe5d4daede234a,0x0000000000000000000000000000000000000000,0.000269819193080963,Gas,address,address
0x11824acb68dba6c8e02cc861f0df9a97bce9b3a416ea17df03298a99828904fa,25202313,1780073243,0x2348e8a3a21dbe64ace84853d7b4b696e8a1fc27,0x28474cbcd780aeeb3ed1501b68254bed87cf5597,0.005000000000000000,Direct,address,victim_vault
0x365f337c2d5b7105192001be2c1fd0874a6817234d7bd4a7ba6aba405bdb00e2,25202324,1780073375,0x9ec2f5e65548f87e107aa61bec0a4c13ce6ba663,0x0000000000000000000000000000000000000000,0.000079128557380860,Gas,address,address
0xd8aff2dc90d6db7652e723de681fda124e2711450dab1c55c7dda8c80710c87c,25202324,1780073375,0x9ec2f5e65548f87e107aa61bec0a4c13ce6ba663,0x0000000000000000000000000000000000000000,0.000255581731812840,Gas,address,address
0x02b2ab697b72c3ab53bc6264053e12af67502c3bbf85f46b517d0d65f60000c0,25202330,1780073447,0x7d41f4fa2df4888ccce8eee9d26f55b7e33567d3,0x50995f97f63f8ec9a131272269f1388d88a03990,0.035725335814255993,Direct,address,address
0x02b2ab697b72c3ab53bc6264053e12af67502c3bbf85f46b517d0d65f60000c0,25202330,1780073447,0x7d41f4fa2df4888ccce8eee9d26f55b7e33567d3,0x0000000000000000000000000000000000000000,0.000012267466218000,Gas,address,address
0x08b4544417093f241d03f75d5ac028249441918dd003725efc81598b0f41292d,25202330,1780073447,0xf409fc839dfb91345f742f0046bc0667a7c5e200,0x50995f97f63f8ec9a131272269f1388d88a03990,0.020629142283845114,Direct,address,address
0x08b4544417093f241d03f75d5ac028249441918dd003725efc81598b0f41292d,25202330,1780073447,0xf409fc839dfb91345f742f0046bc0667a7c5e200,0x0000000000000000000000000000000000000000,0.000012267466218000,Gas,address,address
0x0b03d1260d8a2207613829e14c8d2861df31099bbb25ad71dd9660781db268fe,25202330,1780073447,0xa18d64318ddf90d2c08c96acb0210467fc787478,0x50995f97f63f8ec9a131272269f1388d88a03990,0.027247707951031513,Direct,address,address
0x0b03d1260d8a2207613829e14c8d2861df31099bbb25ad71dd9660781db268fe,25202330,1780073447,0xa18d64318ddf90d2c08c96acb0210467fc787478,0x0000000000000000000000000000000000000000,0.000012267466218000,Gas,address,address
0x0dc7ffee6c55bde7a6cf13fbb19517326635827b21d64143fc68f570896aa148,25202330,1780073447,0xe632ab5fac6661e9feb0a60a460bb1f836653e24,0x50995f97f63f8ec9a131272269f1388d88a03990,0.010821489124561920,Direct,address,address
0x0dc7ffee6c55bde7a6cf13fbb19517326635827b21d64143fc68f570896aa148,25202330,1780073447,0xe632ab5fac6661e9feb0a60a460bb1f836653e24,0x0000000000000000000000000000000000000000,0.000012267466218000,Gas,address,address
0x0e8f5762fef00232cb71c188974b2e78df4dfbb19fc0ff27d912fa002e597496,25202330,1780073447,0xa37eaed2aba7be8e83e2f419fb2094093886d90a,0x50995f97f63f8ec9a131272269f1388d88a03990,0.010773192463665492,Direct,address,address
0x0e8f5762fef00232cb71c188974b2e78df4dfbb19fc0ff27d912fa002e597496,25202330,1780073447,0xa37eaed2aba7be8e83e2f419fb2094093886d90a,0x0000000000000000000000000000000000000000,0.000012267466218000,Gas,address,address
0x1017b18d66bbdb4c02e25c8e72b949e5ee55b9b807f6c75ab590bd79bae22646,25202330,1780073447,0x77b7fdf464ce43597d20608c0ef9865a4f4c7fa5,0x50995f97f63f8ec9a131272269f1388d88a03990,0.001708647723584328,Direct,address,address
0x1017b18d66bbdb4c02e25c8e72b949e5ee55b9b807f6c75ab590bd79bae22646,25202330,1780073447,0x77b7fdf464ce43597d20608c0ef9865a4f4c7fa5,0x0000000000000000000000000000000000000000,0.000012267466218000,Gas,address,address
0x1067bfc7f25116cfca87d3759ced45d946bf099dfa3484f70778c168657db16d,25202330,1780073447,0xff5202ecf522699226d19ecc0881532722106ccd,0x50995f97f63f8ec9a131272269f1388d88a03990,0.141711348853546443,Direct,address,address
0x1067bfc7f25116cfca87d3759ced45d946bf099dfa3484f70778c168657db16d,25202330,1780073447,0xff5202ecf522699226d19ecc0881532722106ccd,0x0000000000000000000000000000000000000000,0.000012267466218000,Gas,address,address
0x110a0635e8f238e9a6d98ab9db263922cc3444a3314d79e18d0e86de01c98774,25202330,1780073447,0x8343d9c79116936275c41d262dc109969297eee7,0x50995f97f63f8ec9a131272269f1388d88a03990,0.010429594761042956,Direct,address,address
0x110a0635e8f238e9a6d98ab9db263922cc3444a3314d79e18d0e86de01c98774,25202330,1780073447,0x8343d9c79116936275c41d262dc109969297eee7,0x0000000000000000000000000000000000000000,0.000012267466218000,Gas,address,address
0x1495fa9ac54fbb936534efed9264ff707eac1636b30dc70717ed19ec41349a27,25202330,1780073447,0x2b28ab667f3a0efbb744ba310761eb0cf3046062,0x50995f97f63f8ec9a131272269f1388d88a03990,0.011877406524056167,Direct,address,address
0x1495fa9ac54fbb936534efed9264ff707eac1636b30dc70717ed19ec41349a27,25202330,1780073447,0x2b28ab667f3a0efbb744ba310761eb0cf3046062,0x0000000000000000000000000000000000000000,0.000012267466218000,Gas,address,address
0x16c3bd1f037ed4d8c6f2eb7c65700928bdcda5d1556e1d1070208d4057769bc2,25202330,1780073447,0x7426be1607bdc81ef0834c9ac8fdb29ccc208fdc,0x50995f97f63f8ec9a131272269f1388d88a03990,0.010629343471595942,Direct,address,address
0x16c3bd1f037ed4d8c6f2eb7c65700928bdcda5d1556e1d1070208d4057769bc2,25202330,1780073447,0x7426be1607bdc81ef0834c9ac8fdb29ccc208fdc,0x0000000000000000000000000000000000000000,0.000012267466218000,Gas,address,address
0x1af38b61d9f714e2122f5331b6b3a26dd38257d5a71ff03164a9c5a9fed472ea,25202330,1780073447,0x10929a535625d921fbff72480142dea0184be50e,0x50995f97f63f8ec9a131272269f1388d88a03990,0.012011035516026114,Direct,address,address
0x1af38b61d9f714e2122f5331b6b3a26dd38257d5a71ff03164a9c5a9fed472ea,25202330,1780073447,0x10929a535625d921fbff72480142dea0184be50e,0x0000000000000000000000000000000000000000,0.000012267466218000,Gas,address,address
0x1c4eeb2f1e35e2c2aecab7889b621c02e8e782f600153269fe2fe87ac49215c6,25202330,1780073447,0x71fbaccdcd43cdab9161fe92a8359f90cf0e2905,0x50995f97f63f8ec9a131272269f1388d88a03990,0.093307879641871205,Direct,address,address
0x1c4eeb2f1e35e2c2aecab7889b621c02e8e782f600153269fe2fe87ac49215c6,25202330,1780073447,0x71fbaccdcd43cdab9161fe92a8359f90cf0e2905,0x0000000000000000000000000000000000000000,0.000012267466218000,Gas,address,address
0x238d36a16626c712e5cc4a57e751414c74f48b07d4089cd92d4d39bbc179a237,25202330,1780073447,0x3e517d5e32fd6808a169e8b47479609d2a713084,0x50995f97f63f8ec9a131272269f1388d88a03990,0.147987732533782029,Direct,address,address
0x238d36a16626c712e5cc4a57e751414c74f48b07d4089cd92d4d39bbc179a237,25202330,1780073447,0x3e517d5e32fd6808a169e8b47479609d2a713084,0x0000000000000000000000000000000000000000,0.000012267466218000,Gas,address,address
0x2c7f940c4ae8dc01981557c9c910e8f86ac52c5580396f8ba17b2a8412709a83,25202330,1780073447,0xba82d820ca5878d29ae32cae6ce0ddab1617cf49,0x50995f97f63f8ec9a131272269f1388d88a03990,0.015920742944681876,Direct,address,address
0x2c7f940c4ae8dc01981557c9c910e8f86ac52c5580396f8ba17b2a8412709a83,25202330,1780073447,0xba82d820ca5878d29ae32cae6ce0ddab1617cf49,0x0000000000000000000000000000000000000000,0.000012267466218000,Gas,address,address
0x2d072743089adae932d4fabfb29fd7e91adef52478e104621c31d6abe0271e91,25202330,1780073447,0x52915868ae644307e9b9a579ca9c324de22ab77d,0x50995f97f63f8ec9a131272269f1388d88a03990,0.018931077762997225,Direct,address,address
0x2d072743089adae932d4fabfb29fd7e91adef52478e104621c31d6abe0271e91,25202330,1780073447,0x52915868ae644307e9b9a579ca9c324de22ab77d,0x0000000000000000000000000000000000000000,0.000012267466218000,Gas,address,address
0x3705c7a5baeba375c0e773d9a6432352b8949f9774838060eef8135d98db419b,25202330,1780073447,0x596a5e9b117a3d7b21e0f77ff4431c4d1770f494,0x50995f97f63f8ec9a131272269f1388d88a03990,0.008962641965213266,Direct,address,address
0x3705c7a5baeba375c0e773d9a6432352b8949f9774838060eef8135d98db419b,25202330,1780073447,0x596a5e9b117a3d7b21e0f77ff4431c4d1770f494,0x0000000000000000000000000000000000000000,0.000012267466218000,Gas,address,address
0x37c187f1808f261458ae70b7bb63c935ac528f9814abdfb8c705b63f96ae3735,25202330,1780073447,0xd377fdd91381cfcc1c37388e52ef0a7c37f33c21,0x50995f97f63f8ec9a131272269f1388d88a03990,0.030841512349240353,Direct,address,address
0x37c187f1808f261458ae70b7bb63c935ac528f9814abdfb8c705b63f96ae3735,25202330,1780073447,0xd377fdd91381cfcc1c37388e52ef0a7c37f33c21,0x0000000000000000000000000000000000000000,0.000012267466218000,Gas,address,address
0x3863f90fa45d51b01e50f87b07fbe14ed27d7303067e6a4ac69549c867b79abb,25202330,1780073447,0x1ca0d010717627675c50d3c6ff5bbec6d317ef3f,0x50995f97f63f8ec9a131272269f1388d88a03990,0.067498700464706546,Direct,address,address
0x3863f90fa45d51b01e50f87b07fbe14ed27d7303067e6a4ac69549c867b79abb,25202330,1780073447,0x1ca0d010717627675c50d3c6ff5bbec6d317ef3f,0x0000000000000000000000000000000000000000,0.000012267466218000,Gas,address,address
0x38c6535da10b0a9bcee9c3dbfb692fb5d1f3398630cf9940f703f92c0477cc5c,25202330,1780073447,0xd5902c4f0b456f47fadf5e83d1a3eb96d6f9408c,0x50995f97f63f8ec9a131272269f1388d88a03990,0.018719478765663912,Direct,address,address
0x38c6535da10b0a9bcee9c3dbfb692fb5d1f3398630cf9940f703f92c0477cc5c,25202330,1780073447,0xd5902c4f0b456f47fadf5e83d1a3eb96d6f9408c,0x0000000000000000000000000000000000000000,0.000012267466218000,Gas,address,address
0x3f565695ff54222f1a6c2b9b814775199fbbe8a25fb5c5dd83eaa6e9efb04f03,25202330,1780073447,0x43076ad18faba5166f0b94a1d8e24b60f6c82255,0x50995f97f63f8ec9a131272269f1388d88a03990,0.012452736669916708,Direct,address,address
0x3f565695ff54222f1a6c2b9b814775199fbbe8a25fb5c5dd83eaa6e9efb04f03,25202330,1780073447,0x43076ad18faba5166f0b94a1d8e24b60f6c82255,0x0000000000000000000000000000000000000000,0.000012267466218000,Gas,address,address
0x45d841ecddbe909548842e1975dea937a6f0911efad59ca0bc16059d67197e26,25202330,1780073447,0xcbb3baa593bea0f5c3509bf612422d6f1abb926c,0x50995f97f63f8ec9a131272269f1388d88a03990,0.007567231427404091,Direct,address,address
0x45d841ecddbe909548842e1975dea937a6f0911efad59ca0bc16059d67197e26,25202330,1780073447,0xcbb3baa593bea0f5c3509bf612422d6f1abb926c,0x0000000000000000000000000000000000000000,0.000012267466218000,Gas,address,address
0x478d5343215de47224e66e8b1b9206391f4c350edf45f2184d439b49dedafff0,25202330,1780073447,0x4ba861d765cbb027d0c66aca2a5581f90f9b6f80,0x50995f97f63f8ec9a131272269f1388d88a03990,0.039937767063613523,Direct,address,address
0x478d5343215de47224e66e8b1b9206391f4c350edf45f2184d439b49dedafff0,25202330,1780073447,0x4ba861d765cbb027d0c66aca2a5581f90f9b6f80,0x0000000000000000000000000000000000000000,0.000012267466218000,Gas,address,address
0x4b2af9e990b4b55ed9437985e03170b5ecca044b4f95435683669aeeb462dee3,25202330,1780073447,0x870a8213faf15d366677de6fa8aed31cd2154a87,0x50995f97f63f8ec9a131272269f1388d88a03990,0.007100138025059388,Direct,address,address
0x4b2af9e990b4b55ed9437985e03170b5ecca044b4f95435683669aeeb462dee3,25202330,1780073447,0x870a8213faf15d366677de6fa8aed31cd2154a87,0x0000000000000000000000000000000000000000,0.000012267466218000,Gas,address,address
0x4d40996d88d73bad08d26dc8c768f049805708537e831aba35be8b65b078d388,25202330,1780073447,0x7c5a0f138ba96b7132f6befe9f79cf4796f06a92,0x50995f97f63f8ec9a131272269f1388d88a03990,0.141404254406572338,Direct,address,address
0x4d40996d88d73bad08d26dc8c768f049805708537e831aba35be8b65b078d388,25202330,1780073447,0x7c5a0f138ba96b7132f6befe9f79cf4796f06a92,0x0000000000000000000000000000000000000000,0.000012267466218000,Gas,address,address
0x5489b8c56b41c6e96744af4ee19cc28d9fc077d182c534f2eeaf0888e919ad03,25202330,1780073447,0xb7a2c15f099662cfd2688b3acd3ac984a331c841,0x50995f97f63f8ec9a131272269f1388d88a03990,0.030432193824364635,Direct,address,address
0x5489b8c56b41c6e96744af4ee19cc28d9fc077d182c534f2eeaf0888e919ad03,25202330,1780073447,0xb7a2c15f099662cfd2688b3acd3ac984a331c841,0x0000000000000000000000000000000000000000,0.000012267466218000,Gas,address,address
0x558f1e9599b70a4a2269c8639ab81e2a25b3911e0216804d4dbaa6032b621103,25202330,1780073447,0x7a0fec301682758cce8aa6a9d1ce9196bde16052,0x50995f97f63f8ec9a131272269f1388d88a03990,0.024796812309914824,Direct,address,address
0x558f1e9599b70a4a2269c8639ab81e2a25b3911e0216804d4dbaa6032b621103,25202330,1780073447,0x7a0fec301682758cce8aa6a9d1ce9196bde16052,0x0000000000000000000000000000000000000000,0.000012267466218000,Gas,address,address
0x6036580be65cd001aedc843fcee907edca4839b78dc35740bb14b17dc06a33b5,25202330,1780073447,0x9de74997e2a418d9b9614a7960cf48b2f8dd22b2,0x50995f97f63f8ec9a131272269f1388d88a03990,0.030929098531762227,Direct,address,address
0x6036580be65cd001aedc843fcee907edca4839b78dc35740bb14b17dc06a33b5,25202330,1780073447,0x9de74997e2a418d9b9614a7960cf48b2f8dd22b2,0x0000000000000000000000000000000000000000,0.000012267466218000,Gas,address,address
0x6c305c059674292b9b2698ac47db51680f3c435b99a6b51c2c7d11386a9c7c25,25202330,1780073447,0x7f3d829e5076c3662c1e71170729f0d7bbafed3e,0x50995f97f63f8ec9a131272269f1388d88a03990,0.056623020833630522,Direct,address,address
0x6c305c059674292b9b2698ac47db51680f3c435b99a6b51c2c7d11386a9c7c25,25202330,1780073447,0x7f3d829e5076c3662c1e71170729f0d7bbafed3e,0x0000000000000000000000000000000000000000,0.000012267466218000,Gas,address,address
0x7569abe68161733edd2f339a04db61457c64bfaae4481d7541dd868bc5a2e534,25202330,1780073447,0x7fce3e6b828ee24ac69d0027e8eca33c77a22009,0x50995f97f63f8ec9a131272269f1388d88a03990,0.039551210176911135,Direct,address,address
0x7569abe68161733edd2f339a04db61457c64bfaae4481d7541dd868bc5a2e534,25202330,1780073447,0x7fce3e6b828ee24ac69d0027e8eca33c77a22009,0x0000000000000000000000000000000000000000,0.000012267466218000,Gas,address,address
0x76832e6785f3370513b52dbe5af0a6d70c895f555ffb94d64419e2c0d8e2f88a,25202330,1780073447,0x93468d3862295dafbacbebc5b278afc38425c3c9,0x50995f97f63f8ec9a131272269f1388d88a03990,0.011367084572107188,Direct,address,address
0x76832e6785f3370513b52dbe5af0a6d70c895f555ffb94d64419e2c0d8e2f88a,25202330,1780073447,0x93468d3862295dafbacbebc5b278afc38425c3c9,0x0000000000000000000000000000000000000000,0.000012267466218000,Gas,address,address
0x79e323d676f7149e1ceedeef387d21904c55499948c404bd6ac1dcf6b7b11ec1,25202330,1780073447,0xe635e0d567fe83ac4cba2902a6448f9f9889b2fd,0x50995f97f63f8ec9a131272269f1388d88a03990,0.010840956388321336,Direct,address,address
0x79e323d676f7149e1ceedeef387d21904c55499948c404bd6ac1dcf6b7b11ec1,25202330,1780073447,0xe635e0d567fe83ac4cba2902a6448f9f9889b2fd,0x0000000000000000000000000000000000000000,0.000012267466218000,Gas,address,address
0x7d32fde0fdd046cb3cdbdf23dc4b05895b555d854fdccba124df10c75eca35c7,25202330,1780073447,0xeadc53afe6479b990ca0a75492b56cdd1697d602,0x50995f97f63f8ec9a131272269f1388d88a03990,0.010867123994720012,Direct,address,address
0x7d32fde0fdd046cb3cdbdf23dc4b05895b555d854fdccba124df10c75eca35c7,25202330,1780073447,0xeadc53afe6479b990ca0a75492b56cdd1697d602,0x0000000000000000000000000000000000000000,0.000012267466218000,Gas,address,address
0x81fbddc06ace9497a0283a8df06373fbe82b6ddd9c6d1b6575f1550cd5c28578,25202330,1780073447,0x2f1a91f603a082c6f64e0ad8925cf918c5c491f0,0x50995f97f63f8ec9a131272269f1388d88a03990,0.032929098531762228,Direct,address,address
0x81fbddc06ace9497a0283a8df06373fbe82b6ddd9c6d1b6575f1550cd5c28578,25202330,1780073447,0x2f1a91f603a082c6f64e0ad8925cf918c5c491f0,0x0000000000000000000000000000000000000000,0.000012267466218000,Gas,address,address
0x8ea1b483dcb5573919a66e6c6c54ab71f028e86ccfb54f9a06ba6ad13cc8d2d7,25202330,1780073447,0xe12af9854d77ee2463e84966bb4b18b5dd31c20a,0x50995f97f63f8ec9a131272269f1388d88a03990,0.013581673353759151,Direct,address,address
0x8ea1b483dcb5573919a66e6c6c54ab71f028e86ccfb54f9a06ba6ad13cc8d2d7,25202330,1780073447,0xe12af9854d77ee2463e84966bb4b18b5dd31c20a,0x0000000000000000000000000000000000000000,0.000012267466218000,Gas,address,address
0x8f6b1a26fb28366200e5d6d41386ec3e0f102e96b90b356054ef367dde56480c,25202330,1780073447,0xbc8a46c29a79250bee25f77b8475804a1650a8e3,0x50995f97f63f8ec9a131272269f1388d88a03990,0.010739114304984440,Direct,address,address
0x8f6b1a26fb28366200e5d6d41386ec3e0f102e96b90b356054ef367dde56480c,25202330,1780073447,0xbc8a46c29a79250bee25f77b8475804a1650a8e3,0x0000000000000000000000000000000000000000,0.000012267466218000,Gas,address,address
0x92d69b5e704463ef7b9d20c1a18ae9a8e937cb705b0c87108157bf65f25287d8,25202330,1780073447,0xce0e56416d5e8bd78c9dc305f6fc05b5715111c8,0x50995f97f63f8ec9a131272269f1388d88a03990,0.010190010379020474,Direct,address,address
0x92d69b5e704463ef7b9d20c1a18ae9a8e937cb705b0c87108157bf65f25287d8,25202330,1780073447,0xce0e56416d5e8bd78c9dc305f6fc05b5715111c8,0x0000000000000000000000000000000000000000,0.000012267466218000,Gas,address,address
0x95c39d0ff1eadf4dc68bd8daf80ed9af79ff5aee2da1ee90e225da86cc9b0cef,25202330,1780073447,0x3f4cf4bab3551e1bd54176d3f7fa12b46283948b,0x50995f97f63f8ec9a131272269f1388d88a03990,0.152994891851665399,Direct,address,address
0x95c39d0ff1eadf4dc68bd8daf80ed9af79ff5aee2da1ee90e225da86cc9b0cef,25202330,1780073447,0x3f4cf4bab3551e1bd54176d3f7fa12b46283948b,0x0000000000000000000000000000000000000000,0.000012267466218000,Gas,address,address
0x97ef6547c12dc60b35d509437f788cf8f3370745d684a2f124d43b428ec3e4ab,25202330,1780073447,0x3bf21733e11dcd57e97d60012af268c27de54839,0x50995f97f63f8ec9a131272269f1388d88a03990,0.010515789054124427,Direct,address,address
0x97ef6547c12dc60b35d509437f788cf8f3370745d684a2f124d43b428ec3e4ab,25202330,1780073447,0x3bf21733e11dcd57e97d60012af268c27de54839,0x0000000000000000000000000000000000000000,0.000012267466218000,Gas,address,address
0x9b9234b29b25f01a6ebb6f5cf150350a6ec54a368cdb02aabb531de17719cea4,25202330,1780073447,0xefafec41e93c5b4f68981c4625dc5755ba3cf766,0x50995f97f63f8ec9a131272269f1388d88a03990,0.011138436892275224,Direct,address,address
0x9b9234b29b25f01a6ebb6f5cf150350a6ec54a368cdb02aabb531de17719cea4,25202330,1780073447,0xefafec41e93c5b4f68981c4625dc5755ba3cf766,0x0000000000000000000000000000000000000000,0.000012267466218000,Gas,address,address
0x9ec43a109fe72f8f6cc711155175647ce7f834690de0eaaa9be55e83e62c18ab,25202330,1780073447,0xe862f449e26a18f75d80d94ff1cf9d4aa1ca8b3e,0x50995f97f63f8ec9a131272269f1388d88a03990,0.092987732533781994,Direct,address,address
0x9ec43a109fe72f8f6cc711155175647ce7f834690de0eaaa9be55e83e62c18ab,25202330,1780073447,0xe862f449e26a18f75d80d94ff1cf9d4aa1ca8b3e,0x0000000000000000000000000000000000000000,0.000012267466218000,Gas,address,address
0xa298a9e8c021dc5304e18cbdfac8730dcdf661b3ee03d1129dbbc9bb0e3f8815,25202330,1780073447,0xf7b096deccabc81290c7666e15f838bf90d4fd00,0x50995f97f63f8ec9a131272269f1388d88a03990,0.039539104886345322,Direct,address,address
0xa298a9e8c021dc5304e18cbdfac8730dcdf661b3ee03d1129dbbc9bb0e3f8815,25202330,1780073447,0xf7b096deccabc81290c7666e15f838bf90d4fd00,0x0000000000000000000000000000000000000000,0.000012267466218000,Gas,address,address
0xa752b504ef199af8ec24d5d3d1e57c30eceafc90ff811cab460d192ef9c8239d,25202330,1780073447,0xa1e1d9c48c2e160a3cec8c87fcc43fca5e050fef,0x50995f97f63f8ec9a131272269f1388d88a03990,0.009448149705912437,Direct,address,address
0xa752b504ef199af8ec24d5d3d1e57c30eceafc90ff811cab460d192ef9c8239d,25202330,1780073447,0xa1e1d9c48c2e160a3cec8c87fcc43fca5e050fef,0x0000000000000000000000000000000000000000,0.000012267466218000,Gas,address,address
0xa999f55407ef9a4f2c0e44fe7dd9626e756c715b60fa0c267c38e222abf0ed28,25202330,1780073447,0x7a1de418ef3682c1cd451fcfc3a170450c5561f9,0x50995f97f63f8ec9a131272269f1388d88a03990,0.024969400614766057,Direct,address,address
0xa999f55407ef9a4f2c0e44fe7dd9626e756c715b60fa0c267c38e222abf0ed28,25202330,1780073447,0x7a1de418ef3682c1cd451fcfc3a170450c5561f9,0x0000000000000000000000000000000000000000,0.000012267466218000,Gas,address,address
0xa9e52d4f721d691d1d9a0074b3101b41aa20f86658f71714f08e94a2d93887c9,25202330,1780073447,0x29dfe95936285daba90ceeb38d679c9fca5dfd04,0x50995f97f63f8ec9a131272269f1388d88a03990,0.010296066585569355,Direct,address,address
0xa9e52d4f721d691d1d9a0074b3101b41aa20f86658f71714f08e94a2d93887c9,25202330,1780073447,0x29dfe95936285daba90ceeb38d679c9fca5dfd04,0x0000000000000000000000000000000000000000,0.000012267466218000,Gas,address,address
0xb68a3c1d13191bd0dbc01b0eafadc9890cc9932ab1c9ab1a2b3c75c167080da6,25202330,1780073447,0xfde8ca90a0e648ba896b8a4d0f579c36c373fdd3,0x50995f97f63f8ec9a131272269f1388d88a03990,0.010162705522441235,Direct,address,address
0xb68a3c1d13191bd0dbc01b0eafadc9890cc9932ab1c9ab1a2b3c75c167080da6,25202330,1780073447,0xfde8ca90a0e648ba896b8a4d0f579c36c373fdd3,0x0000000000000000000000000000000000000000,0.000012267466218000,Gas,address,address
0xc156cde71204a6cb6355dcba7e1e144c2c80a92bcf7ebb711341f8559cfb9f9e,25202330,1780073447,0x46ddf32eb8bfb94d94c10f06afaef1d59176f6c9,0x50995f97f63f8ec9a131272269f1388d88a03990,0.052932150407949248,Direct,address,address
0xc156cde71204a6cb6355dcba7e1e144c2c80a92bcf7ebb711341f8559cfb9f9e,25202330,1780073447,0x46ddf32eb8bfb94d94c10f06afaef1d59176f6c9,0x0000000000000000000000000000000000000000,0.000012267466218000,Gas,address,address
0xc5de39494eb47a531bd84118e8e664e0ae2b2c25b949e15f398759fe75b1cf79,25202330,1780073447,0x063676cb3ae3c76fb7282f6db01d010abf7e95a0,0x50995f97f63f8ec9a131272269f1388d88a03990,0.156232812697386758,Direct,address,address
0xc5de39494eb47a531bd84118e8e664e0ae2b2c25b949e15f398759fe75b1cf79,25202330,1780073447,0x063676cb3ae3c76fb7282f6db01d010abf7e95a0,0x0000000000000000000000000000000000000000,0.000012267466218000,Gas,address,address
0xca7a61a99d03e51fde14c9fe8e42d47b02585ba6d3448fa3b71642dcc7eb2229,25202330,1780073447,0xb64acede994b71a3d43a5af7db8b5a830cbcaa9a,0x50995f97f63f8ec9a131272269f1388d88a03990,0.087987732533782004,Direct,address,address
0xca7a61a99d03e51fde14c9fe8e42d47b02585ba6d3448fa3b71642dcc7eb2229,25202330,1780073447,0xb64acede994b71a3d43a5af7db8b5a830cbcaa9a,0x0000000000000000000000000000000000000000,0.000012267466218000,Gas,address,address
0xd22d2493da3ed46d5e0e70535800462daa3f569efa927952810fe3de9d8f5953,25202330,1780073447,0xa8b78f6ebf220c1d7498236260316831624ac232,0x50995f97f63f8ec9a131272269f1388d88a03990,0.010469131712808140,Direct,address,address
0xd22d2493da3ed46d5e0e70535800462daa3f569efa927952810fe3de9d8f5953,25202330,1780073447,0xa8b78f6ebf220c1d7498236260316831624ac232,0x0000000000000000000000000000000000000000,0.000012267466218000,Gas,address,address
0xd5116c688cad939610aaeb20b1dde85a2bedac64a5defc0c1da9f263e8c40e33,25202330,1780073447,0x257cda2f9dabd296a9a7fc9065103c7972f4b943,0x50995f97f63f8ec9a131272269f1388d88a03990,0.011902219833959596,Direct,address,address
0xd5116c688cad939610aaeb20b1dde85a2bedac64a5defc0c1da9f263e8c40e33,25202330,1780073447,0x257cda2f9dabd296a9a7fc9065103c7972f4b943,0x0000000000000000000000000000000000000000,0.000012267466218000,Gas,address,address
0xdced75521b8cb02ad00a7959f6766f27ae6a888753fcc64949cebbc391dd7380,25202330,1780073447,0xe3f81b0c4e0302e9e87563ee1ba165913c07fbb3,0x50995f97f63f8ec9a131272269f1388d88a03990,0.011623736031145948,Direct,address,address
0xdced75521b8cb02ad00a7959f6766f27ae6a888753fcc64949cebbc391dd7380,25202330,1780073447,0xe3f81b0c4e0302e9e87563ee1ba165913c07fbb3,0x0000000000000000000000000000000000000000,0.000012267466218000,Gas,address,address
0xdfc0b684d32b6a59145e0b9bcd7c6d5f338343d75718697d3c77b1556f2b638f,25202330,1780073447,0x263161a729d0961a3165ef61afa7f31cd8018cee,0x50995f97f63f8ec9a131272269f1388d88a03990,0.010366427346587558,Direct,address,address
0xdfc0b684d32b6a59145e0b9bcd7c6d5f338343d75718697d3c77b1556f2b638f,25202330,1780073447,0x263161a729d0961a3165ef61afa7f31cd8018cee,0x0000000000000000000000000000000000000000,0.000012267466218000,Gas,address,address
0xe0db4c01cf2e1a8587be2b55fc0f5c586a03fb39c4d1e2d6d68eaa71ff675b73,25202330,1780073447,0x11aa5e4b97b7da4739edfb875399d27c55bdd46c,0x50995f97f63f8ec9a131272269f1388d88a03990,0.038924831395056397,Direct,address,address
0xe0db4c01cf2e1a8587be2b55fc0f5c586a03fb39c4d1e2d6d68eaa71ff675b73,25202330,1780073447,0x11aa5e4b97b7da4739edfb875399d27c55bdd46c,0x0000000000000000000000000000000000000000,0.000012267466218000,Gas,address,address
0xe8440b86a69be297ce7a8e4e2964994777a709bb0359ea9d4200ed3e23b6e1e4,25202330,1780073447,0x5355c7c2bb2e49945537beaabbaff57ad2e9b224,0x50995f97f63f8ec9a131272269f1388d88a03990,0.010390710971161220,Direct,address,address
0xe8440b86a69be297ce7a8e4e2964994777a709bb0359ea9d4200ed3e23b6e1e4,25202330,1780073447,0x5355c7c2bb2e49945537beaabbaff57ad2e9b224,0x0000000000000000000000000000000000000000,0.000012267466218000,Gas,address,address
0xe92fef3aa3bcc0f57e3de72f038c275b8a266d91d7c8795fb4a4df829ebffe77,25202330,1780073447,0x750819c35800a9acdf9a800212202ddb100af5db,0x50995f97f63f8ec9a131272269f1388d88a03990,0.011092446191515877,Direct,address,address
0xe92fef3aa3bcc0f57e3de72f038c275b8a266d91d7c8795fb4a4df829ebffe77,25202330,1780073447,0x750819c35800a9acdf9a800212202ddb100af5db,0x0000000000000000000000000000000000000000,0.000012267466218000,Gas,address,address
0xe98a26442173873e2e3b865caa79edc9bec81e1217251597d562707318963140,25202330,1780073447,0x0adb41bc7be29dc28790ec8f6c22cd697eed8071,0x50995f97f63f8ec9a131272269f1388d88a03990,0.010101915126308323,Direct,address,address
0xe98a26442173873e2e3b865caa79edc9bec81e1217251597d562707318963140,25202330,1780073447,0x0adb41bc7be29dc28790ec8f6c22cd697eed8071,0x0000000000000000000000000000000000000000,0.000012267466218000,Gas,address,address
0xeb62ec7c92bc46974075ce376ccdc7c87e28209d7d397680fed21c10746273f3,25202330,1780073447,0x90f42785e6524ac4e94444599f6435a5f45b83cc,0x50995f97f63f8ec9a131272269f1388d88a03990,0.130987732533781986,Direct,address,address
0xeb62ec7c92bc46974075ce376ccdc7c87e28209d7d397680fed21c10746273f3,25202330,1780073447,0x90f42785e6524ac4e94444599f6435a5f45b83cc,0x0000000000000000000000000000000000000000,0.000012267466218000,Gas,address,address
0xec61209083cd64644615956c1f8af5bed5606db90f1e8b2545d0050475515676,25202330,1780073447,0x20323dbb5ef6c976743e3bff6e6e0123a427a2cf,0x50995f97f63f8ec9a131272269f1388d88a03990,0.012245239851928540,Direct,address,address
0xec61209083cd64644615956c1f8af5bed5606db90f1e8b2545d0050475515676,25202330,1780073447,0x20323dbb5ef6c976743e3bff6e6e0123a427a2cf,0x0000000000000000000000000000000000000000,0.000012267466218000,Gas,address,address
0xeed0c81b29d20c0a755a19407c577f69e34276e5bb5d718f96ebc2f9256917d4,25202330,1780073447,0xc1e67fd3c3ebff35e87a76fc9e7c4598ed2fdf79,0x50995f97f63f8ec9a131272269f1388d88a03990,0.010572739608216345,Direct,address,address
0xeed0c81b29d20c0a755a19407c577f69e34276e5bb5d718f96ebc2f9256917d4,25202330,1780073447,0xc1e67fd3c3ebff35e87a76fc9e7c4598ed2fdf79,0x0000000000000000000000000000000000000000,0.000012267466218000,Gas,address,address
0xfd2883beab9068d23fb85c8cebcf3ade9b3c20838b0b475510ed3ea6e01f37db,25202330,1780073447,0xdb7f5bb0d3815862a77330d3056690fd01b6341f,0x50995f97f63f8ec9a131272269f1388d88a03990,0.038202061859669269,Direct,address,address
0xfd2883beab9068d23fb85c8cebcf3ade9b3c20838b0b475510ed3ea6e01f37db,25202330,1780073447,0xdb7f5bb0d3815862a77330d3056690fd01b6341f,0x0000000000000000000000000000000000000000,0.000012267466218000,Gas,address,address
0xfe7960228414e76699911af3ec18c5889f5d172b1c4644535c599b96ae70e8cb,25202330,1780073447,0x6e659b2f0caccb0c5d642c87b300d7efc367454b,0x50995f97f63f8ec9a131272269f1388d88a03990,0.010102505615206106,Direct,address,address
0xfe7960228414e76699911af3ec18c5889f5d172b1c4644535c599b96ae70e8cb,25202330,1780073447,0x6e659b2f0caccb0c5d642c87b300d7efc367454b,0x0000000000000000000000000000000000000000,0.000012267466218000,Gas,address,address
0x9ed99e34dc49b841b96309eac79df4f08e726ffd869994e46dc1bf2fdc285ad5,25202333,1780073483,0x9ec2f5e65548f87e107aa61bec0a4c13ce6ba663,0x0000000000000000000000000000000000000000,0.000064518538826326,Gas,address,address
0xddecb4ccb26c00ddda46b7e15cb1c40b382e3def5d2228bba64df9c0f8d6b330,25202333,1780073483,0x9ec2f5e65548f87e107aa61bec0a4c13ce6ba663,0x0000000000000000000000000000000000000000,0.000202093175231044,Gas,address,address
0x148b82abfcf78ebb0f99fcd3825865390d92c9caad5d14c92812a2d1077c1c9e,25202353,1780073735,0x2348e8a3a21dbe64ace84853d7b4b696e8a1fc27,0x28474cbcd780aeeb3ed1501b68254bed87cf5597,0.005000000000000000,Direct,address,victim_vault
0xffb82007e88797f1bcce6100d5f355bd6c72c8f2e5867375233a133c31dc3d90,25202361,1780073831,0xf7b096deccabc81290c7666e15f838bf90d4fd00,0x7a250d5630b4cf539739df2c5dacb4c659f2488d,0.089999999999999997,Direct,address,address
0xffb82007e88797f1bcce6100d5f355bd6c72c8f2e5867375233a133c31dc3d90,25202361,1780073831,0xf7b096deccabc81290c7666e15f838bf90d4fd00,0x0000000000000000000000000000000000000000,0.000070758614163822,Gas,address,address
0xb7ddfe3dc6b92c69d27221c0414ed66795bf753d66a1a1a76a0b2c8ccfa4f027,25202368,1780073915,0x2348e8a3a21dbe64ace84853d7b4b696e8a1fc27,0x28474cbcd780aeeb3ed1501b68254bed87cf5597,0.005000000000000000,Direct,address,victim_vault
0x2320b9d200071595ef547153a04c4313ae52841e887297db4eb4a695fe4cd3d1,25202371,1780073951,0xdb7f5bb0d3815862a77330d3056690fd01b6341f,0x3328f7f4a1d1c57c35df56bbf0c9dcafca309c49,0.033133248887075417,Direct,address,address
0x2320b9d200071595ef547153a04c4313ae52841e887297db4eb4a695fe4cd3d1,25202371,1780073951,0xdb7f5bb0d3815862a77330d3056690fd01b6341f,0x0000000000000000000000000000000000000000,0.000078538032497070,Gas,address,address
0x5f81fbef4d934e008b6d271f22c14b41f7ae173b82613198fcd05213afe9b9c4,25202371,1780073951,0x7fce3e6b828ee24ac69d0027e8eca33c77a22009,0x7a250d5630b4cf539739df2c5dacb4c659f2488d,0.050893001306190545,Direct,address,address
0x5f81fbef4d934e008b6d271f22c14b41f7ae173b82613198fcd05213afe9b9c4,25202371,1780073951,0x7fce3e6b828ee24ac69d0027e8eca33c77a22009,0x0000000000000000000000000000000000000000,0.000069261617183220,Gas,address,address
0xa4e3e6896040627c2b0cbd6e7a370a751607ee6db1f582e955bc3028fb0ce9fe,25202371,1780073951,0x870a8213faf15d366677de6fa8aed31cd2154a87,0x3328f7f4a1d1c57c35df56bbf0c9dcafca309c49,0.063071316838989380,Direct,address,address
0xa4e3e6896040627c2b0cbd6e7a370a751607ee6db1f582e955bc3028fb0ce9fe,25202371,1780073951,0x870a8213faf15d366677de6fa8aed31cd2154a87,0x0000000000000000000000000000000000000000,0.000083635534048590,Gas,address,address
0xc5149fb6211ebaedeadc706eaea9d3a18f58a87cf0ff43e7b73033357fa467fc,25202371,1780073951,0x2348e8a3a21dbe64ace84853d7b4b696e8a1fc27,0x28474cbcd780aeeb3ed1501b68254bed87cf5597,0.005000000000000000,Direct,address,victim_vault
0xd0f71ab7595e85834b16b46e803de4adb42b9ab4597f7316dc9867027f304409,25202371,1780073951,0x8343d9c79116936275c41d262dc109969297eee7,0x7a250d5630b4cf539739df2c5dacb4c659f2488d,0.035373883655827290,Direct,address,address
0xd0f71ab7595e85834b16b46e803de4adb42b9ab4597f7316dc9867027f304409,25202371,1780073951,0x8343d9c79116936275c41d262dc109969297eee7,0x0000000000000000000000000000000000000000,0.000069267489880860,Gas,address,address
0x2a42467dcd40f68bd1a43ffe3ac8e98b97dd7c28849cb65c3485427d983f7261,25202377,1780074023,0xc1e67fd3c3ebff35e87a76fc9e7c4598ed2fdf79,0x7a250d5630b4cf539739df2c5dacb4c659f2488d,0.019226996396181553,Direct,address,address
0x2a42467dcd40f68bd1a43ffe3ac8e98b97dd7c28849cb65c3485427d983f7261,25202377,1780074023,0xc1e67fd3c3ebff35e87a76fc9e7c4598ed2fdf79,0x0000000000000000000000000000000000000000,0.000073301480277872,Gas,address,address
0x5d28a17d4b1dec2598745163860157084e86b7e6bffe2bc4a312644e11f6d36d,25202377,1780074023,0xbc8a46c29a79250bee25f77b8475804a1650a8e3,0x3328f7f4a1d1c57c35df56bbf0c9dcafca309c49,0.065334599903690047,Direct,address,address
0x5d28a17d4b1dec2598745163860157084e86b7e6bffe2bc4a312644e11f6d36d,25202377,1780074023,0xbc8a46c29a79250bee25f77b8475804a1650a8e3,0x0000000000000000000000000000000000000000,0.000077414841705208,Gas,address,address
0x8093b9be9043d9a0a4bcac17db8a3191ca6d12e365a6c0553cadf770542b9ec3,25202377,1780074023,0x77b7fdf464ce43597d20608c0ef9865a4f4c7fa5,0x3328f7f4a1d1c57c35df56bbf0c9dcafca309c49,0.036738209403572385,Direct,address,address
0x8093b9be9043d9a0a4bcac17db8a3191ca6d12e365a6c0553cadf770542b9ec3,25202377,1780074023,0x77b7fdf464ce43597d20608c0ef9865a4f4c7fa5,0x0000000000000000000000000000000000000000,0.000077414841705208,Gas,address,address
0xeae991717a0ae4633ff7716b3abafa1516271e4fc1f3f94f40e86e8a71aa3167,25202377,1780074023,0xe635e0d567fe83ac4cba2902a6448f9f9889b2fd,0x7a250d5630b4cf539739df2c5dacb4c659f2488d,0.037452107477295438,Direct,address,address
0xeae991717a0ae4633ff7716b3abafa1516271e4fc1f3f94f40e86e8a71aa3167,25202377,1780074023,0xe635e0d567fe83ac4cba2902a6448f9f9889b2fd,0x0000000000000000000000000000000000000000,0.000068276879289584,Gas,address,address
0x0c488c9b9c371ae4912ab1f0fe681e14c976b7289cfaf6fcc84a80f3bb6d78fc,25202381,1780074071,0xff5202ecf522699226d19ecc0881532722106ccd,0x7a250d5630b4cf539739df2c5dacb4c659f2488d,0.041138437725483888,Direct,address,address
0x0c488c9b9c371ae4912ab1f0fe681e14c976b7289cfaf6fcc84a80f3bb6d78fc,25202381,1780074071,0xff5202ecf522699226d19ecc0881532722106ccd,0x0000000000000000000000000000000000000000,0.000061525759002640,Gas,address,address
0x521f97093275536cfddea89bb9de620ac70d7c20aedfb43a9693e83636f02750,25202381,1780074071,0x870a8213faf15d366677de6fa8aed31cd2154a87,0x0000000000000000000000000000000000000000,0.000020248494256680,Gas,address,address
0x57b6d64279ebf95820c0d1460c8c0e07ee7f1ff6e50adce331e6254d431cf48e,25202381,1780074071,0x8343d9c79116936275c41d262dc109969297eee7,0x0000000000000000000000000000000000000000,0.000020248494256680,Gas,address,address
0x777d6cb55f1a6c5dab260000b48960d521eb456e401c02a44140b22ecc03a590,25202381,1780074071,0x3bf21733e11dcd57e97d60012af268c27de54839,0x7a250d5630b4cf539739df2c5dacb4c659f2488d,0.182758072962406981,Direct,address,address
0x777d6cb55f1a6c5dab260000b48960d521eb456e401c02a44140b22ecc03a590,25202381,1780074071,0x3bf21733e11dcd57e97d60012af268c27de54839,0x0000000000000000000000000000000000000000,0.000061525759002640,Gas,address,address
0x79c4f408f90c276b822ffa94c3988a8539fb5e9e5e0dcfeddf6d8b41b963f134,25202381,1780074071,0x2b28ab667f3a0efbb744ba310761eb0cf3046062,0x3328f7f4a1d1c57c35df56bbf0c9dcafca309c49,0.050000000000000003,Direct,address,address
0x79c4f408f90c276b822ffa94c3988a8539fb5e9e5e0dcfeddf6d8b41b963f134,25202381,1780074071,0x2b28ab667f3a0efbb744ba310761eb0cf3046062,0x0000000000000000000000000000000000000000,0.000069713542426434,Gas,address,address
0xac5f65c232da559ec48488625afab85dd150dbd056158ba05fb6d7ce766dfc63,25202381,1780074071,0x8343d9c79116936275c41d262dc109969297eee7,0x0000000000000000000000000000000000000000,0.000085624340497280,Gas,address,address
0xbc9c95a8db2a0cb48c2957268d86ed54a1a1249e85f1cc4bc8b67392d014396c,25202381,1780074071,0xce0e56416d5e8bd78c9dc305f6fc05b5715111c8,0x3328f7f4a1d1c57c35df56bbf0c9dcafca309c49,0.174705764889500709,Direct,address,address
0xbc9c95a8db2a0cb48c2957268d86ed54a1a1249e85f1cc4bc8b67392d014396c,25202381,1780074071,0xce0e56416d5e8bd78c9dc305f6fc05b5715111c8,0x0000000000000000000000000000000000000000,0.000069760172748680,Gas,address,address
0xd10e70014aea64c200e3ff960ccc50081b45d36d0d9fee3e94664fd2fca6d496,25202381,1780074071,0x870a8213faf15d366677de6fa8aed31cd2154a87,0x0000000000000000000000000000000000000000,0.000062023049258960,Gas,address,address
0xd86421367b2694ecdcec4bed74045ca3c325b714cd4a308cee19ce52c5202756,25202381,1780074071,0xfde8ca90a0e648ba896b8a4d0f579c36c373fdd3,0x7a250d5630b4cf539739df2c5dacb4c659f2488d,0.100000000000000006,Direct,address,address
0xd86421367b2694ecdcec4bed74045ca3c325b714cd4a308cee19ce52c5202756,25202381,1780074071,0xfde8ca90a0e648ba896b8a4d0f579c36c373fdd3,0x0000000000000000000000000000000000000000,0.000061484632872132,Gas,address,address
0xdaab7ceac5beef501faa9d3feb2d6680c9e90d0ead0c3fc95b5f86b2efc7c846,25202381,1780074071,0x10929a535625d921fbff72480142dea0184be50e,0x3328f7f4a1d1c57c35df56bbf0c9dcafca309c49,0.147724086794084358,Direct,address,address
0xdaab7ceac5beef501faa9d3feb2d6680c9e90d0ead0c3fc95b5f86b2efc7c846,25202381,1780074071,0x10929a535625d921fbff72480142dea0184be50e,0x0000000000000000000000000000000000000000,0.000074287948369160,Gas,address,address
0xe4d15cb23f842b18c3fc963780ac63014fcc8cd25471ac283a693e9429ff0eb6,25202381,1780074071,0x750819c35800a9acdf9a800212202ddb100af5db,0x7a250d5630b4cf539739df2c5dacb4c659f2488d,0.100000000000000006,Direct,address,address
0xe4d15cb23f842b18c3fc963780ac63014fcc8cd25471ac283a693e9429ff0eb6,25202381,1780074071,0x750819c35800a9acdf9a800212202ddb100af5db,0x0000000000000000000000000000000000000000,0.000061479420027564,Gas,address,address
0x234e1e863493ddd2fc38684ffe8f2d6a238182dd134f92a24c5a084827e7380b,25202383,1780074095,0x4d8b6d3723d8df7370e3d10d30fe5d4daede234a,0x4313c378cc91ea583c91387b9216e2c03096b27f,0.100000000000000006,Direct,address,address
0x234e1e863493ddd2fc38684ffe8f2d6a238182dd134f92a24c5a084827e7380b,25202383,1780074095,0x4d8b6d3723d8df7370e3d10d30fe5d4daede234a,0x0000000000000000000000000000000000000000,0.000234679115742601,Gas,address,address
0x052429aaa1ee1b775e442b08129c93a8aa2b64ef721c23d123c4c6f08d7ce7bd,25202384,1780074107,0xd5902c4f0b456f47fadf5e83d1a3eb96d6f9408c,0x7a250d5630b4cf539739df2c5dacb4c659f2488d,0.247499999999999998,Direct,address,address
0x052429aaa1ee1b775e442b08129c93a8aa2b64ef721c23d123c4c6f08d7ce7bd,25202384,1780074107,0xd5902c4f0b456f47fadf5e83d1a3eb96d6f9408c,0x0000000000000000000000000000000000000000,0.000065605430499320,Gas,address,address
0x12999300ca94faebe735eeeb10e19979be9244f27c8518aebec9de6ea57bde13,25202384,1780074107,0x43076ad18faba5166f0b94a1d8e24b60f6c82255,0x7a250d5630b4cf539739df2c5dacb4c659f2488d,0.080000000000000002,Direct,address,address
0x12999300ca94faebe735eeeb10e19979be9244f27c8518aebec9de6ea57bde13,25202384,1780074107,0x43076ad18faba5166f0b94a1d8e24b60f6c82255,0x0000000000000000000000000000000000000000,0.000065605430499320,Gas,address,address
0x45975e35c7f743574006f42b4d87825df5053b1cafabedd45b09c373b6ed1ab9,25202384,1780074107,0xce0e56416d5e8bd78c9dc305f6fc05b5715111c8,0x0000000000000000000000000000000000000000,0.000066130133033800,Gas,address,address
0x7774ec8ec077fc2c9cc8ac50f400099cac027e354320a66d053af608f98f3b40,25202384,1780074107,0x10929a535625d921fbff72480142dea0184be50e,0x0000000000000000000000000000000000000000,0.000021591138479340,Gas,address,address
0x886cc96478540993d231585f50219171782035d463dc330f081d6a816939764e,25202384,1780074107,0xa8b78f6ebf220c1d7498236260316831624ac232,0x7a250d5630b4cf539739df2c5dacb4c659f2488d,0.199000000000000010,Direct,address,address
0x886cc96478540993d231585f50219171782035d463dc330f081d6a816939764e,25202384,1780074107,0xa8b78f6ebf220c1d7498236260316831624ac232,0x0000000000000000000000000000000000000000,0.000065605430499320,Gas,address,address
0xb39f4bf205684932e3ef55ee385e99c6ad6f3cf6b125f8bda369653296657207,25202384,1780074107,0xce0e56416d5e8bd78c9dc305f6fc05b5715111c8,0x0000000000000000000000000000000000000000,0.000021591138479340,Gas,address,address
0xcf1c4b877d1002f43e8c118484cd65e4784636acb8ed74ddeb060d4e85cf5f9b,25202384,1780074107,0x10929a535625d921fbff72480142dea0184be50e,0x0000000000000000000000000000000000000000,0.000067523468562640,Gas,address,address
0x0aab6af51b69dc60eaf8bd02866771eddf564862da05611e98b29211ee8a6977,25202386,1780074131,0x3bf21733e11dcd57e97d60012af268c27de54839,0x0000000000000000000000000000000000000000,0.000020055214269369,Gas,address,address
0xe2fb668ed5b78ea96a12aef31a936fd36f524cbc8407ae5c6ff639e54e9c6c68,25202386,1780074131,0x3bf21733e11dcd57e97d60012af268c27de54839,0x0000000000000000000000000000000000000000,0.000067204622179308,Gas,address,address
0x22a7660473909e2fb4e48ab1778eb5d12aaf25e50dfd469b083170037a4a9d88,25202388,1780074155,0xa8b78f6ebf220c1d7498236260316831624ac232,0x7a250d5630b4cf539739df2c5dacb4c659f2488d,0.113234326376576031,Direct,address,address
0x22a7660473909e2fb4e48ab1778eb5d12aaf25e50dfd469b083170037a4a9d88,25202388,1780074155,0xa8b78f6ebf220c1d7498236260316831624ac232,0x0000000000000000000000000000000000000000,0.000056526228792824,Gas,address,address
0x38de2fabb1e13fcbc1b5a51a4c1be8eef7a59f8faede48eda2526bde1b8d5a0e,25202388,1780074155,0x5355c7c2bb2e49945537beaabbaff57ad2e9b224,0x3328f7f4a1d1c57c35df56bbf0c9dcafca309c49,0.365056382601116503,Direct,address,address
0x38de2fabb1e13fcbc1b5a51a4c1be8eef7a59f8faede48eda2526bde1b8d5a0e,25202388,1780074155,0x5355c7c2bb2e49945537beaabbaff57ad2e9b224,0x0000000000000000000000000000000000000000,0.000072898838963188,Gas,address,address
0xaa22274756887de04bb35462f6d98ef09b2a535e1da9e5486007695ebb2a01d7,25202388,1780074155,0x10929a535625d921fbff72480142dea0184be50e,0x50995f97f63f8ec9a131272269f1388d88a03990,0.014503135098192500,Direct,address,address
0xaa22274756887de04bb35462f6d98ef09b2a535e1da9e5486007695ebb2a01d7,25202388,1780074155,0x10929a535625d921fbff72480142dea0184be50e,0x0000000000000000000000000000000000000000,0.000009375552312000,Gas,address,address
0xace4c5b5fde176fe1e8de3734ac57e0c5d43c2ba48ea37549b9e5094cff74e91,25202388,1780074155,0xd5902c4f0b456f47fadf5e83d1a3eb96d6f9408c,0x7a250d5630b4cf539739df2c5dacb4c659f2488d,0.036806352657630576,Direct,address,address
0xace4c5b5fde176fe1e8de3734ac57e0c5d43c2ba48ea37549b9e5094cff74e91,25202388,1780074155,0xd5902c4f0b456f47fadf5e83d1a3eb96d6f9408c,0x0000000000000000000000000000000000000000,0.000061257719166392,Gas,address,address
0xc1eab1d7b84f997afe7623c92612336e6c5e04b1d781c3d87ed215835c6d0e01,25202388,1780074155,0x8343d9c79116936275c41d262dc109969297eee7,0x50995f97f63f8ec9a131272269f1388d88a03990,0.004941654871190890,Direct,address,address
0xc1eab1d7b84f997afe7623c92612336e6c5e04b1d781c3d87ed215835c6d0e01,25202388,1780074155,0x8343d9c79116936275c41d262dc109969297eee7,0x0000000000000000000000000000000000000000,0.000009321148347000,Gas,address,address
0xc47e221305892a6410f6a9e613630c1150d71671b44b54052c8ef8e8f6a58d61,25202388,1780074155,0x063676cb3ae3c76fb7282f6db01d010abf7e95a0,0x7a250d5630b4cf539739df2c5dacb4c659f2488d,0.082064036859015407,Direct,address,address
0xc47e221305892a6410f6a9e613630c1150d71671b44b54052c8ef8e8f6a58d61,25202388,1780074155,0x063676cb3ae3c76fb7282f6db01d010abf7e95a0,0x0000000000000000000000000000000000000000,0.000064293940523624,Gas,address,address
0xcac21a4eb70294658484bbb1fc87c8dbe51c1d2d78f54dcaec28e9d18a2446e9,25202388,1780074155,0x43076ad18faba5166f0b94a1d8e24b60f6c82255,0x7a250d5630b4cf539739df2c5dacb4c659f2488d,0.064167092466140122,Direct,address,address
0xcac21a4eb70294658484bbb1fc87c8dbe51c1d2d78f54dcaec28e9d18a2446e9,25202388,1780074155,0x43076ad18faba5166f0b94a1d8e24b60f6c82255,0x0000000000000000000000000000000000000000,0.000056526228792824,Gas,address,address
0xcf70b9e27039676c8dffc527142f9739da4ad6fbcef9d0517d67716c909ea716,25202388,1780074155,0x870a8213faf15d366677de6fa8aed31cd2154a87,0x50995f97f63f8ec9a131272269f1388d88a03990,0.008953454935099390,Direct,address,address
0xcf70b9e27039676c8dffc527142f9739da4ad6fbcef9d0517d67716c909ea716,25202388,1780074155,0x870a8213faf15d366677de6fa8aed31cd2154a87,0x0000000000000000000000000000000000000000,0.000009321148347000,Gas,address,address
0xe79e6b39c0223858d3ca9dc579dda97d601af6b13358e8ac4686e8529514b801,25202388,1780074155,0xe12af9854d77ee2463e84966bb4b18b5dd31c20a,0x3328f7f4a1d1c57c35df56bbf0c9dcafca309c49,0.370835484705079821,Direct,address,address
0xe79e6b39c0223858d3ca9dc579dda97d601af6b13358e8ac4686e8529514b801,25202388,1780074155,0xe12af9854d77ee2463e84966bb4b18b5dd31c20a,0x0000000000000000000000000000000000000000,0.000072898838963188,Gas,address,address
0xfaa43b748a98967d4ae62fbe91dca81503cc92596ae3c9165e02f0d33c6fdf78,25202388,1780074155,0xce0e56416d5e8bd78c9dc305f6fc05b5715111c8,0x50995f97f63f8ec9a131272269f1388d88a03990,0.017727378113925479,Direct,address,address
0xfaa43b748a98967d4ae62fbe91dca81503cc92596ae3c9165e02f0d33c6fdf78,25202388,1780074155,0xce0e56416d5e8bd78c9dc305f6fc05b5715111c8,0x0000000000000000000000000000000000000000,0.000009375552312000,Gas,address,address
0x02697e0f87ffedd4db3ec12a5d77fb0f62538a11deaf9a5d6fe34c83aa70c2ae,25202391,1780074191,0x4d8b6d3723d8df7370e3d10d30fe5d4daede234a,0x0000000000000000000000000000000000000000,0.000066976449324693,Gas,address,address
0xb7cfecc4839e157b98fb27b8587114ca853de2c4789dfc6bb7bc0da616f7bc13,25202391,1780074191,0xf409fc839dfb91345f742f0046bc0667a7c5e200,0x7a250d5630b4cf539739df2c5dacb4c659f2488d,0.099500000000000005,Direct,address,address
0xb7cfecc4839e157b98fb27b8587114ca853de2c4789dfc6bb7bc0da616f7bc13,25202391,1780074191,0xf409fc839dfb91345f742f0046bc0667a7c5e200,0x0000000000000000000000000000000000000000,0.000065885126673884,Gas,address,address
0xc4fab3a85c60c7151dbc0f689519ac5f2b49823210a73eab5cd3a802e4aef938,25202391,1780074191,0x4d8b6d3723d8df7370e3d10d30fe5d4daede234a,0x0000000000000000000000000000000000000000,0.000223744545748452,Gas,address,address
0xc8de6c8d7bb69fe188eaac83aa8636d93799865ec15b6bb1064d68a459951e37,25202391,1780074191,0x7d41f4fa2df4888ccce8eee9d26f55b7e33567d3,0x7a250d5630b4cf539739df2c5dacb4c659f2488d,0.149999999999999994,Direct,address,address
0xc8de6c8d7bb69fe188eaac83aa8636d93799865ec15b6bb1064d68a459951e37,25202391,1780074191,0x7d41f4fa2df4888ccce8eee9d26f55b7e33567d3,0x0000000000000000000000000000000000000000,0.000070745710944524,Gas,address,address
0x0c05738b0873a9f754c3ddb9e214cb6f115c03f6f0c402adc59c39e78e4dbdf7,25202392,1780074203,0x2348e8a3a21dbe64ace84853d7b4b696e8a1fc27,0x28474cbcd780aeeb3ed1501b68254bed87cf5597,0.005000000000000000,Direct,address,victim_vault
0x12754d03440bab1eb42a1200a51a259af5493fdba783bd45ac6e74e35b7e00dc,25202392,1780074203,0xe12af9854d77ee2463e84966bb4b18b5dd31c20a,0x0000000000000000000000000000000000000000,0.000072184290099432,Gas,address,address
0x16df17f96f388aa2b1297cd5c302f49ccc2d887df1cddf15b709ea7cd0335777,25202392,1780074203,0x063676cb3ae3c76fb7282f6db01d010abf7e95a0,0x0000000000000000000000000000000000000000,0.000021934715556726,Gas,address,address
0x2d34458e26f2eb8abaf766649ae86b7e33017b5f7a6995afc6233a9d7f40a8c7,25202392,1780074203,0xa8b78f6ebf220c1d7498236260316831624ac232,0x0000000000000000000000000000000000000000,0.000021934715556726,Gas,address,address
0x499f3f103fdb0d9efc13085ac8d3bb3cfef0463dd8521f8f3fe994efcc6bb51c,25202392,1780074203,0x5355c7c2bb2e49945537beaabbaff57ad2e9b224,0x0000000000000000000000000000000000000000,0.000067182453542820,Gas,address,address
0x4b1c1fa9e2ffc343e2a98ac5ececa8d366b71ca1029e2a1b3ef05b9d6d920b1a,25202392,1780074203,0x063676cb3ae3c76fb7282f6db01d010abf7e95a0,0x0000000000000000000000000000000000000000,0.000067182453542820,Gas,address,address
0x8af493fce3b48d26854006c3f27674f93405aa2ebf06a1b7fb4bf4a0176a0986,25202392,1780074203,0x5355c7c2bb2e49945537beaabbaff57ad2e9b224,0x0000000000000000000000000000000000000000,0.000021934715556726,Gas,address,address
0x9432ee347dbfc854c75b8b5996a349473aa019e8694fd1871dd0c1f65a61e3a5,25202392,1780074203,0xa8b78f6ebf220c1d7498236260316831624ac232,0x0000000000000000000000000000000000000000,0.000067182453542820,Gas,address,address
0xbcfc3fe7e1931bb661e15275b0777dd27c875343f1ec121995b47fa87938ce1b,25202392,1780074203,0xe12af9854d77ee2463e84966bb4b18b5dd31c20a,0x0000000000000000000000000000000000000000,0.000021934715556726,Gas,address,address
0x445e0a3088796663f9dd95eb9d81f93467b8092911be910bd6b900052321eab9,25202393,1780074215,0xa8b78f6ebf220c1d7498236260316831624ac232,0x50995f97f63f8ec9a131272269f1388d88a03990,0.012344883848253271,Direct,address,address
0x445e0a3088796663f9dd95eb9d81f93467b8092911be910bd6b900052321eab9,25202393,1780074215,0xa8b78f6ebf220c1d7498236260316831624ac232,0x0000000000000000000000000000000000000000,0.000009540946779000,Gas,address,address
0xb897603826a37cbf2e96a76c8b0a4faa389b5aea03778a293911eb528550ca1b,25202393,1780074215,0x063676cb3ae3c76fb7282f6db01d010abf7e95a0,0x50995f97f63f8ec9a131272269f1388d88a03990,0.009773011084582421,Direct,address,address
0xb897603826a37cbf2e96a76c8b0a4faa389b5aea03778a293911eb528550ca1b,25202393,1780074215,0x063676cb3ae3c76fb7282f6db01d010abf7e95a0,0x0000000000000000000000000000000000000000,0.000009540946779000,Gas,address,address
0xf1b8a3164c21bb2b49e0f9fba5115da0f8cc6698a69bd3b83c01ab3d2e115170,25202393,1780074215,0xe12af9854d77ee2463e84966bb4b18b5dd31c20a,0x50995f97f63f8ec9a131272269f1388d88a03990,0.026587956503521856,Direct,address,address
0xf1b8a3164c21bb2b49e0f9fba5115da0f8cc6698a69bd3b83c01ab3d2e115170,25202393,1780074215,0xe12af9854d77ee2463e84966bb4b18b5dd31c20a,0x0000000000000000000000000000000000000000,0.000009540946779000,Gas,address,address
0xf8b3a0f72a1c824214dcf3f585db0b5d750799dd6a01136abae0771686689b7c,25202393,1780074215,0x5355c7c2bb2e49945537beaabbaff57ad2e9b224,0x50995f97f63f8ec9a131272269f1388d88a03990,0.019972060444041817,Direct,address,address
0xf8b3a0f72a1c824214dcf3f585db0b5d750799dd6a01136abae0771686689b7c,25202393,1780074215,0x5355c7c2bb2e49945537beaabbaff57ad2e9b224,0x0000000000000000000000000000000000000000,0.000009540946779000,Gas,address,address
0xdc8bedf63c5f7023d6133c7a5b9419261101ae2f4ee505d00263ae3faa9c51f1,25202395,1780074239,0x7d41f4fa2df4888ccce8eee9d26f55b7e33567d3,0x7a250d5630b4cf539739df2c5dacb4c659f2488d,0.075313396918955985,Direct,address,address
0xdc8bedf63c5f7023d6133c7a5b9419261101ae2f4ee505d00263ae3faa9c51f1,25202395,1780074239,0x7d41f4fa2df4888ccce8eee9d26f55b7e33567d3,0x0000000000000000000000000000000000000000,0.000060916398972502,Gas,address,address
0xfc416e48a4095b270b553d9a8c61fd40ece92592a92dc2a1d46c8b9a0e057115,25202395,1780074239,0xf409fc839dfb91345f742f0046bc0667a7c5e200,0x7a250d5630b4cf539739df2c5dacb4c659f2488d,0.062631686113697099,Direct,address,address
0xfc416e48a4095b270b553d9a8c61fd40ece92592a92dc2a1d46c8b9a0e057115,25202395,1780074239,0xf409fc839dfb91345f742f0046bc0667a7c5e200,0x0000000000000000000000000000000000000000,0.000056200430552782,Gas,address,address
0x41731b558d12e1139a1cf9cefc80bd7556de6c4a61cc4f784f0fc462f8035737,25202408,1780074395,0x02467dd05200e5b3fbcdddbf43735ae4d0681a59,0x0000000000000000000000000000000000000000,0.001365209912431680,Gas,suspect,address
0xa9a56c64e1b1ceb5d6f0672214e33727da39c443f8f9ee985e70b944a7bbd169,25202408,1780074395,0x02467dd05200e5b3fbcdddbf43735ae4d0681a59,0x0000000000000000000000000000000000000000,0.500000000000000000,Direct,suspect,address
0xa9a56c64e1b1ceb5d6f0672214e33727da39c443f8f9ee985e70b944a7bbd169,25202408,1780074395,0x02467dd05200e5b3fbcdddbf43735ae4d0681a59,0x0000000000000000000000000000000000000000,0.000915410458992210,Gas,suspect,address
0xbe89b2a69f484ae3db4a9ead7dea4987e43fccee9cb27f76a4082550a190d704,25202409,1780074407,0x2348e8a3a21dbe64ace84853d7b4b696e8a1fc27,0x28474cbcd780aeeb3ed1501b68254bed87cf5597,0.005000000000000000,Direct,address,victim_vault
0xf0e8542a57c488121f18bdad4f148799e59ee21b83caa12bdc5b9aadac43d8ba,25202411,1780074431,0x02467dd05200e5b3fbcdddbf43735ae4d0681a59,0x0000000000000000000000000000000000000000,0.000115099146111412,Gas,suspect,address
0x1ec0243bd44374b7d0ee2ed0bd3b88c097bbd3219d13a7becd6e504a011e43d4,25202414,1780074467,0x9ec2f5e65548f87e107aa61bec0a4c13ce6ba663,0x4313c378cc91ea583c91387b9216e2c03096b27f,0.010000000000000000,Direct,address,address
0x1ec0243bd44374b7d0ee2ed0bd3b88c097bbd3219d13a7becd6e504a011e43d4,25202414,1780074467,0x9ec2f5e65548f87e107aa61bec0a4c13ce6ba663,0x0000000000000000000000000000000000000000,0.000236515054751340,Gas,address,address
0x8d569a643c6b591002b6281d60b70fa05c5044c17f471f382cccf74413daf862,25202415,1780074479,0x4d8b6d3723d8df7370e3d10d30fe5d4daede234a,0x4313c378cc91ea583c91387b9216e2c03096b27f,0.020000000000000000,Direct,address,address
0x8d569a643c6b591002b6281d60b70fa05c5044c17f471f382cccf74413daf862,25202415,1780074479,0x4d8b6d3723d8df7370e3d10d30fe5d4daede234a,0x0000000000000000000000000000000000000000,0.000291356193638532,Gas,address,address
0x1e3eab288f3605ec3bef84b37fcc30db32c89c6428fc8be95119574645418e4e,25202416,1780074491,0x3bf21733e11dcd57e97d60012af268c27de54839,0x50995f97f63f8ec9a131272269f1388d88a03990,0.015884440618443706,Direct,address,address
0x1e3eab288f3605ec3bef84b37fcc30db32c89c6428fc8be95119574645418e4e,25202416,1780074491,0x3bf21733e11dcd57e97d60012af268c27de54839,0x0000000000000000000000000000000000000000,0.000008700823698000,Gas,address,address
0xa97d604cb532433bfa2e6f57f4733d26fab5289dc1236e9ec5c9c329f1fd46fe,25202416,1780074491,0x02467dd05200e5b3fbcdddbf43735ae4d0681a59,0x0000000000000000000000000000000000000000,0.000090913367857305,Gas,suspect,address
0x19c9ac72c4d193224f0eb4bae67ee8da1e233487dfac628862223acc82f8d42e,25202418,1780074515,0xa8b78f6ebf220c1d7498236260316831624ac232,0x3328f7f4a1d1c57c35df56bbf0c9dcafca309c49,0.080000000000000002,Direct,address,address
0x19c9ac72c4d193224f0eb4bae67ee8da1e233487dfac628862223acc82f8d42e,25202418,1780074515,0xa8b78f6ebf220c1d7498236260316831624ac232,0x0000000000000000000000000000000000000000,0.000072456256415453,Gas,address,address
0x270e5c473830e4002826e3c395bb60c85bbae9ded5945a8074031515de3dd77d,25202418,1780074515,0x5355c7c2bb2e49945537beaabbaff57ad2e9b224,0x7a250d5630b4cf539739df2c5dacb4c659f2488d,0.099000000000000005,Direct,address,address
0x270e5c473830e4002826e3c395bb60c85bbae9ded5945a8074031515de3dd77d,25202418,1780074515,0x5355c7c2bb2e49945537beaabbaff57ad2e9b224,0x0000000000000000000000000000000000000000,0.000060074123053174,Gas,address,address
0x313e65ae313d99339197f8ce3e733381c075321debf7c549cb6d013c8bcfd0de,25202419,1780074527,0x02467dd05200e5b3fbcdddbf43735ae4d0681a59,0x0000000000000000000000000000000000000000,0.000091197941072511,Gas,suspect,address
0x57f58d9f87b96b5f14f88edbe9c80957e7eda6ccae860bc2f6d1d8cbb0be943e,25202422,1780074563,0xe12af9854d77ee2463e84966bb4b18b5dd31c20a,0x3328f7f4a1d1c57c35df56bbf0c9dcafca309c49,0.049700000000000001,Direct,address,address
0x57f58d9f87b96b5f14f88edbe9c80957e7eda6ccae860bc2f6d1d8cbb0be943e,25202422,1780074563,0xe12af9854d77ee2463e84966bb4b18b5dd31c20a,0x0000000000000000000000000000000000000000,0.000076699414812516,Gas,address,address
0xcf06d61c1e3deee7771e165283913fd6433417205ac222d860d6847766e90505,25202422,1780074563,0x063676cb3ae3c76fb7282f6db01d010abf7e95a0,0x7a250d5630b4cf539739df2c5dacb4c659f2488d,0.099500000000000005,Direct,address,address
0xcf06d61c1e3deee7771e165283913fd6433417205ac222d860d6847766e90505,25202422,1780074563,0x063676cb3ae3c76fb7282f6db01d010abf7e95a0,0x0000000000000000000000000000000000000000,0.000063588323067328,Gas,address,address
0x3a0d94577b554022dc4b28e18edef981963deab892ff965a7d416b3d6ffb614e,25202423,1780074575,0xfde8ca90a0e648ba896b8a4d0f579c36c373fdd3,0x3328f7f4a1d1c57c35df56bbf0c9dcafca309c49,0.037564893375903075,Direct,address,address
0x3a0d94577b554022dc4b28e18edef981963deab892ff965a7d416b3d6ffb614e,25202423,1780074575,0xfde8ca90a0e648ba896b8a4d0f579c36c373fdd3,0x0000000000000000000000000000000000000000,0.000070567554559275,Gas,address,address
0x3e15ce8a74ad198b2ecec5971f1ecab95c151ec7849a5fe1f74b79c130c26067,25202423,1780074575,0x2b28ab667f3a0efbb744ba310761eb0cf3046062,0x7a250d5630b4cf539739df2c5dacb4c659f2488d,0.017495302379576361,Direct,address,address
0x3e15ce8a74ad198b2ecec5971f1ecab95c151ec7849a5fe1f74b79c130c26067,25202423,1780074575,0x2b28ab667f3a0efbb744ba310761eb0cf3046062,0x0000000000000000000000000000000000000000,0.000062307480167760,Gas,address,address
0x963e0d5faaf98e6641c1313f17b70565f0948c48b9f65c8c615940e95e7df668,25202423,1780074575,0x750819c35800a9acdf9a800212202ddb100af5db,0x7a250d5630b4cf539739df2c5dacb4c659f2488d,0.039080666681545369,Direct,address,address
0x963e0d5faaf98e6641c1313f17b70565f0948c48b9f65c8c615940e95e7df668,25202423,1780074575,0x750819c35800a9acdf9a800212202ddb100af5db,0x0000000000000000000000000000000000000000,0.000066889119767340,Gas,address,address
0x8985c04c2db54b6e524bcfab8feb62aea6218df8678d4e05f8d3e2f423614aad,25202425,1780074599,0xce0e56416d5e8bd78c9dc305f6fc05b5715111c8,0x3328f7f4a1d1c57c35df56bbf0c9dcafca309c49,0.117962716134182508,Direct,address,address
0x8985c04c2db54b6e524bcfab8feb62aea6218df8678d4e05f8d3e2f423614aad,25202425,1780074599,0xce0e56416d5e8bd78c9dc305f6fc05b5715111c8,0x0000000000000000000000000000000000000000,0.000065715969407760,Gas,address,address
0x930e2287bb466673cf65e390739861ea1c06ec0a69b7ae94dda366f34fc6b5f1,25202425,1780074599,0x9ec2f5e65548f87e107aa61bec0a4c13ce6ba663,0x4313c378cc91ea583c91387b9216e2c03096b27f,0.010000000000000000,Direct,address,address
0x930e2287bb466673cf65e390739861ea1c06ec0a69b7ae94dda366f34fc6b5f1,25202425,1780074599,0x9ec2f5e65548f87e107aa61bec0a4c13ce6ba663,0x0000000000000000000000000000000000000000,0.000211134771141000,Gas,address,address
0xf73868bb5e0f607b6d26495b342979053f7f738533a9beb435c28a807693bf1b,25202425,1780074599,0x10929a535625d921fbff72480142dea0184be50e,0x3328f7f4a1d1c57c35df56bbf0c9dcafca309c49,0.133046622247773055,Direct,address,address
0xf73868bb5e0f607b6d26495b342979053f7f738533a9beb435c28a807693bf1b,25202425,1780074599,0x10929a535625d921fbff72480142dea0184be50e,0x0000000000000000000000000000000000000000,0.000065715969407760,Gas,address,address
0x365d6e2ecdc4c1ffcb68229412b9e647fae39927304617dcb0c8af9998c816a3,25202426,1780074611,0x4d8b6d3723d8df7370e3d10d30fe5d4daede234a,0x0000000000000000000000000000000000000000,0.000163429107384528,Gas,address,address
0xc1981fa33390b57aadd2220f82ada72fb299baa0163dd5a2f024c7d41eac36d7,25202426,1780074611,0x4d8b6d3723d8df7370e3d10d30fe5d4daede234a,0x0000000000000000000000000000000000000000,0.000050508911645964,Gas,address,address
0x54e3b65f2ad202f9d134882de9dd36e1a74f53ca6384f3f28cb55c1beb7d7a97,25202427,1780074623,0x2348e8a3a21dbe64ace84853d7b4b696e8a1fc27,0x28474cbcd780aeeb3ed1501b68254bed87cf5597,0.005000000000000000,Direct,address,victim_vault
0x658b4c551d0e8db18d8b0f790e302136aca1fab5f8eb490109bf92b472226458,25202429,1780074647,0x2348e8a3a21dbe64ace84853d7b4b696e8a1fc27,0x28474cbcd780aeeb3ed1501b68254bed87cf5597,0.005000000000000000,Direct,address,victim_vault
0x796087c17513758e5bd203c0b2b51976d21a559a0228bbe25f3592f399e7322f,25202429,1780074647,0x2348e8a3a21dbe64ace84853d7b4b696e8a1fc27,0x28474cbcd780aeeb3ed1501b68254bed87cf5597,0.005000000000000000,Direct,address,victim_vault
0x4a9c6704b2fa55c9595837d18f03d640c53137ec734f4c7bf45bdb78339b1e4a,25202430,1780074659,0x02467dd05200e5b3fbcdddbf43735ae4d0681a59,0x0000000000000000000000000000000000000000,0.000093813625754898,Gas,suspect,address
0x7841fa94cf90d21e7375912af6655838a300e1a5f01fcae7b2d9e9ec741b9b50,25202430,1780074659,0x2348e8a3a21dbe64ace84853d7b4b696e8a1fc27,0x28474cbcd780aeeb3ed1501b68254bed87cf5597,0.005000000000000000,Direct,address,victim_vault
0xbe88bec47178ee2fcf32ef0b1ced090fe61749728419dffd30bff3f66232143f,25202433,1780074695,0x4d8b6d3723d8df7370e3d10d30fe5d4daede234a,0x0000000000000000000000000000000000000000,0.000255798192300696,Gas,address,address
0x58d8c7f457eac94aa2a77a32b273157ec7d743f206a2af44a62c07ec6283bf48,25202435,1780074719,0x2348e8a3a21dbe64ace84853d7b4b696e8a1fc27,0x28474cbcd780aeeb3ed1501b68254bed87cf5597,0.005000000000000000,Direct,address,victim_vault
0x01de60f8b270b64e271a01521aa619db43ffb6233415cad853f4a3db33d75062,25202436,1780074731,0x71fbaccdcd43cdab9161fe92a8359f90cf0e2905,0x7a250d5630b4cf539739df2c5dacb4c659f2488d,0.087079837151458492,Direct,address,address
0x01de60f8b270b64e271a01521aa619db43ffb6233415cad853f4a3db33d75062,25202436,1780074731,0x71fbaccdcd43cdab9161fe92a8359f90cf0e2905,0x0000000000000000000000000000000000000000,0.000073552891368928,Gas,address,address
0x4b178a48f964ae719c8b52d32c1ded0f025de8344cadcbcaed14a2bbfa5091c9,25202436,1780074731,0x7c5a0f138ba96b7132f6befe9f79cf4796f06a92,0x3328f7f4a1d1c57c35df56bbf0c9dcafca309c49,0.080000000000000002,Direct,address,address
0x4b178a48f964ae719c8b52d32c1ded0f025de8344cadcbcaed14a2bbfa5091c9,25202436,1780074731,0x7c5a0f138ba96b7132f6befe9f79cf4796f06a92,0x0000000000000000000000000000000000000000,0.000083145106249470,Gas,address,address
0xa5bd741b8ff1901533017639ba37b0cd9b6235ac86fe621f6268ab89ae55e78e,25202436,1780074731,0xa37eaed2aba7be8e83e2f419fb2094093886d90a,0x3328f7f4a1d1c57c35df56bbf0c9dcafca309c49,0.049700000000000001,Direct,address,address
0xa5bd741b8ff1901533017639ba37b0cd9b6235ac86fe621f6268ab89ae55e78e,25202436,1780074731,0xa37eaed2aba7be8e83e2f419fb2094093886d90a,0x0000000000000000000000000000000000000000,0.000088549577070366,Gas,address,address
0xc19a6a6eec34b16d16540893cee845a3ffa41b9ea93516534262d6607752d32a,25202436,1780074731,0x7a0fec301682758cce8aa6a9d1ce9196bde16052,0x7a250d5630b4cf539739df2c5dacb4c659f2488d,0.070000000000000007,Direct,address,address
0xc19a6a6eec34b16d16540893cee845a3ffa41b9ea93516534262d6607752d32a,25202436,1780074731,0x7a0fec301682758cce8aa6a9d1ce9196bde16052,0x0000000000000000000000000000000000000000,0.000073412804100128,Gas,address,address
0xcfd2d81dd91da31f09b370f77a9dbe0ff376ce979881c86fa162cc262fc330a9,25202436,1780074731,0xd377fdd91381cfcc1c37388e52ef0a7c37f33c21,0x3328f7f4a1d1c57c35df56bbf0c9dcafca309c49,0.099500000000000005,Direct,address,address
0xcfd2d81dd91da31f09b370f77a9dbe0ff376ce979881c86fa162cc262fc330a9,25202436,1780074731,0xd377fdd91381cfcc1c37388e52ef0a7c37f33c21,0x0000000000000000000000000000000000000000,0.000083145106249470,Gas,address,address
0xea723be7de581df71f34d7294ae6d07252d41920c1675f32e86b12880064f3d3,25202436,1780074731,0x6e659b2f0caccb0c5d642c87b300d7efc367454b,0x7a250d5630b4cf539739df2c5dacb4c659f2488d,0.133171173559627654,Direct,address,address
0xea723be7de581df71f34d7294ae6d07252d41920c1675f32e86b12880064f3d3,25202436,1780074731,0x6e659b2f0caccb0c5d642c87b300d7efc367454b,0x0000000000000000000000000000000000000000,0.000073546653138856,Gas,address,address
0x2c7a4c96bf04cef07b143225f13be54b9358927852c9b0c3be04775f1c5c2352,25202437,1780074743,0x063676cb3ae3c76fb7282f6db01d010abf7e95a0,0x0000000000000000000000000000000000000000,0.000024386335958685,Gas,address,address
0x8166dbdbf2607582891c233f281a63b7589cb3db0b1bdbc6dc65207f02ef407a,25202437,1780074743,0x063676cb3ae3c76fb7282f6db01d010abf7e95a0,0x0000000000000000000000000000000000000000,0.000108665546537525,Gas,address,address
0x0d88cd88f5a86163efc54fc8ba14f9291b73a17b7908c080736ddf5980c7c4b0,25202441,1780074791,0xb003b0cb109d00c1fe57aeda79bf5d48ca712b34,0x0000000000000000000000000000000000000000,0.000095705039864928,Gas,address,address
0xfa90e7a589ef7c2f3ccc117bc0bcde581e765acd9196cd11e00bf9369c3d9273,25202444,1780074827,0x4d8b6d3723d8df7370e3d10d30fe5d4daede234a,0x4313c378cc91ea583c91387b9216e2c03096b27f,0.020000000000000000,Direct,address,address
0xfa90e7a589ef7c2f3ccc117bc0bcde581e765acd9196cd11e00bf9369c3d9273,25202444,1780074827,0x4d8b6d3723d8df7370e3d10d30fe5d4daede234a,0x0000000000000000000000000000000000000000,0.000291573828723870,Gas,address,address
0xa90e117c1858034c41c4bc4940f6128445d208e859f8553f0750d0cb84238ba0,25202445,1780074839,0x4d8b6d3723d8df7370e3d10d30fe5d4daede234a,0x4313c378cc91ea583c91387b9216e2c03096b27f,0.050000000000000003,Direct,address,address
0xa90e117c1858034c41c4bc4940f6128445d208e859f8553f0750d0cb84238ba0,25202445,1780074839,0x4d8b6d3723d8df7370e3d10d30fe5d4daede234a,0x0000000000000000000000000000000000000000,0.000279481073473350,Gas,address,address
0xb117617c20a5dd120f42896bf08d79ba9487ec951ca471905500836cebe1025d,25202445,1780074839,0xe12af9854d77ee2463e84966bb4b18b5dd31c20a,0x0000000000000000000000000000000000000000,0.000082828909862595,Gas,address,address
0xd2153aaa71ba4d32dd3d38609d769f5d8c48ad1ee1a489d73fa84905811a161f,25202445,1780074839,0xe12af9854d77ee2463e84966bb4b18b5dd31c20a,0x0000000000000000000000000000000000000000,0.000025140934091223,Gas,address,address
0x30e1de1f98a4262b1915857bfa1b06434f1be3e9824065d35bbac1c2c649a340,25202446,1780074851,0x9de74997e2a418d9b9614a7960cf48b2f8dd22b2,0x3328f7f4a1d1c57c35df56bbf0c9dcafca309c49,0.059999999999999998,Direct,address,address
0x30e1de1f98a4262b1915857bfa1b06434f1be3e9824065d35bbac1c2c649a340,25202446,1780074851,0x9de74997e2a418d9b9614a7960cf48b2f8dd22b2,0x0000000000000000000000000000000000000000,0.000088246741544865,Gas,address,address
0x3137692fe7286488d6cea3a1fd5612282a38430026355f79b3227481bcd71ad0,25202446,1780074851,0xe3f81b0c4e0302e9e87563ee1ba165913c07fbb3,0x3328f7f4a1d1c57c35df56bbf0c9dcafca309c49,0.089999999999999997,Direct,address,address
0x3137692fe7286488d6cea3a1fd5612282a38430026355f79b3227481bcd71ad0,25202446,1780074851,0xe3f81b0c4e0302e9e87563ee1ba165913c07fbb3,0x0000000000000000000000000000000000000000,0.000088246741544865,Gas,address,address
0x8a69f78f2100d6684b0adcc3fa60f7cd6e3c8e33e4640cc8f858eaa48c6ab744,25202446,1780074851,0x257cda2f9dabd296a9a7fc9065103c7972f4b943,0x7a250d5630b4cf539739df2c5dacb4c659f2488d,0.089999999999999997,Direct,address,address
0x8a69f78f2100d6684b0adcc3fa60f7cd6e3c8e33e4640cc8f858eaa48c6ab744,25202446,1780074851,0x257cda2f9dabd296a9a7fc9065103c7972f4b943,0x0000000000000000000000000000000000000000,0.000083653362211808,Gas,address,address
0xb681fcc1d1325c953addb53aa612160afb3a17636203bf202bc14baa3ea2dbf8,25202446,1780074851,0x46ddf32eb8bfb94d94c10f06afaef1d59176f6c9,0x7a250d5630b4cf539739df2c5dacb4c659f2488d,0.099000000000000005,Direct,address,address
0xb681fcc1d1325c953addb53aa612160afb3a17636203bf202bc14baa3ea2dbf8,25202446,1780074851,0x46ddf32eb8bfb94d94c10f06afaef1d59176f6c9,0x0000000000000000000000000000000000000000,0.000077917282708976,Gas,address,address
0x476e2db9a8dc7afe586c4f835fe804687ac7a461b382b03a6da4fbf42e69f4aa,25202447,1780074863,0xe12af9854d77ee2463e84966bb4b18b5dd31c20a,0x50995f97f63f8ec9a131272269f1388d88a03990,0.043104161210707662,Direct,address,address
0x476e2db9a8dc7afe586c4f835fe804687ac7a461b382b03a6da4fbf42e69f4aa,25202447,1780074863,0xe12af9854d77ee2463e84966bb4b18b5dd31c20a,0x0000000000000000000000000000000000000000,0.000011169530526000,Gas,address,address
0x55493a2699ebcd23e916fa8ee59739ab1ca009221c76f3f90800097bba6aa0ab,25202447,1780074863,0x9ec2f5e65548f87e107aa61bec0a4c13ce6ba663,0x4313c378cc91ea583c91387b9216e2c03096b27f,0.050000000000000003,Direct,address,address
0x55493a2699ebcd23e916fa8ee59739ab1ca009221c76f3f90800097bba6aa0ab,25202447,1780074863,0x9ec2f5e65548f87e107aa61bec0a4c13ce6ba663,0x0000000000000000000000000000000000000000,0.000267575650677180,Gas,address,address
0x6f02e15f50b3faa66901ac8849f2fabfc47690eebc203f004317c2124b4f7f2a,25202448,1780074875,0x9ec2f5e65548f87e107aa61bec0a4c13ce6ba663,0x4313c378cc91ea583c91387b9216e2c03096b27f,0.050000000000000003,Direct,address,address
0x6f02e15f50b3faa66901ac8849f2fabfc47690eebc203f004317c2124b4f7f2a,25202448,1780074875,0x9ec2f5e65548f87e107aa61bec0a4c13ce6ba663,0x0000000000000000000000000000000000000000,0.000244785219894180,Gas,address,address
0x63f90ecd5db73ce3bf61d616eafdaec0efdf23821e0b80aef6b9b935f022e85a,25202449,1780074887,0x0adb41bc7be29dc28790ec8f6c22cd697eed8071,0x7a250d5630b4cf539739df2c5dacb4c659f2488d,0.049500000000000002,Direct,address,address
0x63f90ecd5db73ce3bf61d616eafdaec0efdf23821e0b80aef6b9b935f022e85a,25202449,1780074887,0x0adb41bc7be29dc28790ec8f6c22cd697eed8071,0x0000000000000000000000000000000000000000,0.000079267066768448,Gas,address,address
0x7a4f5f79b0528ed5e382237529af682a63eded9e9fc57f308544e02cfb884780,25202449,1780074887,0x2f1a91f603a082c6f64e0ad8925cf918c5c491f0,0x7a250d5630b4cf539739df2c5dacb4c659f2488d,0.080000000000000002,Direct,address,address
0x7a4f5f79b0528ed5e382237529af682a63eded9e9fc57f308544e02cfb884780,25202449,1780074887,0x2f1a91f603a082c6f64e0ad8925cf918c5c491f0,0x0000000000000000000000000000000000000000,0.000085102514067584,Gas,address,address
0xa713602bac948ed50f614c43b398b83071ecfccb1bf6a85ed81677f539b423e3,25202449,1780074887,0x263161a729d0961a3165ef61afa7f31cd8018cee,0x7a250d5630b4cf539739df2c5dacb4c659f2488d,0.089999999999999997,Direct,address,address
0xa713602bac948ed50f614c43b398b83071ecfccb1bf6a85ed81677f539b423e3,25202449,1780074887,0x263161a729d0961a3165ef61afa7f31cd8018cee,0x0000000000000000000000000000000000000000,0.000079267066768448,Gas,address,address
0xfbc34f78d2e8c5a274a228b71b57de11d7363edbbc6bbc9003ceda3ebca8816a,25202449,1780074887,0x3f4cf4bab3551e1bd54176d3f7fa12b46283948b,0x3328f7f4a1d1c57c35df56bbf0c9dcafca309c49,0.089999999999999997,Direct,address,address
0xfbc34f78d2e8c5a274a228b71b57de11d7363edbbc6bbc9003ceda3ebca8816a,25202449,1780074887,0x3f4cf4bab3551e1bd54176d3f7fa12b46283948b,0x0000000000000000000000000000000000000000,0.000089775465865020,Gas,address,address
0x0784aff297e58c147f57b56b3eb12b290384aabb714c9047ae591445822b50ec,25202451,1780074911,0x2f1a91f603a082c6f64e0ad8925cf918c5c491f0,0x3328f7f4a1d1c57c35df56bbf0c9dcafca309c49,0.056758262478389915,Direct,address,address
0x0784aff297e58c147f57b56b3eb12b290384aabb714c9047ae591445822b50ec,25202451,1780074911,0x2f1a91f603a082c6f64e0ad8925cf918c5c491f0,0x0000000000000000000000000000000000000000,0.000075977385710130,Gas,address,address
0x1fead053918672d0e05a46bb9d988d8df7437ba377d015f2198b0f922ad72255,25202451,1780074911,0x0adb41bc7be29dc28790ec8f6c22cd697eed8071,0x7a250d5630b4cf539739df2c5dacb4c659f2488d,0.026165871491418132,Direct,address,address
0x1fead053918672d0e05a46bb9d988d8df7437ba377d015f2198b0f922ad72255,25202451,1780074911,0x0adb41bc7be29dc28790ec8f6c22cd697eed8071,0x0000000000000000000000000000000000000000,0.000066021691667272,Gas,address,address
0x4a0de6fbe7c920d010aafb4105e88632bb9fef1321103381cb7527465681dc5f,25202451,1780074911,0x9de74997e2a418d9b9614a7960cf48b2f8dd22b2,0x3328f7f4a1d1c57c35df56bbf0c9dcafca309c49,0.048155719237924402,Direct,address,address
0x4a0de6fbe7c920d010aafb4105e88632bb9fef1321103381cb7527465681dc5f,25202451,1780074911,0x9de74997e2a418d9b9614a7960cf48b2f8dd22b2,0x0000000000000000000000000000000000000000,0.000081505908882834,Gas,address,address
0x6c7f62b845d811cae7e8b7fc200037b4c91034e1a63fcb0cfbb1651619e8e6c4,25202451,1780074911,0xce0e56416d5e8bd78c9dc305f6fc05b5715111c8,0x0000000000000000000000000000000000000000,0.000024695215920534,Gas,address,address
0x7acb23d85cce8f31b6e129b3fbe1a70db87e43f118895150603966e4015d731b,25202451,1780074911,0x10929a535625d921fbff72480142dea0184be50e,0x0000000000000000000000000000000000000000,0.000078267521555234,Gas,address,address
0xb55e5ef62519fb82185d0ec8a4102f37266f656ea915077423b3d630bc9df3b4,25202451,1780074911,0x10929a535625d921fbff72480142dea0184be50e,0x0000000000000000000000000000000000000000,0.000024695215920534,Gas,address,address
0xca2795b024b1dbb37b7d12829d2fd27beb56307f69e18cb8ba6fa465ac41e69a,25202451,1780074911,0x263161a729d0961a3165ef61afa7f31cd8018cee,0x7a250d5630b4cf539739df2c5dacb4c659f2488d,0.034225839878914470,Direct,address,address
0xca2795b024b1dbb37b7d12829d2fd27beb56307f69e18cb8ba6fa465ac41e69a,25202451,1780074911,0x263161a729d0961a3165ef61afa7f31cd8018cee,0x0000000000000000000000000000000000000000,0.000066021691667272,Gas,address,address
0xda711f0451568f09277d767a2748f5a3543f999a1971b70acf5be6c993397fe1,25202451,1780074911,0x3f4cf4bab3551e1bd54176d3f7fa12b46283948b,0x7a250d5630b4cf539739df2c5dacb4c659f2488d,0.008945069749252507,Direct,address,address
0xda711f0451568f09277d767a2748f5a3543f999a1971b70acf5be6c993397fe1,25202451,1780074911,0x3f4cf4bab3551e1bd54176d3f7fa12b46283948b,0x0000000000000000000000000000000000000000,0.000066021691667272,Gas,address,address
0xf5305aae7f1ad64b456f0c990eaa954168f3f917ec0931a416218514375e9dfb,25202451,1780074911,0xce0e56416d5e8bd78c9dc305f6fc05b5715111c8,0x0000000000000000000000000000000000000000,0.000078376733776518,Gas,address,address
0x4e0c855f2ec5681e6960f962015c0bc5acdfcb034f34ff790695a1b99dbcc579,25202454,1780074947,0x4d8b6d3723d8df7370e3d10d30fe5d4daede234a,0x0000000000000000000000000000000000000000,0.000324201670074060,Gas,address,address
0x9a1e218fe542e88231339bf74404f33e8d4df87feaf0dd3203174968868a8dee,25202454,1780074947,0x4d8b6d3723d8df7370e3d10d30fe5d4daede234a,0x0000000000000000000000000000000000000000,0.000054967921297026,Gas,address,address
0x1d921775fce384a663c215e6d1446dff02127aa848def950fe9d5e1ff4d9b834,25202457,1780074983,0x7426be1607bdc81ef0834c9ac8fdb29ccc208fdc,0x3328f7f4a1d1c57c35df56bbf0c9dcafca309c49,0.070000000000000007,Direct,address,address
0x1d921775fce384a663c215e6d1446dff02127aa848def950fe9d5e1ff4d9b834,25202457,1780074983,0x7426be1607bdc81ef0834c9ac8fdb29ccc208fdc,0x0000000000000000000000000000000000000000,0.000092855083599855,Gas,address,address
0x291725e0f89af705d93de222648e9883784ab6da41ac5935b9a37a9e46006a9a,25202457,1780074983,0x52915868ae644307e9b9a579ca9c324de22ab77d,0x7a250d5630b4cf539739df2c5dacb4c659f2488d,0.099000000000000005,Direct,address,address
0x291725e0f89af705d93de222648e9883784ab6da41ac5935b9a37a9e46006a9a,25202457,1780074983,0x52915868ae644307e9b9a579ca9c324de22ab77d,0x0000000000000000000000000000000000000000,0.000081986209044752,Gas,address,address
0x569d46475b36f1a8ec5494ea94fcb7cb3942dc299e9170f2c25f4219e25b0eeb,25202457,1780074983,0x4ba861d765cbb027d0c66aca2a5581f90f9b6f80,0x7a250d5630b4cf539739df2c5dacb4c659f2488d,0.070000000000000007,Direct,address,address
0x569d46475b36f1a8ec5494ea94fcb7cb3942dc299e9170f2c25f4219e25b0eeb,25202457,1780074983,0x4ba861d765cbb027d0c66aca2a5581f90f9b6f80,0x0000000000000000000000000000000000000000,0.000081986209044752,Gas,address,address
0xd85db913918ddaac100133c8c310e1ad0136e9ec144b245dbdb9f8a640eb7b6d,25202457,1780074983,0xefafec41e93c5b4f68981c4625dc5755ba3cf766,0x3328f7f4a1d1c57c35df56bbf0c9dcafca309c49,0.100000000000000006,Direct,address,address
0xd85db913918ddaac100133c8c310e1ad0136e9ec144b245dbdb9f8a640eb7b6d,25202457,1780074983,0xefafec41e93c5b4f68981c4625dc5755ba3cf766,0x0000000000000000000000000000000000000000,0.000098890707493119,Gas,address,address
0x9b5af1407eb896c5ad8f9f83c77b697f6a033ff1a60e52f2dea1f51145f9fe1c,25202459,1780075007,0x4d8b6d3723d8df7370e3d10d30fe5d4daede234a,0x0000000000000000000000000000000000000000,0.002074358000000000,Gas,address,address
0xb642fc4ffd49d23c68fac1daaf5cdfdf618ab88511b710180ddad35d440cfe7d,25202459,1780075007,0x4d8b6d3723d8df7370e3d10d30fe5d4daede234a,0x0000000000000000000000000000000000000000,0.000516021000000000,Gas,address,address
0x303f31dd811de54bdc7e476212a4967d4659adfa132ca99ae3ee6c929b6d304b,25202461,1780075031,0xb003b0cb109d00c1fe57aeda79bf5d48ca712b34,0x28b1dc1a5e3699a428bc51d234dfab7c9cb2a183,0.002453912942406512,Direct,address,address
0x303f31dd811de54bdc7e476212a4967d4659adfa132ca99ae3ee6c929b6d304b,25202461,1780075031,0xb003b0cb109d00c1fe57aeda79bf5d48ca712b34,0x0000000000000000000000000000000000000000,0.000103816236645604,Gas,address,address
0x500b5dfecdfb78bb5f9086bd5fca79296fec4c41e457b0b74c51133dbb074c3c,25202462,1780075043,0x4d8b6d3723d8df7370e3d10d30fe5d4daede234a,0x0000000000000000000000000000000000000000,0.000319713709892980,Gas,address,address
0xec9ea088e8ad0d075afa1172c6cc047d042031bbd82fa54629bcb6e97c9c861f,25202462,1780075043,0x4d8b6d3723d8df7370e3d10d30fe5d4daede234a,0x0000000000000000000000000000000000000000,0.000079532553345510,Gas,address,address
0xd5461e6bf377083e5a71f19e1dee6fa2295de15f65bbd39fad2e137b153c3f09,25202463,1780075055,0x02467dd05200e5b3fbcdddbf43735ae4d0681a59,0x0000000000000000000000000000000000000000,0.000092319652116860,Gas,suspect,address
0x12ef0d5197cab71bdff3799e67299625093a732e8ee5d18b17935f1879602a27,25202464,1780075067,0x9ec2f5e65548f87e107aa61bec0a4c13ce6ba663,0x0000000000000000000000000000000000000000,0.000073440458113128,Gas,address,address
0x1dc5a4e0704a2b3b597e5eb2e16b8dc76c1abcc8e985f48975d9e21436195015,25202464,1780075067,0xb7a2c15f099662cfd2688b3acd3ac984a331c841,0x3328f7f4a1d1c57c35df56bbf0c9dcafca309c49,0.071780768780133772,Direct,address,address
0x1dc5a4e0704a2b3b597e5eb2e16b8dc76c1abcc8e985f48975d9e21436195015,25202464,1780075067,0xb7a2c15f099662cfd2688b3acd3ac984a331c841,0x0000000000000000000000000000000000000000,0.000093194438489640,Gas,address,address
0x1e064eafdb715d21731c386e766ded33947bbc647a67a5b8edaacaa6151fe231,25202464,1780075067,0xba82d820ca5878d29ae32cae6ce0ddab1617cf49,0x3328f7f4a1d1c57c35df56bbf0c9dcafca309c49,0.094500000000000001,Direct,address,address
0x1e064eafdb715d21731c386e766ded33947bbc647a67a5b8edaacaa6151fe231,25202464,1780075067,0xba82d820ca5878d29ae32cae6ce0ddab1617cf49,0x0000000000000000000000000000000000000000,0.000093194438489640,Gas,address,address
0x9d81110fcce192416dde72db9cfa1079cfd2107a953e92a8b149f20c0a8f6668,25202464,1780075067,0x11aa5e4b97b7da4739edfb875399d27c55bdd46c,0x3328f7f4a1d1c57c35df56bbf0c9dcafca309c49,0.118230772769960149,Direct,address,address
0x9d81110fcce192416dde72db9cfa1079cfd2107a953e92a8b149f20c0a8f6668,25202464,1780075067,0x11aa5e4b97b7da4739edfb875399d27c55bdd46c,0x0000000000000000000000000000000000000000,0.000093194438489640,Gas,address,address
0xbe077903093d4ca32b384f752e8fda95be77db0c0f542c936c10d5051f98b1c5,25202464,1780075067,0x9ec2f5e65548f87e107aa61bec0a4c13ce6ba663,0x0000000000000000000000000000000000000000,0.000332663624007864,Gas,address,address
0x05ec2f352ed2bd848c31b599de4cff95c455e50cbd49e31f67adee57371fa776,25202466,1780075091,0x4d8b6d3723d8df7370e3d10d30fe5d4daede234a,0x0000000000000000000000000000000000000000,0.002074358000000000,Gas,address,address
0x221cc9f90bb6b42216ddf12d2790a5531ae6c3d8bba6c94d94626fb1c9215b3d,25202466,1780075091,0x9ec2f5e65548f87e107aa61bec0a4c13ce6ba663,0x0000000000000000000000000000000000000000,0.000308980673358210,Gas,address,address
0xca236579907e76c37e8cfb8892350ec7a9c8fab599575699127729a4f6a009d6,25202466,1780075091,0x4d8b6d3723d8df7370e3d10d30fe5d4daede234a,0x0000000000000000000000000000000000000000,0.000516021000000000,Gas,address,address
0x48fe2278a6380402a7ed5a37d5c8d3cd8264593fd6afb59575d4b023dc9c50fd,25202472,1780075163,0x8343d9c79116936275c41d262dc109969297eee7,0x7a250d5630b4cf539739df2c5dacb4c659f2488d,0.100001459043024890,Direct,address,address
0x48fe2278a6380402a7ed5a37d5c8d3cd8264593fd6afb59575d4b023dc9c50fd,25202472,1780075163,0x8343d9c79116936275c41d262dc109969297eee7,0x0000000000000000000000000000000000000000,0.000071010760767760,Gas,address,address
0x762c70922e891a81d9c2e17b54bda8bbd84c85522b075f252b58e995675addd6,25202472,1780075163,0x870a8213faf15d366677de6fa8aed31cd2154a87,0x7a250d5630b4cf539739df2c5dacb4c659f2488d,0.080693288339943450,Direct,address,address
0x762c70922e891a81d9c2e17b54bda8bbd84c85522b075f252b58e995675addd6,25202472,1780075163,0x870a8213faf15d366677de6fa8aed31cd2154a87,0x0000000000000000000000000000000000000000,0.000071010760767760,Gas,address,address
0x9575e67c625f27e3839571bb3409e9d5c7b871521af4e2ef9206c1cf42481143,25202472,1780075163,0xf7b096deccabc81290c7666e15f838bf90d4fd00,0x3328f7f4a1d1c57c35df56bbf0c9dcafca309c49,0.133255011795017447,Direct,address,address
0x9575e67c625f27e3839571bb3409e9d5c7b871521af4e2ef9206c1cf42481143,25202472,1780075163,0xf7b096deccabc81290c7666e15f838bf90d4fd00,0x0000000000000000000000000000000000000000,0.000085745614079565,Gas,address,address
0xbd0aae7c259ac6569b194797f4dbdc4ffcf52ea0c30c1e3c6a34dad7a5247faa,25202472,1780075163,0xa18d64318ddf90d2c08c96acb0210467fc787478,0x3328f7f4a1d1c57c35df56bbf0c9dcafca309c49,0.017234995140367890,Direct,address,address
0xbd0aae7c259ac6569b194797f4dbdc4ffcf52ea0c30c1e3c6a34dad7a5247faa,25202472,1780075163,0xa18d64318ddf90d2c08c96acb0210467fc787478,0x0000000000000000000000000000000000000000,0.000080517975805245,Gas,address,address
0xf0556675dcc80c110c23ab5b20476b07fe2e01c06d95f302c999cc10d060e277,25202474,1780075187,0x063676cb3ae3c76fb7282f6db01d010abf7e95a0,0x50995f97f63f8ec9a131272269f1388d88a03990,0.034292762451939456,Direct,address,address
0xf0556675dcc80c110c23ab5b20476b07fe2e01c06d95f302c999cc10d060e277,25202474,1780075187,0x063676cb3ae3c76fb7282f6db01d010abf7e95a0,0x0000000000000000000000000000000000000000,0.000010597342497000,Gas,address,address
0x96700d6ce24361f7f667dc3df7729523e3e4e8d1634a4bc1b1c80bc115376f5a,25202475,1780075199,0xdb7f5bb0d3815862a77330d3056690fd01b6341f,0x3328f7f4a1d1c57c35df56bbf0c9dcafca309c49,0.080000000000000002,Direct,address,address
0x96700d6ce24361f7f667dc3df7729523e3e4e8d1634a4bc1b1c80bc115376f5a,25202475,1780075199,0xdb7f5bb0d3815862a77330d3056690fd01b6341f,0x0000000000000000000000000000000000000000,0.000078659963751327,Gas,address,address
0xc0dd9eb7fd04b956b57e97f2e86fa0ef6a700368cb409283dcae34861d3ef70b,25202475,1780075199,0x7fce3e6b828ee24ac69d0027e8eca33c77a22009,0x7a250d5630b4cf539739df2c5dacb4c659f2488d,0.099000000000000005,Direct,address,address
0xc0dd9eb7fd04b956b57e97f2e86fa0ef6a700368cb409283dcae34861d3ef70b,25202475,1780075199,0x7fce3e6b828ee24ac69d0027e8eca33c77a22009,0x0000000000000000000000000000000000000000,0.000074473257750164,Gas,address,address
0x1f2a0c720de8f5d71f2a940736c30e9a07bc52b64c426fe2f0871b6eff170a17,25202477,1780075223,0x43076ad18faba5166f0b94a1d8e24b60f6c82255,0x3328f7f4a1d1c57c35df56bbf0c9dcafca309c49,0.085967040147999774,Direct,address,address
0x1f2a0c720de8f5d71f2a940736c30e9a07bc52b64c426fe2f0871b6eff170a17,25202477,1780075223,0x43076ad18faba5166f0b94a1d8e24b60f6c82255,0x0000000000000000000000000000000000000000,0.000077826326516406,Gas,address,address
0x676dce1120ace46d8ddfeb4bc82c07159f4e00e93d5bcfff207883067b0dbbc7,25202477,1780075223,0xeadc53afe6479b990ca0a75492b56cdd1697d602,0x7a250d5630b4cf539739df2c5dacb4c659f2488d,0.112756435904028451,Direct,address,address
0x676dce1120ace46d8ddfeb4bc82c07159f4e00e93d5bcfff207883067b0dbbc7,25202477,1780075223,0xeadc53afe6479b990ca0a75492b56cdd1697d602,0x0000000000000000000000000000000000000000,0.000064452353779424,Gas,address,address
0x074e1c4ed00155f7f0e6f6ae63cac45a8b92e0c45e6517ba50300fc58b82b549,25202480,1780075259,0xdb7f5bb0d3815862a77330d3056690fd01b6341f,0x0000000000000000000000000000000000000000,0.000068987661737247,Gas,address,address
0x6b17b021cee50404dea645e0aaedd33a9793cde990bd83d892c68dc29cf7ff0a,25202480,1780075259,0x10929a535625d921fbff72480142dea0184be50e,0x0000000000000000000000000000000000000000,0.000068987661737247,Gas,address,address
0x98eab387f90da2603854a7264d445e2c02c76a9384c7495b22e696f61cbd2e4c,25202480,1780075259,0xdb7f5bb0d3815862a77330d3056690fd01b6341f,0x0000000000000000000000000000000000000000,0.000021767205203397,Gas,address,address
0x9dc6e3ae8242dc5a4ef172423695c71de7aa80c5e03307f0fac50c27aac10d94,25202480,1780075259,0xce0e56416d5e8bd78c9dc305f6fc05b5715111c8,0x0000000000000000000000000000000000000000,0.000068987661737247,Gas,address,address
0xd3cab05cfac1c7fe2383fa44b923b1b77ba67487a31c4c20b7f11200a4ab5e05,25202480,1780075259,0x7fce3e6b828ee24ac69d0027e8eca33c77a22009,0x0000000000000000000000000000000000000000,0.000073951300424061,Gas,address,address
0xe882a907ff51645e3e436372a8422f24cca82dacc96e8f7242a4277b4f297b07,25202480,1780075259,0x7fce3e6b828ee24ac69d0027e8eca33c77a22009,0x0000000000000000000000000000000000000000,0.000021767205203397,Gas,address,address
0x6a7f0164a9d42c60cca7b3968708b0b093b84dd0c7f798da8732358b4e5ba9f1,25202482,1780075283,0x10929a535625d921fbff72480142dea0184be50e,0x0000000000000000000000000000000000000000,0.000066532141740196,Gas,address,address
0x8f7c1fff813abd1faba32ad1f67a0d63e24a4ed50b171db2dbd211361908ed19,25202482,1780075283,0xce0e56416d5e8bd78c9dc305f6fc05b5715111c8,0x0000000000000000000000000000000000000000,0.000072580968927148,Gas,address,address
0x51fa53a6ea5897c8c563ded640ae943d4f4c08d99b5bbc56feb14bdfa81cd9ed,25202484,1780075307,0x7fce3e6b828ee24ac69d0027e8eca33c77a22009,0x3328f7f4a1d1c57c35df56bbf0c9dcafca309c49,0.039800000000000002,Direct,address,address
0x51fa53a6ea5897c8c563ded640ae943d4f4c08d99b5bbc56feb14bdfa81cd9ed,25202484,1780075307,0x7fce3e6b828ee24ac69d0027e8eca33c77a22009,0x0000000000000000000000000000000000000000,0.000064294079633355,Gas,address,address
0x545925b1b9e19a787253975d67b52486c84be8d78ac5d09c75b436ff257762f0,25202484,1780075307,0xe635e0d567fe83ac4cba2902a6448f9f9889b2fd,0x3328f7f4a1d1c57c35df56bbf0c9dcafca309c49,0.050000000000000003,Direct,address,address
0x545925b1b9e19a787253975d67b52486c84be8d78ac5d09c75b436ff257762f0,25202484,1780075307,0xe635e0d567fe83ac4cba2902a6448f9f9889b2fd,0x0000000000000000000000000000000000000000,0.000067092587250975,Gas,address,address
0x631086c4be36cc49bea0c172bb020c3b7f79fc722018d17c798761c6245603a6,25202484,1780075307,0x20323dbb5ef6c976743e3bff6e6e0123a427a2cf,0x3328f7f4a1d1c57c35df56bbf0c9dcafca309c49,0.070000000000000007,Direct,address,address
0x631086c4be36cc49bea0c172bb020c3b7f79fc722018d17c798761c6245603a6,25202484,1780075307,0x20323dbb5ef6c976743e3bff6e6e0123a427a2cf,0x0000000000000000000000000000000000000000,0.000067092587250975,Gas,address,address
0x76509b806d2e7395b4bb8d0c84800c3a3cf75483ca8e999b9643968b52195920,25202484,1780075307,0xd5902c4f0b456f47fadf5e83d1a3eb96d6f9408c,0x3328f7f4a1d1c57c35df56bbf0c9dcafca309c49,0.080000000000000002,Direct,address,address
0x76509b806d2e7395b4bb8d0c84800c3a3cf75483ca8e999b9643968b52195920,25202484,1780075307,0xd5902c4f0b456f47fadf5e83d1a3eb96d6f9408c,0x0000000000000000000000000000000000000000,0.000067092587250975,Gas,address,address
0x56a4c5ff31f12379794a53534753c41420c1bdf43b900c397e8ec5a676c0bc3f,25202486,1780075331,0xff5202ecf522699226d19ecc0881532722106ccd,0x7a250d5630b4cf539739df2c5dacb4c659f2488d,0.070000000000000007,Direct,address,address
0x56a4c5ff31f12379794a53534753c41420c1bdf43b900c397e8ec5a676c0bc3f,25202486,1780075331,0xff5202ecf522699226d19ecc0881532722106ccd,0x0000000000000000000000000000000000000000,0.000061337666518416,Gas,address,address
0xdcccdd9210e662409b18027266f44872e476e58de69b87e78ebf4f199b6f1566,25202486,1780075331,0x3bf21733e11dcd57e97d60012af268c27de54839,0x7a250d5630b4cf539739df2c5dacb4c659f2488d,0.049500000000000002,Direct,address,address
0xdcccdd9210e662409b18027266f44872e476e58de69b87e78ebf4f199b6f1566,25202486,1780075331,0x3bf21733e11dcd57e97d60012af268c27de54839,0x0000000000000000000000000000000000000000,0.000065853195287328,Gas,address,address
0x1c26e17e439f6b7d41706d16aa6734854e4ae3113f2c294d4c182663ecf4d542,25202488,1780075355,0x3bf21733e11dcd57e97d60012af268c27de54839,0x3328f7f4a1d1c57c35df56bbf0c9dcafca309c49,0.039659633204715598,Direct,address,address
0x1c26e17e439f6b7d41706d16aa6734854e4ae3113f2c294d4c182663ecf4d542,25202488,1780075355,0x3bf21733e11dcd57e97d60012af268c27de54839,0x0000000000000000000000000000000000000000,0.000063494182920273,Gas,address,address
0x367b4d822c01036186f6a24832e654099f3784bb42a03a97b5857e2c4a1fdd31,25202488,1780075355,0x7d41f4fa2df4888ccce8eee9d26f55b7e33567d3,0x7a250d5630b4cf539739df2c5dacb4c659f2488d,0.147088704125298814,Direct,address,address
0x367b4d822c01036186f6a24832e654099f3784bb42a03a97b5857e2c4a1fdd31,25202488,1780075355,0x7d41f4fa2df4888ccce8eee9d26f55b7e33567d3,0x0000000000000000000000000000000000000000,0.000062677752565904,Gas,address,address
0x41dd929b5159e1e5b5c60cc755fe54e4b68ce37b7b336fb8d635db65c2c6b06a,25202488,1780075355,0xf409fc839dfb91345f742f0046bc0667a7c5e200,0x7a250d5630b4cf539739df2c5dacb4c659f2488d,0.133128030797122210,Direct,address,address
0x41dd929b5159e1e5b5c60cc755fe54e4b68ce37b7b336fb8d635db65c2c6b06a,25202488,1780075355,0xf409fc839dfb91345f742f0046bc0667a7c5e200,0x0000000000000000000000000000000000000000,0.000062667120808712,Gas,address,address
0x5367e97853406bae223b9930913ea46ecb1a04168407028739c00167901338d4,25202488,1780075355,0x1ca0d010717627675c50d3c6ff5bbec6d317ef3f,0x3328f7f4a1d1c57c35df56bbf0c9dcafca309c49,0.114173488085027502,Direct,address,address
0x5367e97853406bae223b9930913ea46ecb1a04168407028739c00167901338d4,25202488,1780075355,0x1ca0d010717627675c50d3c6ff5bbec6d317ef3f,0x0000000000000000000000000000000000000000,0.000071069309919573,Gas,address,address
0x547d055a2e5b4810c1db575acae458066154cc1f6effb0ccaf970ca0cf0e9fb2,25202488,1780075355,0xa8b78f6ebf220c1d7498236260316831624ac232,0x3328f7f4a1d1c57c35df56bbf0c9dcafca309c49,0.044985915795719686,Direct,address,address
0x547d055a2e5b4810c1db575acae458066154cc1f6effb0ccaf970ca0cf0e9fb2,25202488,1780075355,0xa8b78f6ebf220c1d7498236260316831624ac232,0x0000000000000000000000000000000000000000,0.000071069309919573,Gas,address,address
0x8b2599cfe9e77446908774fc753a759799c1276d915d2a3e694962ef1b0663d4,25202488,1780075355,0xdb7f5bb0d3815862a77330d3056690fd01b6341f,0x7a250d5630b4cf539739df2c5dacb4c659f2488d,0.048988561629533842,Direct,address,address
0x8b2599cfe9e77446908774fc753a759799c1276d915d2a3e694962ef1b0663d4,25202488,1780075355,0xdb7f5bb0d3815862a77330d3056690fd01b6341f,0x0000000000000000000000000000000000000000,0.000059716808187932,Gas,address,address
0xd018754a83ae87878ae0570aea511bf750a89617f8d73a735dd8d589391b5a31,25202488,1780075355,0x29dfe95936285daba90ceeb38d679c9fca5dfd04,0x3328f7f4a1d1c57c35df56bbf0c9dcafca309c49,0.098100000000000007,Direct,address,address
0xd018754a83ae87878ae0570aea511bf750a89617f8d73a735dd8d589391b5a31,25202488,1780075355,0x29dfe95936285daba90ceeb38d679c9fca5dfd04,0x0000000000000000000000000000000000000000,0.000071069309919573,Gas,address,address
0xf065236edffff0960899b87391d37ef6567e1425f8dd4dd143ea56229b04047b,25202488,1780075355,0x5355c7c2bb2e49945537beaabbaff57ad2e9b224,0x7a250d5630b4cf539739df2c5dacb4c659f2488d,0.030001881754731292,Direct,address,address
0xf065236edffff0960899b87391d37ef6567e1425f8dd4dd143ea56229b04047b,25202488,1780075355,0x5355c7c2bb2e49945537beaabbaff57ad2e9b224,0x0000000000000000000000000000000000000000,0.000062677752565904,Gas,address,address
0xf5609fe01188b5aa11525ab8fa8a26a93eb8626d3ad81fb705f757cb4a22d058,25202488,1780075355,0xe12af9854d77ee2463e84966bb4b18b5dd31c20a,0x3328f7f4a1d1c57c35df56bbf0c9dcafca309c49,0.074582061965875981,Direct,address,address
0xf5609fe01188b5aa11525ab8fa8a26a93eb8626d3ad81fb705f757cb4a22d058,25202488,1780075355,0xe12af9854d77ee2463e84966bb4b18b5dd31c20a,0x0000000000000000000000000000000000000000,0.000071069309919573,Gas,address,address
0x294cbac2e9fde82e453983f436164d5278e9fd453706ab1f80d9dcd9e67eb130,25202491,1780075391,0x7f3d829e5076c3662c1e71170729f0d7bbafed3e,0x3328f7f4a1d1c57c35df56bbf0c9dcafca309c49,0.099000000000000005,Direct,address,address
0x294cbac2e9fde82e453983f436164d5278e9fd453706ab1f80d9dcd9e67eb130,25202491,1780075391,0x7f3d829e5076c3662c1e71170729f0d7bbafed3e,0x0000000000000000000000000000000000000000,0.000068785570067400,Gas,address,address
0x8d5ff6d5afbc64c96677dde7432a5fdd004371055245bfd52cb05a8ec95f09ac,25202491,1780075391,0x7a0fec301682758cce8aa6a9d1ce9196bde16052,0x3328f7f4a1d1c57c35df56bbf0c9dcafca309c49,0.040000000000000001,Direct,address,address
0x8d5ff6d5afbc64c96677dde7432a5fdd004371055245bfd52cb05a8ec95f09ac,25202491,1780075391,0x7a0fec301682758cce8aa6a9d1ce9196bde16052,0x0000000000000000000000000000000000000000,0.000061445351975400,Gas,address,address
0xa10d3625ef7aa1748fbbeb21a3ea2d569d505833be19b7c656c4f1042add2a60,25202491,1780075391,0x7a1de418ef3682c1cd451fcfc3a170450c5561f9,0x7a250d5630b4cf539739df2c5dacb4c659f2488d,0.099000000000000005,Direct,address,address
0xa10d3625ef7aa1748fbbeb21a3ea2d569d505833be19b7c656c4f1042add2a60,25202491,1780075391,0x7a1de418ef3682c1cd451fcfc3a170450c5561f9,0x0000000000000000000000000000000000000000,0.000060734080549760,Gas,address,address
0xc2e6fe452c3338b831c39743e8fc70c53de22f837823636a5218ae00b6e2b4a1,25202491,1780075391,0xbc8a46c29a79250bee25f77b8475804a1650a8e3,0x3328f7f4a1d1c57c35df56bbf0c9dcafca309c49,0.099000000000000005,Direct,address,address
0xc2e6fe452c3338b831c39743e8fc70c53de22f837823636a5218ae00b6e2b4a1,25202491,1780075391,0xbc8a46c29a79250bee25f77b8475804a1650a8e3,0x0000000000000000000000000000000000000000,0.000073256664315720,Gas,address,address
0x23c2086273c3afdf7f8984ee8b9828043e2fecc0fc93f0c3f511854fb682b09a,25202493,1780075415,0xe632ab5fac6661e9feb0a60a460bb1f836653e24,0x3328f7f4a1d1c57c35df56bbf0c9dcafca309c49,0.131302739164628229,Direct,address,address
0x23c2086273c3afdf7f8984ee8b9828043e2fecc0fc93f0c3f511854fb682b09a,25202493,1780075415,0xe632ab5fac6661e9feb0a60a460bb1f836653e24,0x0000000000000000000000000000000000000000,0.000066390721842735,Gas,address,address
0x5b249e39775c0098fe45ebfab01c10a7bf453a4e290af15c4519cf5357c086eb,25202493,1780075415,0x93468d3862295dafbacbebc5b278afc38425c3c9,0x3328f7f4a1d1c57c35df56bbf0c9dcafca309c49,0.100000000000000006,Direct,address,address
0x5b249e39775c0098fe45ebfab01c10a7bf453a4e290af15c4519cf5357c086eb,25202493,1780075415,0x93468d3862295dafbacbebc5b278afc38425c3c9,0x0000000000000000000000000000000000000000,0.000066390721842735,Gas,address,address
0x61658895f1acdb6aac6e361c058129552c5f8b29698fb7b4813c210145182f2f,25202493,1780075415,0x7a1de418ef3682c1cd451fcfc3a170450c5561f9,0x3328f7f4a1d1c57c35df56bbf0c9dcafca309c49,0.040000000000000001,Direct,address,address
0x61658895f1acdb6aac6e361c058129552c5f8b29698fb7b4813c210145182f2f,25202493,1780075415,0x7a1de418ef3682c1cd451fcfc3a170450c5561f9,0x0000000000000000000000000000000000000000,0.000059306061831435,Gas,address,address
0x84181f66f61ece7885a1c7375c274667fc6623501b319e29403570fee5b14d95,25202493,1780075415,0x20323dbb5ef6c976743e3bff6e6e0123a427a2cf,0x3328f7f4a1d1c57c35df56bbf0c9dcafca309c49,0.046409407184728989,Direct,address,address
0x84181f66f61ece7885a1c7375c274667fc6623501b319e29403570fee5b14d95,25202493,1780075415,0x20323dbb5ef6c976743e3bff6e6e0123a427a2cf,0x0000000000000000000000000000000000000000,0.000063621489824283,Gas,address,address
0x35fd534203395d6766b135c426e2122cbfb0cbbffeb087ff74da5898392a2c95,25202497,1780075463,0xe635e0d567fe83ac4cba2902a6448f9f9889b2fd,0x3328f7f4a1d1c57c35df56bbf0c9dcafca309c49,0.036307482602770752,Direct,address,address
0x35fd534203395d6766b135c426e2122cbfb0cbbffeb087ff74da5898392a2c95,25202497,1780075463,0xe635e0d567fe83ac4cba2902a6448f9f9889b2fd,0x0000000000000000000000000000000000000000,0.000057672111614040,Gas,address,address
0x4a5c2973fd736bdbc632299cf170830e7e53618630887e865b2de10a15032994,25202497,1780075463,0xc1e67fd3c3ebff35e87a76fc9e7c4598ed2fdf79,0x7a250d5630b4cf539739df2c5dacb4c659f2488d,0.126680737062669163,Direct,address,address
0x4a5c2973fd736bdbc632299cf170830e7e53618630887e865b2de10a15032994,25202497,1780075463,0xc1e67fd3c3ebff35e87a76fc9e7c4598ed2fdf79,0x0000000000000000000000000000000000000000,0.000061201050980608,Gas,address,address
0x625bf4e254af9d9948f9428b5ea854c33add579a64fef5b56709add0eb3aa049,25202497,1780075463,0x4ba861d765cbb027d0c66aca2a5581f90f9b6f80,0x3328f7f4a1d1c57c35df56bbf0c9dcafca309c49,0.058727718257603131,Direct,address,address
0x625bf4e254af9d9948f9428b5ea854c33add579a64fef5b56709add0eb3aa049,25202497,1780075463,0x4ba861d765cbb027d0c66aca2a5581f90f9b6f80,0x0000000000000000000000000000000000000000,0.000057672111614040,Gas,address,address
0xa1d03f88dac4220f45d1f5a68a971aacd6e55d87e947eb4373bb51ef33bb1a2f,25202497,1780075463,0x77b7fdf464ce43597d20608c0ef9865a4f4c7fa5,0x7a250d5630b4cf539739df2c5dacb4c659f2488d,0.139701372196775392,Direct,address,address
0xa1d03f88dac4220f45d1f5a68a971aacd6e55d87e947eb4373bb51ef33bb1a2f,25202497,1780075463,0x77b7fdf464ce43597d20608c0ef9865a4f4c7fa5,0x0000000000000000000000000000000000000000,0.000057004517992576,Gas,address,address
0x7ca04ca91bfe952a624852a22c557c197765111924617789c54915f02941b447,25202500,1780075499,0x750819c35800a9acdf9a800212202ddb100af5db,0x0000000000000000000000000000000000000000,0.000017222466681399,Gas,address,address
0xaa3f4a4c1a67e7dc7638502b742625e149dcd5b7d69839f06840226a50369abd,25202500,1780075499,0xfde8ca90a0e648ba896b8a4d0f579c36c373fdd3,0x0000000000000000000000000000000000000000,0.000054583842739349,Gas,address,address
0xc0c794d19f2fe34881d44091470c9bc97d7bf40ff20cb9563b4093e0bb948778,25202500,1780075499,0xfde8ca90a0e648ba896b8a4d0f579c36c373fdd3,0x0000000000000000000000000000000000000000,0.000017222466681399,Gas,address,address
0xc88713924c4c8c0041313c5b534a797f0fbe5ca032bd5fe5933b06d3efcde7c3,25202500,1780075499,0x750819c35800a9acdf9a800212202ddb100af5db,0x0000000000000000000000000000000000000000,0.000059546379992687,Gas,address,address
0x3f7c8b31f8881636a46a5d1583a1862ddbb3f55ea848d55cad806c107b5c8abc,25202504,1780075547,0xb003b0cb109d00c1fe57aeda79bf5d48ca712b34,0x0000000000000000000000000000000000000000,0.000018904962013836,Gas,address,address
0xdc24da1f49ffa8cb8324b90a7c294ca73b6b605e390d9114ea334a9478d59498,25202504,1780075547,0x4d8b6d3723d8df7370e3d10d30fe5d4daede234a,0x4313c378cc91ea583c91387b9216e2c03096b27f,0.050000000000000003,Direct,address,address
0xdc24da1f49ffa8cb8324b90a7c294ca73b6b605e390d9114ea334a9478d59498,25202504,1780075547,0x4d8b6d3723d8df7370e3d10d30fe5d4daede234a,0x0000000000000000000000000000000000000000,0.000202309651914082,Gas,address,address
0x8e0a971d82afda53d774203887099464924f1f5cb8f30dc4c200d7adb090d24f,25202505,1780075559,0xb003b0cb109d00c1fe57aeda79bf5d48ca712b34,0x0000000000000000000000000000000000000000,0.000041646729203875,Gas,address,address
0x6440140b558af0d83013e99d5f7c5019f2cc4aa9f7e852bd69987757f2010ed7,25202508,1780075595,0xb003b0cb109d00c1fe57aeda79bf5d48ca712b34,0x0000000000000000000000000000000000000000,0.000019816357707876,Gas,address,address
0x8fddd7f83d90dba45b3e888b9b0ef6c2a23819ec1a74e642311acc2cb96e46bb,25202509,1780075607,0xb003b0cb109d00c1fe57aeda79bf5d48ca712b34,0x0000000000000000000000000000000000000000,0.000036534964273996,Gas,address,address
0x1c09a3d72fc01487cdf6ec58cfa2479da4eb0a92cdf417301e513c9f08561fca,25202512,1780075643,0x7c5a0f138ba96b7132f6befe9f79cf4796f06a92,0x0000000000000000000000000000000000000000,0.000018273342984951,Gas,address,address
0x2ab774c5dacf17f776f9d42844c292682d6040d8e20334bb4c37a711794a15d4,25202512,1780075643,0x7a0fec301682758cce8aa6a9d1ce9196bde16052,0x0000000000000000000000000000000000000000,0.000063179766594863,Gas,address,address
0xc29c2d7aa7934c696237c94f9ac94c16ace64eeeb2575d4039bf313f4f5f5e34,25202512,1780075643,0x7a0fec301682758cce8aa6a9d1ce9196bde16052,0x0000000000000000000000000000000000000000,0.000018273342984951,Gas,address,address
0xc5805e50d4400eea21eaebef580554cc05cfe011f30be9c6a5e81c93063f2900,25202512,1780075643,0xd377fdd91381cfcc1c37388e52ef0a7c37f33c21,0x0000000000000000000000000000000000000000,0.000057914426444501,Gas,address,address
0xe1dabdaa73df5ec21818ebf420f721e7cb0031c77004a8099caf96dbb8a1eb8e,25202512,1780075643,0x7c5a0f138ba96b7132f6befe9f79cf4796f06a92,0x0000000000000000000000000000000000000000,0.000057914426444501,Gas,address,address
0xe1f78c8c8db759a89e7c01c06ac91dbdc9b72a3ed30b830ff22cc6d7214af348,25202512,1780075643,0xd377fdd91381cfcc1c37388e52ef0a7c37f33c21,0x0000000000000000000000000000000000000000,0.000018273342984951,Gas,address,address
0x059b8177a81403dacd433902d8c24409cd5bf7d71a5d45928f03100b53b80c71,25202515,1780075679,0xa1e1d9c48c2e160a3cec8c87fcc43fca5e050fef,0x3328f7f4a1d1c57c35df56bbf0c9dcafca309c49,0.099000000000000005,Direct,address,address
0x059b8177a81403dacd433902d8c24409cd5bf7d71a5d45928f03100b53b80c71,25202515,1780075679,0xa1e1d9c48c2e160a3cec8c87fcc43fca5e050fef,0x0000000000000000000000000000000000000000,0.000065826654895443,Gas,address,address
0xc13d40d898ff93a74015c27468afbb120d126e69f5d56d709554c1a15f96489e,25202515,1780075679,0xcbb3baa593bea0f5c3509bf612422d6f1abb926c,0x3328f7f4a1d1c57c35df56bbf0c9dcafca309c49,0.099000000000000005,Direct,address,address
0xc13d40d898ff93a74015c27468afbb120d126e69f5d56d709554c1a15f96489e,25202515,1780075679,0xcbb3baa593bea0f5c3509bf612422d6f1abb926c,0x0000000000000000000000000000000000000000,0.000061809038466435,Gas,address,address
0xd671b6a380028ea8aeffa8f909656f9b0f8e91ed87b2535c70cf1d45dc362cee,25202515,1780075679,0x596a5e9b117a3d7b21e0f77ff4431c4d1770f494,0x3328f7f4a1d1c57c35df56bbf0c9dcafca309c49,0.059999999999999998,Direct,address,address
0xd671b6a380028ea8aeffa8f909656f9b0f8e91ed87b2535c70cf1d45dc362cee,25202515,1780075679,0x596a5e9b117a3d7b21e0f77ff4431c4d1770f494,0x0000000000000000000000000000000000000000,0.000061809038466435,Gas,address,address
0xe884bd7cb1a2c29bf47253a63ada6fc2f3cbf91d30c4ace6ed70f5e1367ee169,25202515,1780075679,0xe862f449e26a18f75d80d94ff1cf9d4aa1ca8b3e,0x3328f7f4a1d1c57c35df56bbf0c9dcafca309c49,0.080000000000000002,Direct,address,address
0xe884bd7cb1a2c29bf47253a63ada6fc2f3cbf91d30c4ace6ed70f5e1367ee169,25202515,1780075679,0xe862f449e26a18f75d80d94ff1cf9d4aa1ca8b3e,0x0000000000000000000000000000000000000000,0.000061809038466435,Gas,address,address
0x273079974b2ab4d09354eb1e573d625838e10f2a5727b226e523687cc34853b4,25202521,1780075751,0x3e517d5e32fd6808a169e8b47479609d2a713084,0x3328f7f4a1d1c57c35df56bbf0c9dcafca309c49,0.049700000000000001,Direct,address,address
0x273079974b2ab4d09354eb1e573d625838e10f2a5727b226e523687cc34853b4,25202521,1780075751,0x3e517d5e32fd6808a169e8b47479609d2a713084,0x0000000000000000000000000000000000000000,0.000061473555106092,Gas,address,address
0x5cbf0053d12cdd5215c1245b385cc383927d402bf960f644484a0cdbcaf405cc,25202521,1780075751,0x4454614f1e53079acc13220f56c98da7a2fb74fe,0x3328f7f4a1d1c57c35df56bbf0c9dcafca309c49,0.070000000000000007,Direct,address,address
0x5cbf0053d12cdd5215c1245b385cc383927d402bf960f644484a0cdbcaf405cc,25202521,1780075751,0x4454614f1e53079acc13220f56c98da7a2fb74fe,0x0000000000000000000000000000000000000000,0.000057721622620140,Gas,address,address
0x7557a1dd9c8ec1ec3750bcd89b040cc092861abbd48178f36fb0bfc663ee6892,25202521,1780075751,0xb64acede994b71a3d43a5af7db8b5a830cbcaa9a,0x3328f7f4a1d1c57c35df56bbf0c9dcafca309c49,0.070000000000000007,Direct,address,address
0x7557a1dd9c8ec1ec3750bcd89b040cc092861abbd48178f36fb0bfc663ee6892,25202521,1780075751,0xb64acede994b71a3d43a5af7db8b5a830cbcaa9a,0x0000000000000000000000000000000000000000,0.000057721622620140,Gas,address,address
0xe2c2970714c8a01110099204b790e82675de78e591dfe1f25b822f4fab76acab,25202521,1780075751,0x90f42785e6524ac4e94444599f6435a5f45b83cc,0x7a250d5630b4cf539739df2c5dacb4c659f2488d,0.080000000000000002,Direct,address,address
0xe2c2970714c8a01110099204b790e82675de78e591dfe1f25b822f4fab76acab,25202521,1780075751,0x90f42785e6524ac4e94444599f6435a5f45b83cc,0x0000000000000000000000000000000000000000,0.000050965190435136,Gas,address,address
0x9a8c60b0d8b921310c1405a4c8b9981c3e55e92df95a9b036289b307abb93952,25202524,1780075787,0x063676cb3ae3c76fb7282f6db01d010abf7e95a0,0x3328f7f4a1d1c57c35df56bbf0c9dcafca309c49,0.130736988461634979,Direct,address,address
0x9a8c60b0d8b921310c1405a4c8b9981c3e55e92df95a9b036289b307abb93952,25202524,1780075787,0x063676cb3ae3c76fb7282f6db01d010abf7e95a0,0x0000000000000000000000000000000000000000,0.000059709970955208,Gas,address,address
0x75ab07bc9c1df8564348d4086136c3211d6b29bd408561442e5cfd20d43a325d,25202528,1780075835,0xfde8ca90a0e648ba896b8a4d0f579c36c373fdd3,0x0000000000000000000000000000000000000000,0.000054074508007993,Gas,address,address
0xe9575eba529f341145b0d6ff5534c447b6596ff0efe9d91269fd35f80ee8afc4,25202528,1780075835,0x750819c35800a9acdf9a800212202ddb100af5db,0x0000000000000000000000000000000000000000,0.000049567991231011,Gas,address,address
0x7c47f3dc50bf0100aae179955ec32573b6716c2c4a49c43df248a97f97fd66ec,25202531,1780075871,0xce0e56416d5e8bd78c9dc305f6fc05b5715111c8,0x0000000000000000000000000000000000000000,0.000048526197943333,Gas,address,address
0xbccd18c93100a8a1535fb59b3e1f772abe620c769ea616c2d520562dfc037bfb,25202531,1780075871,0x10929a535625d921fbff72480142dea0184be50e,0x0000000000000000000000000000000000000000,0.000052937999182879,Gas,address,address
0x93f22c9f3b7dd9d14fd046b71e969dd03d379a7bc21e49d366b7a853c56133f9,25202537,1780075943,0x3e517d5e32fd6808a169e8b47479609d2a713084,0x3328f7f4a1d1c57c35df56bbf0c9dcafca309c49,0.040055851868426480,Direct,address,address
0x93f22c9f3b7dd9d14fd046b71e969dd03d379a7bc21e49d366b7a853c56133f9,25202537,1780075943,0x3e517d5e32fd6808a169e8b47479609d2a713084,0x0000000000000000000000000000000000000000,0.000059690280773934,Gas,address,address
0xe2b19a2def7074cbab4ba0b6a655609ead9848b0f8a078be62c285c81ccdc574,25202537,1780075943,0x90f42785e6524ac4e94444599f6435a5f45b83cc,0x3328f7f4a1d1c57c35df56bbf0c9dcafca309c49,0.053864801548398081,Direct,address,address
0xe2b19a2def7074cbab4ba0b6a655609ead9848b0f8a078be62c285c81ccdc574,25202537,1780075943,0x90f42785e6524ac4e94444599f6435a5f45b83cc,0x0000000000000000000000000000000000000000,0.000055641505599630,Gas,address,address
0xea634b15ead48fa588d7743f9cb2ed841f01f4183df1222e976bc6dc1e38490f,25202537,1780075943,0xb64acede994b71a3d43a5af7db8b5a830cbcaa9a,0x3328f7f4a1d1c57c35df56bbf0c9dcafca309c49,0.043588993710358126,Direct,address,address
0xea634b15ead48fa588d7743f9cb2ed841f01f4183df1222e976bc6dc1e38490f,25202537,1780075943,0xb64acede994b71a3d43a5af7db8b5a830cbcaa9a,0x0000000000000000000000000000000000000000,0.000055641505599630,Gas,address,address
0xa9203d4a591514dd24ff38589bb771daf8fb025a71f61962d4e99f33cb218248,25202543,1780076015,0x4d8b6d3723d8df7370e3d10d30fe5d4daede234a,0x4313c378cc91ea583c91387b9216e2c03096b27f,0.050000000000000003,Direct,address,address
0xa9203d4a591514dd24ff38589bb771daf8fb025a71f61962d4e99f33cb218248,25202543,1780076015,0x4d8b6d3723d8df7370e3d10d30fe5d4daede234a,0x0000000000000000000000000000000000000000,0.000303211474891728,Gas,address,address
0x1db3f4453cce0e691f2a59827371a6ac6c57c31db2ce2e1f041b49fc69dcb3d3,25202552,1780076123,0x4d8b6d3723d8df7370e3d10d30fe5d4daede234a,0x0000000000000000000000000000000000000000,0.000054413909463258,Gas,address,address
0x84b82b946aa0aeb08b18818c8d5d2dc3e9e47a771be2948ae23e1d6d052c4362,25202552,1780076123,0x4d8b6d3723d8df7370e3d10d30fe5d4daede234a,0x0000000000000000000000000000000000000000,0.000251346689169440,Gas,address,address
0x883e3f4242b1888774bf066b2a60aea49e2d4d18b61bdfc2f037fef099b6a1f4,25202561,1780076231,0x4d8b6d3723d8df7370e3d10d30fe5d4daede234a,0x4313c378cc91ea583c91387b9216e2c03096b27f,0.100000000000000006,Direct,address,address
0x883e3f4242b1888774bf066b2a60aea49e2d4d18b61bdfc2f037fef099b6a1f4,25202561,1780076231,0x4d8b6d3723d8df7370e3d10d30fe5d4daede234a,0x0000000000000000000000000000000000000000,0.000237110218701340,Gas,address,address
0x9ae4c23a44fbddedb98adbf4f241e80259ab43320516163f4ab64872e22a8012,25202563,1780076255,0xb003b0cb109d00c1fe57aeda79bf5d48ca712b34,0x0000000000001ff3684f28c67538d4d072c22734,0.002456664439290908,Direct,address,address
0x9ae4c23a44fbddedb98adbf4f241e80259ab43320516163f4ab64872e22a8012,25202563,1780076255,0xb003b0cb109d00c1fe57aeda79bf5d48ca712b34,0x0000000000000000000000000000000000000000,0.000080318882043790,Gas,address,address
0x09d8789aa8ca140b7d388fb7a8b00e3bd5db3c5978ccfadb54a8ef605ae2e30a,25202571,1780076351,0xb003b0cb109d00c1fe57aeda79bf5d48ca712b34,0x0000000000000000000000000000000000000000,0.000019312154328192,Gas,address,address
0x07a3fe3488171fb90c016132d4d929bf92acab50c915500d99d60fbcd7834187,25202572,1780076363,0xb003b0cb109d00c1fe57aeda79bf5d48ca712b34,0x0000000000000000000000000000000000000000,0.000087473673123198,Gas,address,address
0x4f3f3db7271aba9968411fde9c50400a02343a1a697179b3a278ec9f1148b989,25202572,1780076363,0x02467dd05200e5b3fbcdddbf43735ae4d0681a59,0x0000000000000000000000000000000000000000,0.000427515722810280,Gas,suspect,address
0x4ae33ce8f1f9b7bf5d8502c8ef22a4c2af84bb04643bd5d49078f341113250b8,25202575,1780076399,0x02467dd05200e5b3fbcdddbf43735ae4d0681a59,0x0000000000000000000000000000000000000000,0.000017712372127012,Gas,suspect,address
0xb18609d2235c22229b68813e971c42636eb97faeb31f07f00b39a90961e5bb79,25202575,1780076399,0x02467dd05200e5b3fbcdddbf43735ae4d0681a59,0x0000000000000000000000000000000000000000,0.000039695023310458,Gas,suspect,address
0xd3dbfb172a69c1e5fab6d9100cc94f9203e4cd30a91786bfb43534f34f2b9bc9,25202575,1780076399,0x02467dd05200e5b3fbcdddbf43735ae4d0681a59,0x0000000000000000000000000000000000000000,0.000014596767950934,Gas,suspect,address
0xd44dc2b52230c86903cc7bf92639d6241e4501ea8a80d952e93e23179e9f024d,25202575,1780076399,0x02467dd05200e5b3fbcdddbf43735ae4d0681a59,0x0000000000000000000000000000000000000000,0.000019740147701990,Gas,suspect,address
0x3146f6029a25355bc56e28df5fd6bf6203a357b4374263e4c5b034d297d38c54,25202576,1780076411,0x4d8b6d3723d8df7370e3d10d30fe5d4daede234a,0x0000000000000000000000000000000000000000,0.000043942327190343,Gas,address,address
0xc7a12302b8164cef8af8c36bf016976df2f23ad724666d37b643d2287f5bde77,25202576,1780076411,0x4d8b6d3723d8df7370e3d10d30fe5d4daede234a,0x0000000000000000000000000000000000000000,0.000200974292271577,Gas,address,address
0x00b40ab2e7f156b6f36f45cf733f08b383b3d5f8132fc7c03e67c32d99ffb852,25202581,1780076471,0x7f3d829e5076c3662c1e71170729f0d7bbafed3e,0x50995f97f63f8ec9a131272269f1388d88a03990,0.010924378834739595,Direct,address,address
0x00b40ab2e7f156b6f36f45cf733f08b383b3d5f8132fc7c03e67c32d99ffb852,25202581,1780076471,0x7f3d829e5076c3662c1e71170729f0d7bbafed3e,0x0000000000000000000000000000000000000000,0.000006835595193000,Gas,address,address
0x02d46c5b4519b6ce017800112f0a1a4946d15b8b2b02ff80f223a58c6f985c20,25202581,1780076471,0xeadc53afe6479b990ca0a75492b56cdd1697d602,0x50995f97f63f8ec9a131272269f1388d88a03990,0.011172276146999126,Direct,address,address
0x02d46c5b4519b6ce017800112f0a1a4946d15b8b2b02ff80f223a58c6f985c20,25202581,1780076471,0xeadc53afe6479b990ca0a75492b56cdd1697d602,0x0000000000000000000000000000000000000000,0.000006835595193000,Gas,address,address
0x069517966b88cbbfcf5e0ec73c94900c1323a26d79e1d41bfa7fb5b36384dea4,25202581,1780076471,0x10929a535625d921fbff72480142dea0184be50e,0x50995f97f63f8ec9a131272269f1388d88a03990,0.010589405647490091,Direct,address,address
0x069517966b88cbbfcf5e0ec73c94900c1323a26d79e1d41bfa7fb5b36384dea4,25202581,1780076471,0x10929a535625d921fbff72480142dea0184be50e,0x0000000000000000000000000000000000000000,0.000006835595193000,Gas,address,address
0x07b474ba780141f4026ee729778d8a99440639c03ff6cce288b7283a7142cd99,25202581,1780076471,0x7a0fec301682758cce8aa6a9d1ce9196bde16052,0x50995f97f63f8ec9a131272269f1388d88a03990,0.011776853139151651,Direct,address,address
0x07b474ba780141f4026ee729778d8a99440639c03ff6cce288b7283a7142cd99,25202581,1780076471,0x7a0fec301682758cce8aa6a9d1ce9196bde16052,0x0000000000000000000000000000000000000000,0.000006835595193000,Gas,address,address
0x0912202b660122015480e4a7f72c84cf1301910faae8dd51f9889b549bf3ee17,25202581,1780076471,0xf7b096deccabc81290c7666e15f838bf90d4fd00,0x50995f97f63f8ec9a131272269f1388d88a03990,0.012981648381546166,Direct,address,address
0x0912202b660122015480e4a7f72c84cf1301910faae8dd51f9889b549bf3ee17,25202581,1780076471,0xf7b096deccabc81290c7666e15f838bf90d4fd00,0x0000000000000000000000000000000000000000,0.000006835595193000,Gas,address,address
0x0c53ecb6c63b0beffbc274c915b6c96f331b797fe39694856f1b721f9dace0a5,25202581,1780076471,0x750819c35800a9acdf9a800212202ddb100af5db,0x50995f97f63f8ec9a131272269f1388d88a03990,0.005657792345561623,Direct,address,address
0x0c53ecb6c63b0beffbc274c915b6c96f331b797fe39694856f1b721f9dace0a5,25202581,1780076471,0x750819c35800a9acdf9a800212202ddb100af5db,0x0000000000000000000000000000000000000000,0.000006835595193000,Gas,address,address
0x0c94b903b3c909e0049b48c49ac2959a0707291d53b25cf82cad7137cd87f1fc,25202581,1780076471,0x43076ad18faba5166f0b94a1d8e24b60f6c82255,0x50995f97f63f8ec9a131272269f1388d88a03990,0.010059073804858558,Direct,address,address
0x0c94b903b3c909e0049b48c49ac2959a0707291d53b25cf82cad7137cd87f1fc,25202581,1780076471,0x43076ad18faba5166f0b94a1d8e24b60f6c82255,0x0000000000000000000000000000000000000000,0.000006835595193000,Gas,address,address
0x0cb3d03007073b06e7f2cb6e507d886c7492919cf2f6f54c527be0897b001478,25202581,1780076471,0x7d41f4fa2df4888ccce8eee9d26f55b7e33567d3,0x50995f97f63f8ec9a131272269f1388d88a03990,0.011196723498069286,Direct,address,address
0x0cb3d03007073b06e7f2cb6e507d886c7492919cf2f6f54c527be0897b001478,25202581,1780076471,0x7d41f4fa2df4888ccce8eee9d26f55b7e33567d3,0x0000000000000000000000000000000000000000,0.000006835595193000,Gas,address,address
0x0ef50866bdc21c2f3d1c90df2b63e5917182e6e31ae28d61fa318120cba71184,25202581,1780076471,0x2f1a91f603a082c6f64e0ad8925cf918c5c491f0,0x50995f97f63f8ec9a131272269f1388d88a03990,0.009073822026639368,Direct,address,address
0x0ef50866bdc21c2f3d1c90df2b63e5917182e6e31ae28d61fa318120cba71184,25202581,1780076471,0x2f1a91f603a082c6f64e0ad8925cf918c5c491f0,0x0000000000000000000000000000000000000000,0.000006835595193000,Gas,address,address
0x1aecf365390733b006ecc8ad193af71014b0516a67835502942f72df6be2ece6,25202581,1780076471,0xc1e67fd3c3ebff35e87a76fc9e7c4598ed2fdf79,0x50995f97f63f8ec9a131272269f1388d88a03990,0.012850928414697810,Direct,address,address
0x1aecf365390733b006ecc8ad193af71014b0516a67835502942f72df6be2ece6,25202581,1780076471,0xc1e67fd3c3ebff35e87a76fc9e7c4598ed2fdf79,0x0000000000000000000000000000000000000000,0.000006835595193000,Gas,address,address
0x1f6ff14bd878f61f5e4aae7fd4e133b9634ebb7fe77008986847802a2377b83d,25202581,1780076471,0xce0e56416d5e8bd78c9dc305f6fc05b5715111c8,0x50995f97f63f8ec9a131272269f1388d88a03990,0.012671565522911951,Direct,address,address
0x1f6ff14bd878f61f5e4aae7fd4e133b9634ebb7fe77008986847802a2377b83d,25202581,1780076471,0xce0e56416d5e8bd78c9dc305f6fc05b5715111c8,0x0000000000000000000000000000000000000000,0.000006835595193000,Gas,address,address
0x2200756275e379283394cec375ac388e5399c45359ea44bee7375ceab327b233,25202581,1780076471,0xbc8a46c29a79250bee25f77b8475804a1650a8e3,0x50995f97f63f8ec9a131272269f1388d88a03990,0.019007892995096014,Direct,address,address
0x2200756275e379283394cec375ac388e5399c45359ea44bee7375ceab327b233,25202581,1780076471,0xbc8a46c29a79250bee25f77b8475804a1650a8e3,0x0000000000000000000000000000000000000000,0.000006835595193000,Gas,address,address
0x22feb3047fca6c75e3a85d6ef792e31fba73d6281c32c7d6f4e7efb178f34110,25202581,1780076471,0x6e659b2f0caccb0c5d642c87b300d7efc367454b,0x50995f97f63f8ec9a131272269f1388d88a03990,0.011748444192040495,Direct,address,address
0x22feb3047fca6c75e3a85d6ef792e31fba73d6281c32c7d6f4e7efb178f34110,25202581,1780076471,0x6e659b2f0caccb0c5d642c87b300d7efc367454b,0x0000000000000000000000000000000000000000,0.000006835595193000,Gas,address,address
0x26fbd0988c791fd1794377998e7780954315e31796f63eeac0f88ba1bc7f9122,25202581,1780076471,0xd5902c4f0b456f47fadf5e83d1a3eb96d6f9408c,0x50995f97f63f8ec9a131272269f1388d88a03990,0.029492856010259732,Direct,address,address
0x26fbd0988c791fd1794377998e7780954315e31796f63eeac0f88ba1bc7f9122,25202581,1780076471,0xd5902c4f0b456f47fadf5e83d1a3eb96d6f9408c,0x0000000000000000000000000000000000000000,0.000006835595193000,Gas,address,address
0x2d46ebceea0321e45190e0bb97227bac99b96886c16b51796f8fc550672d63b0,25202581,1780076471,0x8343d9c79116936275c41d262dc109969297eee7,0x50995f97f63f8ec9a131272269f1388d88a03990,0.010920694601014349,Direct,address,address
0x2d46ebceea0321e45190e0bb97227bac99b96886c16b51796f8fc550672d63b0,25202581,1780076471,0x8343d9c79116936275c41d262dc109969297eee7,0x0000000000000000000000000000000000000000,0.000006835595193000,Gas,address,address
0x2dc6ab3f8398d0b5a2a6565491278cd610151ca54cd6af8eb339f3d8e383a702,25202581,1780076471,0x3e517d5e32fd6808a169e8b47479609d2a713084,0x50995f97f63f8ec9a131272269f1388d88a03990,0.008116148700500493,Direct,address,address
0x2dc6ab3f8398d0b5a2a6565491278cd610151ca54cd6af8eb339f3d8e383a702,25202581,1780076471,0x3e517d5e32fd6808a169e8b47479609d2a713084,0x0000000000000000000000000000000000000000,0.000006835595193000,Gas,address,address
0x32c234595fe21efc82b85d0082b0eba565e5c3facfe2844356e483025970e7f2,25202581,1780076471,0x5355c7c2bb2e49945537beaabbaff57ad2e9b224,0x50995f97f63f8ec9a131272269f1388d88a03990,0.009868530774456624,Direct,address,address
0x32c234595fe21efc82b85d0082b0eba565e5c3facfe2844356e483025970e7f2,25202581,1780076471,0x5355c7c2bb2e49945537beaabbaff57ad2e9b224,0x0000000000000000000000000000000000000000,0.000006835595193000,Gas,address,address
0x34fcf069447897dc874659b180bd4a1af76a0f6dce5e5588a6dfa4ca9c7386d9,25202581,1780076471,0xb7a2c15f099662cfd2688b3acd3ac984a331c841,0x50995f97f63f8ec9a131272269f1388d88a03990,0.008119201186183591,Direct,address,address
0x34fcf069447897dc874659b180bd4a1af76a0f6dce5e5588a6dfa4ca9c7386d9,25202581,1780076471,0xb7a2c15f099662cfd2688b3acd3ac984a331c841,0x0000000000000000000000000000000000000000,0.000006835595193000,Gas,address,address
0x37cb0928042b86303b15dafb5fc5e7c7a006436dfb064a5118e4b6befabe6902,25202581,1780076471,0x4ba861d765cbb027d0c66aca2a5581f90f9b6f80,0x50995f97f63f8ec9a131272269f1388d88a03990,0.009125787826545075,Direct,address,address
0x37cb0928042b86303b15dafb5fc5e7c7a006436dfb064a5118e4b6befabe6902,25202581,1780076471,0x4ba861d765cbb027d0c66aca2a5581f90f9b6f80,0x0000000000000000000000000000000000000000,0.000006835595193000,Gas,address,address
0x37d8d77bacff7ae582c7be1d3d1ee85cdf3b42f6618785031b432723aa5cf611,25202581,1780076471,0xff5202ecf522699226d19ecc0881532722106ccd,0x50995f97f63f8ec9a131272269f1388d88a03990,0.038731863253802047,Direct,address,address
0x37d8d77bacff7ae582c7be1d3d1ee85cdf3b42f6618785031b432723aa5cf611,25202581,1780076471,0xff5202ecf522699226d19ecc0881532722106ccd,0x0000000000000000000000000000000000000000,0.000006835595193000,Gas,address,address
0x3a8d3434ef4fb80b2016fb695ac9a5c47b300311f935c24d1a43f363c9a97517,25202581,1780076471,0xd377fdd91381cfcc1c37388e52ef0a7c37f33c21,0x50995f97f63f8ec9a131272269f1388d88a03990,0.007333831529128073,Direct,address,address
0x3a8d3434ef4fb80b2016fb695ac9a5c47b300311f935c24d1a43f363c9a97517,25202581,1780076471,0xd377fdd91381cfcc1c37388e52ef0a7c37f33c21,0x0000000000000000000000000000000000000000,0.000006835595193000,Gas,address,address
0x42cb9b1eb78ca37fca0cf94da5f7357e0008257491ddea8949e22bf793ec9d5e,25202581,1780076471,0x71fbaccdcd43cdab9161fe92a8359f90cf0e2905,0x50995f97f63f8ec9a131272269f1388d88a03990,0.009839774361979572,Direct,address,address
0x42cb9b1eb78ca37fca0cf94da5f7357e0008257491ddea8949e22bf793ec9d5e,25202581,1780076471,0x71fbaccdcd43cdab9161fe92a8359f90cf0e2905,0x0000000000000000000000000000000000000000,0.000006835595193000,Gas,address,address
0x58af1abc870f05077cd8ef79ed67e1819e0f9ebf996eab5256f76896a9f22444,25202581,1780076471,0x7426be1607bdc81ef0834c9ac8fdb29ccc208fdc,0x50995f97f63f8ec9a131272269f1388d88a03990,0.017900309321207137,Direct,address,address
0x58af1abc870f05077cd8ef79ed67e1819e0f9ebf996eab5256f76896a9f22444,25202581,1780076471,0x7426be1607bdc81ef0834c9ac8fdb29ccc208fdc,0x0000000000000000000000000000000000000000,0.000006835595193000,Gas,address,address
0x609f27cfcfe490b97eb5350a4edd9b95b7dacd66d06c5bae876c465ae0ea5240,25202581,1780076471,0x52915868ae644307e9b9a579ca9c324de22ab77d,0x50995f97f63f8ec9a131272269f1388d88a03990,0.019911178195762245,Direct,address,address
0x609f27cfcfe490b97eb5350a4edd9b95b7dacd66d06c5bae876c465ae0ea5240,25202581,1780076471,0x52915868ae644307e9b9a579ca9c324de22ab77d,0x0000000000000000000000000000000000000000,0.000006835595193000,Gas,address,address
0x60ac3a30f8469a4a843ffd3c9caca5be99263935deb5b416a8e4400edf4bf0dc,25202581,1780076471,0x29dfe95936285daba90ceeb38d679c9fca5dfd04,0x50995f97f63f8ec9a131272269f1388d88a03990,0.010822095094887428,Direct,address,address
0x60ac3a30f8469a4a843ffd3c9caca5be99263935deb5b416a8e4400edf4bf0dc,25202581,1780076471,0x29dfe95936285daba90ceeb38d679c9fca5dfd04,0x0000000000000000000000000000000000000000,0.000006835595193000,Gas,address,address
0x6202c7567a537aff26feae22699dd920e104c68eca78ad736580a8fa8a7fcb6f,25202581,1780076471,0x063676cb3ae3c76fb7282f6db01d010abf7e95a0,0x50995f97f63f8ec9a131272269f1388d88a03990,0.010196465972216812,Direct,address,address
0x6202c7567a537aff26feae22699dd920e104c68eca78ad736580a8fa8a7fcb6f,25202581,1780076471,0x063676cb3ae3c76fb7282f6db01d010abf7e95a0,0x0000000000000000000000000000000000000000,0.000006835595193000,Gas,address,address
0x684d57559840105f09935bbb0d2f262a3efec02103c59cf5393d0f486614a170,25202581,1780076471,0x9de74997e2a418d9b9614a7960cf48b2f8dd22b2,0x50995f97f63f8ec9a131272269f1388d88a03990,0.009667692516454903,Direct,address,address
0x684d57559840105f09935bbb0d2f262a3efec02103c59cf5393d0f486614a170,25202581,1780076471,0x9de74997e2a418d9b9614a7960cf48b2f8dd22b2,0x0000000000000000000000000000000000000000,0.000006835595193000,Gas,address,address
0x6ad65d327c9f49e413805e830dca783345ae3e3c5d7fb5e69de71e5a12aedfdc,25202581,1780076471,0x7fce3e6b828ee24ac69d0027e8eca33c77a22009,0x50995f97f63f8ec9a131272269f1388d88a03990,0.010696415638422257,Direct,address,address
0x6ad65d327c9f49e413805e830dca783345ae3e3c5d7fb5e69de71e5a12aedfdc,25202581,1780076471,0x7fce3e6b828ee24ac69d0027e8eca33c77a22009,0x0000000000000000000000000000000000000000,0.000006835595193000,Gas,address,address
0x7131e7f17922fd3512a3695d8788a3b8068ed584c3325edd174079211bbc12a4,25202581,1780076471,0x7a1de418ef3682c1cd451fcfc3a170450c5561f9,0x50995f97f63f8ec9a131272269f1388d88a03990,0.005873124262425799,Direct,address,address
0x7131e7f17922fd3512a3695d8788a3b8068ed584c3325edd174079211bbc12a4,25202581,1780076471,0x7a1de418ef3682c1cd451fcfc3a170450c5561f9,0x0000000000000000000000000000000000000000,0.000006835595193000,Gas,address,address
0x7243fa2b94d138b0e97b9688d4c014314cdec340ae94c7708012ad0412f39f16,25202581,1780076471,0x1ca0d010717627675c50d3c6ff5bbec6d317ef3f,0x50995f97f63f8ec9a131272269f1388d88a03990,0.011748607009859928,Direct,address,address
0x7243fa2b94d138b0e97b9688d4c014314cdec340ae94c7708012ad0412f39f16,25202581,1780076471,0x1ca0d010717627675c50d3c6ff5bbec6d317ef3f,0x0000000000000000000000000000000000000000,0.000006835595193000,Gas,address,address
0x72967ed0d0693120fd6798b69ca173b2113057c924c13bd9690fbb7aeec9c0dc,25202581,1780076471,0x20323dbb5ef6c976743e3bff6e6e0123a427a2cf,0x50995f97f63f8ec9a131272269f1388d88a03990,0.006453043143002745,Direct,address,address
0x72967ed0d0693120fd6798b69ca173b2113057c924c13bd9690fbb7aeec9c0dc,25202581,1780076471,0x20323dbb5ef6c976743e3bff6e6e0123a427a2cf,0x0000000000000000000000000000000000000000,0.000006835595193000,Gas,address,address
0x7e6ad9da5bc90e987e97892b87eb6dde2b29e4c9e3527370dd4f8b8ab6b0f661,25202581,1780076471,0xa1e1d9c48c2e160a3cec8c87fcc43fca5e050fef,0x50995f97f63f8ec9a131272269f1388d88a03990,0.034927337749911552,Direct,address,address
0x7e6ad9da5bc90e987e97892b87eb6dde2b29e4c9e3527370dd4f8b8ab6b0f661,25202581,1780076471,0xa1e1d9c48c2e160a3cec8c87fcc43fca5e050fef,0x0000000000000000000000000000000000000000,0.000006835595193000,Gas,address,address
0x7ea36f5f1b10317c7cad0cbb75308e84dd37231cae6902799307a80ae6aef9f0,25202581,1780076471,0xf409fc839dfb91345f742f0046bc0667a7c5e200,0x50995f97f63f8ec9a131272269f1388d88a03990,0.012748694815952316,Direct,address,address
0x7ea36f5f1b10317c7cad0cbb75308e84dd37231cae6902799307a80ae6aef9f0,25202581,1780076471,0xf409fc839dfb91345f742f0046bc0667a7c5e200,0x0000000000000000000000000000000000000000,0.000006835595193000,Gas,address,address
0x840758a4683bd741c0ccd704173ceba455eff088037a024cf9d4ce459b6ec6e6,25202581,1780076471,0x3bf21733e11dcd57e97d60012af268c27de54839,0x50995f97f63f8ec9a131272269f1388d88a03990,0.005704183821883797,Direct,address,address
0x840758a4683bd741c0ccd704173ceba455eff088037a024cf9d4ce459b6ec6e6,25202581,1780076471,0x3bf21733e11dcd57e97d60012af268c27de54839,0x0000000000000000000000000000000000000000,0.000006835595193000,Gas,address,address
0x896aa41bef5294d23f90c9ae07b4529cb93b5ddc9c2f0262b00108e0e528cd86,25202581,1780076471,0xba82d820ca5878d29ae32cae6ce0ddab1617cf49,0x50995f97f63f8ec9a131272269f1388d88a03990,0.010399969966317360,Direct,address,address
0x896aa41bef5294d23f90c9ae07b4529cb93b5ddc9c2f0262b00108e0e528cd86,25202581,1780076471,0xba82d820ca5878d29ae32cae6ce0ddab1617cf49,0x0000000000000000000000000000000000000000,0.000006835595193000,Gas,address,address
0x899f8106d0380a33d8042f45afbec8f37752d9fccbc7d0e81916c8a57a03f5ee,25202581,1780076471,0x3f4cf4bab3551e1bd54176d3f7fa12b46283948b,0x50995f97f63f8ec9a131272269f1388d88a03990,0.001892297498022204,Direct,address,address
0x899f8106d0380a33d8042f45afbec8f37752d9fccbc7d0e81916c8a57a03f5ee,25202581,1780076471,0x3f4cf4bab3551e1bd54176d3f7fa12b46283948b,0x0000000000000000000000000000000000000000,0.000006835595193000,Gas,address,address
0x92b84c01615bf03e112ec7959a1713bb94e20176b130c5a5ad6283176cfc1951,25202581,1780076471,0xe12af9854d77ee2463e84966bb4b18b5dd31c20a,0x50995f97f63f8ec9a131272269f1388d88a03990,0.008340033129011448,Direct,address,address
0x92b84c01615bf03e112ec7959a1713bb94e20176b130c5a5ad6283176cfc1951,25202581,1780076471,0xe12af9854d77ee2463e84966bb4b18b5dd31c20a,0x0000000000000000000000000000000000000000,0.000006835595193000,Gas,address,address
0x9a2c9e90c83625852cb9ae01a7befccae9fbaf204c23b53b06cd8207eb380d24,25202581,1780076471,0xe635e0d567fe83ac4cba2902a6448f9f9889b2fd,0x50995f97f63f8ec9a131272269f1388d88a03990,0.006840532746586208,Direct,address,address
0x9a2c9e90c83625852cb9ae01a7befccae9fbaf204c23b53b06cd8207eb380d24,25202581,1780076471,0xe635e0d567fe83ac4cba2902a6448f9f9889b2fd,0x0000000000000000000000000000000000000000,0.000006835595193000,Gas,address,address
0x9af644911cfa8972a5d580fbebe3241fc7c25ef523d8d50c5efc10466ffb3055,25202581,1780076471,0x77b7fdf464ce43597d20608c0ef9865a4f4c7fa5,0x50995f97f63f8ec9a131272269f1388d88a03990,0.011119163444761432,Direct,address,address
0x9af644911cfa8972a5d580fbebe3241fc7c25ef523d8d50c5efc10466ffb3055,25202581,1780076471,0x77b7fdf464ce43597d20608c0ef9865a4f4c7fa5,0x0000000000000000000000000000000000000000,0.000006835595193000,Gas,address,address
0x9f4ced723da629b9848f3a8f81cf824af9b94a65e100e8703f14e528fdffe526,25202581,1780076471,0xb64acede994b71a3d43a5af7db8b5a830cbcaa9a,0x50995f97f63f8ec9a131272269f1388d88a03990,0.005290807566229093,Direct,address,address
0x9f4ced723da629b9848f3a8f81cf824af9b94a65e100e8703f14e528fdffe526,25202581,1780076471,0xb64acede994b71a3d43a5af7db8b5a830cbcaa9a,0x0000000000000000000000000000000000000000,0.000006835595193000,Gas,address,address
0xa5b94b43b4b3734857f5d416385132615db0274c0810fbfb530139eed9205898,25202581,1780076471,0x46ddf32eb8bfb94d94c10f06afaef1d59176f6c9,0x50995f97f63f8ec9a131272269f1388d88a03990,0.013915247122098020,Direct,address,address
0xa5b94b43b4b3734857f5d416385132615db0274c0810fbfb530139eed9205898,25202581,1780076471,0x46ddf32eb8bfb94d94c10f06afaef1d59176f6c9,0x0000000000000000000000000000000000000000,0.000006835595193000,Gas,address,address
0xab744d0e06285026c116ce39c9dbf50509db75d6afd57725d699f103a66e9492,25202581,1780076471,0xe632ab5fac6661e9feb0a60a460bb1f836653e24,0x50995f97f63f8ec9a131272269f1388d88a03990,0.012624034518336037,Direct,address,address
0xab744d0e06285026c116ce39c9dbf50509db75d6afd57725d699f103a66e9492,25202581,1780076471,0xe632ab5fac6661e9feb0a60a460bb1f836653e24,0x0000000000000000000000000000000000000000,0.000006835595193000,Gas,address,address
0xb2a3a34373fec9d419ed3297b1b02eedc257417e6adccb5824e09c208e5f5b2f,25202581,1780076471,0xa18d64318ddf90d2c08c96acb0210467fc787478,0x50995f97f63f8ec9a131272269f1388d88a03990,0.005677651288633865,Direct,address,address
0xb2a3a34373fec9d419ed3297b1b02eedc257417e6adccb5824e09c208e5f5b2f,25202581,1780076471,0xa18d64318ddf90d2c08c96acb0210467fc787478,0x0000000000000000000000000000000000000000,0.000006835595193000,Gas,address,address
0xb3d6aacb5b238543b6cfc12f42507e182e540664119bd6a9b9344cab59393922,25202581,1780076471,0xfde8ca90a0e648ba896b8a4d0f579c36c373fdd3,0x50995f97f63f8ec9a131272269f1388d88a03990,0.007170338024043776,Direct,address,address
0xb3d6aacb5b238543b6cfc12f42507e182e540664119bd6a9b9344cab59393922,25202581,1780076471,0xfde8ca90a0e648ba896b8a4d0f579c36c373fdd3,0x0000000000000000000000000000000000000000,0.000006835595193000,Gas,address,address
0xc1b7e4acd7924d83619ba7edad7a491ef23e91132f95d9b25509861480eaecf9,25202581,1780076471,0x2b28ab667f3a0efbb744ba310761eb0cf3046062,0x50995f97f63f8ec9a131272269f1388d88a03990,0.008565841002636443,Direct,address,address
0xc1b7e4acd7924d83619ba7edad7a491ef23e91132f95d9b25509861480eaecf9,25202581,1780076471,0x2b28ab667f3a0efbb744ba310761eb0cf3046062,0x0000000000000000000000000000000000000000,0.000006835595193000,Gas,address,address
0xc594ad59e9a6ff9b234f8cb563f59deba161fabdacadda6391752fd448b3d8bd,25202581,1780076471,0xe862f449e26a18f75d80d94ff1cf9d4aa1ca8b3e,0x50995f97f63f8ec9a131272269f1388d88a03990,0.019931355366340563,Direct,address,address
0xc594ad59e9a6ff9b234f8cb563f59deba161fabdacadda6391752fd448b3d8bd,25202581,1780076471,0xe862f449e26a18f75d80d94ff1cf9d4aa1ca8b3e,0x0000000000000000000000000000000000000000,0.000006835595193000,Gas,address,address
0xd0038d72b55b7b3a3fb94c3f4fa4ef040ee5b8b3825e112a92612540cda5fc5f,25202581,1780076471,0x870a8213faf15d366677de6fa8aed31cd2154a87,0x50995f97f63f8ec9a131272269f1388d88a03990,0.009228865304095790,Direct,address,address
0xd0038d72b55b7b3a3fb94c3f4fa4ef040ee5b8b3825e112a92612540cda5fc5f,25202581,1780076471,0x870a8213faf15d366677de6fa8aed31cd2154a87,0x0000000000000000000000000000000000000000,0.000006835595193000,Gas,address,address
0xd851229af03bd48a0e0d2badf2cd629a03d06e41c82844da2e5d57299c73d015,25202581,1780076471,0xe3f81b0c4e0302e9e87563ee1ba165913c07fbb3,0x50995f97f63f8ec9a131272269f1388d88a03990,0.032904917663262138,Direct,address,address
0xd851229af03bd48a0e0d2badf2cd629a03d06e41c82844da2e5d57299c73d015,25202581,1780076471,0xe3f81b0c4e0302e9e87563ee1ba165913c07fbb3,0x0000000000000000000000000000000000000000,0.000006835595193000,Gas,address,address
0xdc0c17072ee198ea861c71beb714071863772ea7af8a8b24b83a2bce20a0ab60,25202581,1780076471,0xdb7f5bb0d3815862a77330d3056690fd01b6341f,0x50995f97f63f8ec9a131272269f1388d88a03990,0.007863684216820765,Direct,address,address
0xdc0c17072ee198ea861c71beb714071863772ea7af8a8b24b83a2bce20a0ab60,25202581,1780076471,0xdb7f5bb0d3815862a77330d3056690fd01b6341f,0x0000000000000000000000000000000000000000,0.000006835595193000,Gas,address,address
0xddb86209dbb56f1957739e2109a95f6923b4ee76bb6e6c83f1a10c5855bd54d2,25202581,1780076471,0xa8b78f6ebf220c1d7498236260316831624ac232,0x50995f97f63f8ec9a131272269f1388d88a03990,0.006863723042752286,Direct,address,address
0xddb86209dbb56f1957739e2109a95f6923b4ee76bb6e6c83f1a10c5855bd54d2,25202581,1780076471,0xa8b78f6ebf220c1d7498236260316831624ac232,0x0000000000000000000000000000000000000000,0.000006835595193000,Gas,address,address
0xe4554ba80435f0b631695bbbe271de428de04aa55d064f05f772019a63caad2d,25202581,1780076471,0x257cda2f9dabd296a9a7fc9065103c7972f4b943,0x50995f97f63f8ec9a131272269f1388d88a03990,0.035909511042595196,Direct,address,address
0xe4554ba80435f0b631695bbbe271de428de04aa55d064f05f772019a63caad2d,25202581,1780076471,0x257cda2f9dabd296a9a7fc9065103c7972f4b943,0x0000000000000000000000000000000000000000,0.000006835595193000,Gas,address,address
0xe5f82fc3469421fd88b9d7b91fdbe988f8fe1814700c0ec697587985c154ffeb,25202581,1780076471,0xefafec41e93c5b4f68981c4625dc5755ba3cf766,0x50995f97f63f8ec9a131272269f1388d88a03990,0.020894273697313875,Direct,address,address
0xe5f82fc3469421fd88b9d7b91fdbe988f8fe1814700c0ec697587985c154ffeb,25202581,1780076471,0xefafec41e93c5b4f68981c4625dc5755ba3cf766,0x0000000000000000000000000000000000000000,0.000006835595193000,Gas,address,address
0xea30420923f8c7566cf9ac80a90769a412be0661a4db7307d4907f1fca8131e6,25202581,1780076471,0xa37eaed2aba7be8e83e2f419fb2094093886d90a,0x50995f97f63f8ec9a131272269f1388d88a03990,0.044204614827736632,Direct,address,address
0xea30420923f8c7566cf9ac80a90769a412be0661a4db7307d4907f1fca8131e6,25202581,1780076471,0xa37eaed2aba7be8e83e2f419fb2094093886d90a,0x0000000000000000000000000000000000000000,0.000006835595193000,Gas,address,address
0xeb13642feed98a554ec19a9cd73e8023c47287507e38b5af2bb4d8fa6c8086e1,25202581,1780076471,0x93468d3862295dafbacbebc5b278afc38425c3c9,0x50995f97f63f8ec9a131272269f1388d88a03990,0.011926773682964260,Direct,address,address
0xeb13642feed98a554ec19a9cd73e8023c47287507e38b5af2bb4d8fa6c8086e1,25202581,1780076471,0x93468d3862295dafbacbebc5b278afc38425c3c9,0x0000000000000000000000000000000000000000,0.000006835595193000,Gas,address,address
0xed4c6ac3e144c4f51a708e4127a4f472e21725307640862d98e6266d0c520d1f,25202581,1780076471,0x263161a729d0961a3165ef61afa7f31cd8018cee,0x50995f97f63f8ec9a131272269f1388d88a03990,0.009622035767456813,Direct,address,address
0xed4c6ac3e144c4f51a708e4127a4f472e21725307640862d98e6266d0c520d1f,25202581,1780076471,0x263161a729d0961a3165ef61afa7f31cd8018cee,0x0000000000000000000000000000000000000000,0.000006835595193000,Gas,address,address
0xf3e15ce5209052de1a93b51128053e526ee78f4f45c0bdec3ae0550aafafc4b0,25202581,1780076471,0x7c5a0f138ba96b7132f6befe9f79cf4796f06a92,0x50995f97f63f8ec9a131272269f1388d88a03990,0.039833831529128082,Direct,address,address
0xf3e15ce5209052de1a93b51128053e526ee78f4f45c0bdec3ae0550aafafc4b0,25202581,1780076471,0x7c5a0f138ba96b7132f6befe9f79cf4796f06a92,0x0000000000000000000000000000000000000000,0.000006835595193000,Gas,address,address
0xf84ebe157508cb1e537642cf0ebdfc73abf7c0dbe48c5467704bac1ac75b97eb,25202581,1780076471,0xcbb3baa593bea0f5c3509bf612422d6f1abb926c,0x50995f97f63f8ec9a131272269f1388d88a03990,0.049931355366340559,Direct,address,address
0xf84ebe157508cb1e537642cf0ebdfc73abf7c0dbe48c5467704bac1ac75b97eb,25202581,1780076471,0xcbb3baa593bea0f5c3509bf612422d6f1abb926c,0x0000000000000000000000000000000000000000,0.000006835595193000,Gas,address,address
0xf96b71100ff4f08b9ce48afab9523e2fc92b7e75529df5425a558cc8d2c9df83,25202581,1780076471,0x11aa5e4b97b7da4739edfb875399d27c55bdd46c,0x50995f97f63f8ec9a131272269f1388d88a03990,0.012669197196357210,Direct,address,address
0xf96b71100ff4f08b9ce48afab9523e2fc92b7e75529df5425a558cc8d2c9df83,25202581,1780076471,0x11aa5e4b97b7da4739edfb875399d27c55bdd46c,0x0000000000000000000000000000000000000000,0.000006835595193000,Gas,address,address
0xfeb3fd7ed2b5e4ff5dac12c3ee14ff8f1db381f2a9571b08e3b4d8804eeb98b4,25202581,1780076471,0x0adb41bc7be29dc28790ec8f6c22cd697eed8071,0x50995f97f63f8ec9a131272269f1388d88a03990,0.007182004154953146,Direct,address,address
0xfeb3fd7ed2b5e4ff5dac12c3ee14ff8f1db381f2a9571b08e3b4d8804eeb98b4,25202581,1780076471,0x0adb41bc7be29dc28790ec8f6c22cd697eed8071,0x0000000000000000000000000000000000000000,0.000006835595193000,Gas,address,address
0x18a891e2d4b335b50685448663c072f928fed02238cac576b7b359b8568f0dc7,25202582,1780076483,0x596a5e9b117a3d7b21e0f77ff4431c4d1770f494,0x50995f97f63f8ec9a131272269f1388d88a03990,0.047931355366340571,Direct,address,address
0x18a891e2d4b335b50685448663c072f928fed02238cac576b7b359b8568f0dc7,25202582,1780076483,0x596a5e9b117a3d7b21e0f77ff4431c4d1770f494,0x0000000000000000000000000000000000000000,0.000006835595193000,Gas,address,address
0x3d60f4be706434bf3a309b65c5ae7d0d3dd1dfb109be0713a989d7eb44e3b949,25202582,1780076483,0x4454614f1e53079acc13220f56c98da7a2fb74fe,0x50995f97f63f8ec9a131272269f1388d88a03990,0.021935442782186853,Direct,address,address
0x3d60f4be706434bf3a309b65c5ae7d0d3dd1dfb109be0713a989d7eb44e3b949,25202582,1780076483,0x4454614f1e53079acc13220f56c98da7a2fb74fe,0x0000000000000000000000000000000000000000,0.000006835595193000,Gas,address,address
0xb2537259b4ac0156a2fb371080f8782ad7c8314c730da913f9dc767bddb2edf6,25202582,1780076483,0x90f42785e6524ac4e94444599f6435a5f45b83cc,0x50995f97f63f8ec9a131272269f1388d88a03990,0.010021756160374151,Direct,address,address
0xb2537259b4ac0156a2fb371080f8782ad7c8314c730da913f9dc767bddb2edf6,25202582,1780076483,0x90f42785e6524ac4e94444599f6435a5f45b83cc,0x0000000000000000000000000000000000000000,0.000006835595193000,Gas,address,address
0xeccbe9f2b5512ea8d72435a1db4a87e874ca06fe472fc25a3eff551bb570c4d3,25202584,1780076507,0x02467dd05200e5b3fbcdddbf43735ae4d0681a59,0x50995f97f63f8ec9a131272269f1388d88a03990,0.096709650567495462,Direct,suspect,address
0xeccbe9f2b5512ea8d72435a1db4a87e874ca06fe472fc25a3eff551bb570c4d3,25202584,1780076507,0x02467dd05200e5b3fbcdddbf43735ae4d0681a59,0x0000000000000000000000000000000000000000,0.000007125294267000,Gas,suspect,address
0x8de7ec1bcaf8f32df2def7e1baa11f0ce46213fad2bb73af0928c2691b105d3e,25202585,1780076519,0xb003b0cb109d00c1fe57aeda79bf5d48ca712b34,0x28b1dc1a5e3699a428bc51d234dfab7c9cb2a183,0.001313837647251523,Direct,address,address
0x8de7ec1bcaf8f32df2def7e1baa11f0ce46213fad2bb73af0928c2691b105d3e,25202585,1780076519,0xb003b0cb109d00c1fe57aeda79bf5d48ca712b34,0x0000000000000000000000000000000000000000,0.000060226294904020,Gas,address,address
0x7a96312861cb9ad0420abcd41ef477b24c6ea109b7bd3f0e47180d15ff2af249,25202632,1780077083,0x4d8b6d3723d8df7370e3d10d30fe5d4daede234a,0x0000000000000000000000000000000000000000,0.000064343269834152,Gas,address,address
0xe3c06b9b6e8b2265219c2ba73c10db979cfa87debfbab6232b2b6924f7a5e495,25202632,1780077083,0x4d8b6d3723d8df7370e3d10d30fe5d4daede234a,0x0000000000000000000000000000000000000000,0.000252070462014896,Gas,address,address
0x884f3016512aa1728f1dd0455e19b73eb55a5a0c8b7576f15b7240e5b4150573,25202700,1780077899,0x4d8b6d3723d8df7370e3d10d30fe5d4daede234a,0x4313c378cc91ea583c91387b9216e2c03096b27f,0.100000000000000006,Direct,address,address
0x884f3016512aa1728f1dd0455e19b73eb55a5a0c8b7576f15b7240e5b4150573,25202700,1780077899,0x4d8b6d3723d8df7370e3d10d30fe5d4daede234a,0x0000000000000000000000000000000000000000,0.000279583415093232,Gas,address,address
0xc7084d342afb5d2d0d4cc79890095613318e6219fd7674e954d9f496e634a48b,25202702,1780077923,0x4d8b6d3723d8df7370e3d10d30fe5d4daede234a,0x4313c378cc91ea583c91387b9216e2c03096b27f,0.100000000000000006,Direct,address,address
0xc7084d342afb5d2d0d4cc79890095613318e6219fd7674e954d9f496e634a48b,25202702,1780077923,0x4d8b6d3723d8df7370e3d10d30fe5d4daede234a,0x0000000000000000000000000000000000000000,0.000259165588439102,Gas,address,address
0x0a7e5ea3610bcfaa75558762fe83785898a9d8d0455902dd593db4c94e366192,25202740,1780078379,0x4d8b6d3723d8df7370e3d10d30fe5d4daede234a,0x4313c378cc91ea583c91387b9216e2c03096b27f,0.050000000000000003,Direct,address,address
0x0a7e5ea3610bcfaa75558762fe83785898a9d8d0455902dd593db4c94e366192,25202740,1780078379,0x4d8b6d3723d8df7370e3d10d30fe5d4daede234a,0x0000000000000000000000000000000000000000,0.000290944174098936,Gas,address,address
0x055962bda709c790a6f2e495b340529922d1ab0e763d186d9f5183ba2d22e863,25202746,1780078451,0x4d8b6d3723d8df7370e3d10d30fe5d4daede234a,0x0000000000000000000000000000000000000000,0.000263063044671336,Gas,address,address
0xa960f53621d0c903af410225a29191740a994108891c4875bd49452daf281713,25202746,1780078451,0x4d8b6d3723d8df7370e3d10d30fe5d4daede234a,0x0000000000000000000000000000000000000000,0.000056212204171032,Gas,address,address
0x0f5a951aa684f336e3787b8784984570ea5f65dbd4d6878d65e423d8720aadbd,25202762,1780078643,0x8343d9c79116936275c41d262dc109969297eee7,0x7a250d5630b4cf539739df2c5dacb4c659f2488d,0.029999999999999999,Direct,address,address
0x0f5a951aa684f336e3787b8784984570ea5f65dbd4d6878d65e423d8720aadbd,25202762,1780078643,0x8343d9c79116936275c41d262dc109969297eee7,0x0000000000000000000000000000000000000000,0.000041490298418982,Gas,address,address
0x4a566f27893ffe0e0861eb89ffc483dea50d2c30c77cc50eb74b41730145c69f,25202762,1780078643,0xdb7f5bb0d3815862a77330d3056690fd01b6341f,0x3328f7f4a1d1c57c35df56bbf0c9dcafca309c49,0.029999999999999999,Direct,address,address
0x4a566f27893ffe0e0861eb89ffc483dea50d2c30c77cc50eb74b41730145c69f,25202762,1780078643,0xdb7f5bb0d3815862a77330d3056690fd01b6341f,0x0000000000000000000000000000000000000000,0.000043768532417736,Gas,address,address
0x7def817402f78b3956584a4a45b1889a190bf78399f8be5931f056f29fe10652,25202762,1780078643,0x7fce3e6b828ee24ac69d0027e8eca33c77a22009,0x7a250d5630b4cf539739df2c5dacb4c659f2488d,0.040000000000000001,Direct,address,address
0x7def817402f78b3956584a4a45b1889a190bf78399f8be5931f056f29fe10652,25202762,1780078643,0x7fce3e6b828ee24ac69d0027e8eca33c77a22009,0x0000000000000000000000000000000000000000,0.000038642027931150,Gas,address,address
0x99147f3cf2469aeeb05c6e088115eb04bc48642a8825526e6ea969c5cbc76f0e,25202762,1780078643,0xa18d64318ddf90d2c08c96acb0210467fc787478,0x7a250d5630b4cf539739df2c5dacb4c659f2488d,0.015704666971592701,Direct,address,address
0x99147f3cf2469aeeb05c6e088115eb04bc48642a8825526e6ea969c5cbc76f0e,25202762,1780078643,0xa18d64318ddf90d2c08c96acb0210467fc787478,0x0000000000000000000000000000000000000000,0.000038645305572678,Gas,address,address
0xcca37386b0021d24c0ecec4a50446728f4e1ee2adcc30e61e40e3762ecbb6e45,25202762,1780078643,0x870a8213faf15d366677de6fa8aed31cd2154a87,0x3328f7f4a1d1c57c35df56bbf0c9dcafca309c49,0.062271329273494130,Direct,address,address
0xcca37386b0021d24c0ecec4a50446728f4e1ee2adcc30e61e40e3762ecbb6e45,25202762,1780078643,0x870a8213faf15d366677de6fa8aed31cd2154a87,0x0000000000000000000000000000000000000000,0.000043768532417736,Gas,address,address
0xfbc9b9e67494201332076101c5ceb5357bed859cf8f5afda586cd61fe8bed440,25202762,1780078643,0xf7b096deccabc81290c7666e15f838bf90d4fd00,0x3328f7f4a1d1c57c35df56bbf0c9dcafca309c49,0.088686851778456643,Direct,address,address
0xfbc9b9e67494201332076101c5ceb5357bed859cf8f5afda586cd61fe8bed440,25202762,1780078643,0xf7b096deccabc81290c7666e15f838bf90d4fd00,0x0000000000000000000000000000000000000000,0.000043768532417736,Gas,address,address
0x11c3ce577babd80fb81fa9e07811d4f44ba52571ff61b332569d4d56fbd7f520,25202764,1780078667,0xe635e0d567fe83ac4cba2902a6448f9f9889b2fd,0x7a250d5630b4cf539739df2c5dacb4c659f2488d,0.036727143985005838,Direct,address,address
0x11c3ce577babd80fb81fa9e07811d4f44ba52571ff61b332569d4d56fbd7f520,25202764,1780078667,0xe635e0d567fe83ac4cba2902a6448f9f9889b2fd,0x0000000000000000000000000000000000000000,0.000036705897421890,Gas,address,address
0x6b47fd387cea16ac47f2443e59ab633cbf1ce7c3b0ed2af6c342e3465b5cdb50,25202764,1780078667,0xc1e67fd3c3ebff35e87a76fc9e7c4598ed2fdf79,0x7a250d5630b4cf539739df2c5dacb4c659f2488d,0.024191883298945196,Direct,address,address
0x6b47fd387cea16ac47f2443e59ab633cbf1ce7c3b0ed2af6c342e3465b5cdb50,25202764,1780078667,0xc1e67fd3c3ebff35e87a76fc9e7c4598ed2fdf79,0x0000000000000000000000000000000000000000,0.000039408114781410,Gas,address,address
0x96118e170357aa3204164a397512e8dd0ca558951a91ef881acfa1209f4aff3d,25202764,1780078667,0xbc8a46c29a79250bee25f77b8475804a1650a8e3,0x3328f7f4a1d1c57c35df56bbf0c9dcafca309c49,0.064268337389263991,Direct,address,address
0x96118e170357aa3204164a397512e8dd0ca558951a91ef881acfa1209f4aff3d,25202764,1780078667,0xbc8a46c29a79250bee25f77b8475804a1650a8e3,0x0000000000000000000000000000000000000000,0.000041572015990680,Gas,address,address
0x98f06fa58462b1ed899d2fafd7773315cbb6b492ed37f6d3b88b7b09a98c69c0,25202764,1780078667,0x77b7fdf464ce43597d20608c0ef9865a4f4c7fa5,0x7a250d5630b4cf539739df2c5dacb4c659f2488d,0.038042419738287502,Direct,address,address
0x98f06fa58462b1ed899d2fafd7773315cbb6b492ed37f6d3b88b7b09a98c69c0,25202764,1780078667,0x77b7fdf464ce43597d20608c0ef9865a4f4c7fa5,0x0000000000000000000000000000000000000000,0.000036705897421890,Gas,address,address
0xf56baa4e84a622de09e8236600065b6bf4ac61e39dcb6b5c61b46f256171440a,25202765,1780078679,0x4d8b6d3723d8df7370e3d10d30fe5d4daede234a,0x4313c378cc91ea583c91387b9216e2c03096b27f,0.050000000000000003,Direct,address,address
0xf56baa4e84a622de09e8236600065b6bf4ac61e39dcb6b5c61b46f256171440a,25202765,1780078679,0x4d8b6d3723d8df7370e3d10d30fe5d4daede234a,0x0000000000000000000000000000000000000000,0.000258817177037210,Gas,address,address
0x3f878bf8e040d660abd8d500ef79f5f173a17346c0919d725fb871898951679a,25202766,1780078691,0xf7b096deccabc81290c7666e15f838bf90d4fd00,0x0000000000000000000000000000000000000000,0.000013619412957696,Gas,address,address
0xd0a4bd0379081df03b32e8b87c3d58df6bfdd27cb35478871d42621287e23e70,25202766,1780078691,0xf7b096deccabc81290c7666e15f838bf90d4fd00,0x0000000000000000000000000000000000000000,0.000043147628516904,Gas,address,address
0x13d900fe6109f15f44248acd72c4a2194f7107fd69d146ca55f94a136595aff0,25202767,1780078703,0x3bf21733e11dcd57e97d60012af268c27de54839,0x7a250d5630b4cf539739df2c5dacb4c659f2488d,0.184822005924028115,Direct,address,address
0x13d900fe6109f15f44248acd72c4a2194f7107fd69d146ca55f94a136595aff0,25202767,1780078703,0x3bf21733e11dcd57e97d60012af268c27de54839,0x0000000000000000000000000000000000000000,0.000040298352807660,Gas,address,address
0x1c19ba15a6210bc17c0095e13112834829cc7b24732df4fac6f27b86f4c6c27a,25202767,1780078703,0x750819c35800a9acdf9a800212202ddb100af5db,0x7a250d5630b4cf539739df2c5dacb4c659f2488d,0.089999999999999997,Direct,address,address
0x1c19ba15a6210bc17c0095e13112834829cc7b24732df4fac6f27b86f4c6c27a,25202767,1780078703,0x750819c35800a9acdf9a800212202ddb100af5db,0x0000000000000000000000000000000000000000,0.000040294934965500,Gas,address,address
0x4b7083e13b355c32fefb9474428e65a8e25968c4d2c65ecbd3bad03a8c1fa19d,25202767,1780078703,0xfde8ca90a0e648ba896b8a4d0f579c36c373fdd3,0x7a250d5630b4cf539739df2c5dacb4c659f2488d,0.080000000000000002,Direct,address,address
0x4b7083e13b355c32fefb9474428e65a8e25968c4d2c65ecbd3bad03a8c1fa19d,25202767,1780078703,0xfde8ca90a0e648ba896b8a4d0f579c36c373fdd3,0x0000000000000000000000000000000000000000,0.000040298352807660,Gas,address,address
0x7ad40c62abb418a01639a484a641017610f58b93824c4e2c6eec5c679055ed15,25202767,1780078703,0x2b28ab667f3a0efbb744ba310761eb0cf3046062,0x3328f7f4a1d1c57c35df56bbf0c9dcafca309c49,0.049700000000000001,Direct,address,address
0x7ad40c62abb418a01639a484a641017610f58b93824c4e2c6eec5c679055ed15,25202767,1780078703,0x2b28ab667f3a0efbb744ba310761eb0cf3046062,0x0000000000000000000000000000000000000000,0.000045640724923920,Gas,address,address
0x7f4db6bb408842fb029239c673b800950f8ccccd96f368120e1d26321204557a,25202767,1780078703,0xce0e56416d5e8bd78c9dc305f6fc05b5715111c8,0x3328f7f4a1d1c57c35df56bbf0c9dcafca309c49,0.177199322897113654,Direct,address,address
0x7f4db6bb408842fb029239c673b800950f8ccccd96f368120e1d26321204557a,25202767,1780078703,0xce0e56416d5e8bd78c9dc305f6fc05b5715111c8,0x0000000000000000000000000000000000000000,0.000045640724923920,Gas,address,address
0xed3e00da2237e39e2e696372d55b6905935562d0ffa515c924cdc0f31602b7fc,25202767,1780078703,0x10929a535625d921fbff72480142dea0184be50e,0x3328f7f4a1d1c57c35df56bbf0c9dcafca309c49,0.146328249207295785,Direct,address,address
0xed3e00da2237e39e2e696372d55b6905935562d0ffa515c924cdc0f31602b7fc,25202767,1780078703,0x10929a535625d921fbff72480142dea0184be50e,0x0000000000000000000000000000000000000000,0.000048607411918800,Gas,address,address
0x167f7e3e8d16ba94c47a14f580e43c3a42cc45cbbd7be5941a68e3215b2e5272,25202771,1780078751,0xa8b78f6ebf220c1d7498236260316831624ac232,0x3328f7f4a1d1c57c35df56bbf0c9dcafca309c49,0.310637012193453965,Direct,address,address
0x167f7e3e8d16ba94c47a14f580e43c3a42cc45cbbd7be5941a68e3215b2e5272,25202771,1780078751,0xa8b78f6ebf220c1d7498236260316831624ac232,0x0000000000000000000000000000000000000000,0.000045315254457228,Gas,address,address
0x46b7d11d9625a7e1e7267cfe413695398538547a7a3651cdcd9a6936af8d4d56,25202771,1780078751,0x43076ad18faba5166f0b94a1d8e24b60f6c82255,0x3328f7f4a1d1c57c35df56bbf0c9dcafca309c49,0.137729581957022340,Direct,address,address
0x46b7d11d9625a7e1e7267cfe413695398538547a7a3651cdcd9a6936af8d4d56,25202771,1780078751,0x43076ad18faba5166f0b94a1d8e24b60f6c82255,0x0000000000000000000000000000000000000000,0.000045315254457228,Gas,address,address
0x580d6b881d8b2af9cdfe55a4d0ef848e7880ca17604d7a0f5d0088ebd9e82004,25202771,1780078751,0x063676cb3ae3c76fb7282f6db01d010abf7e95a0,0x7a250d5630b4cf539739df2c5dacb4c659f2488d,0.070000000000000007,Direct,address,address
0x580d6b881d8b2af9cdfe55a4d0ef848e7880ca17604d7a0f5d0088ebd9e82004,25202771,1780078751,0x063676cb3ae3c76fb7282f6db01d010abf7e95a0,0x0000000000000000000000000000000000000000,0.000040010979552369,Gas,address,address
0x583354be8b2b6670658536364a928d99890d4d83a531fede4cca37eb2989d8ee,25202771,1780078751,0xd5902c4f0b456f47fadf5e83d1a3eb96d6f9408c,0x3328f7f4a1d1c57c35df56bbf0c9dcafca309c49,0.269210295949533551,Direct,address,address
0x583354be8b2b6670658536364a928d99890d4d83a531fede4cca37eb2989d8ee,25202771,1780078751,0xd5902c4f0b456f47fadf5e83d1a3eb96d6f9408c,0x0000000000000000000000000000000000000000,0.000045315254457228,Gas,address,address
0x84cda6a5634f630a19bbd97c893b642bf388a3f9f833bdddf478d4e536d6eb2a,25202771,1780078751,0x5355c7c2bb2e49945537beaabbaff57ad2e9b224,0x7a250d5630b4cf539739df2c5dacb4c659f2488d,0.363064891191216654,Direct,address,address
0x84cda6a5634f630a19bbd97c893b642bf388a3f9f833bdddf478d4e536d6eb2a,25202771,1780078751,0x5355c7c2bb2e49945537beaabbaff57ad2e9b224,0x0000000000000000000000000000000000000000,0.000040010979552369,Gas,address,address
0x8dd13a9b317291100b95dcb56e4412afdfc6ea9be36b8c143eedf7e8cd46526f,25202771,1780078751,0x750819c35800a9acdf9a800212202ddb100af5db,0x3328f7f4a1d1c57c35df56bbf0c9dcafca309c49,0.045062668732658573,Direct,address,address
0x8dd13a9b317291100b95dcb56e4412afdfc6ea9be36b8c143eedf7e8cd46526f,25202771,1780078751,0x750819c35800a9acdf9a800212202ddb100af5db,0x0000000000000000000000000000000000000000,0.000043425092199720,Gas,address,address
0xbb7b47d895c536c4c00cad2cbb62382b7ec6b93e07b4a73f6f743963f1191eb3,25202771,1780078751,0xe12af9854d77ee2463e84966bb4b18b5dd31c20a,0x3328f7f4a1d1c57c35df56bbf0c9dcafca309c49,0.349999999999999978,Direct,address,address
0xbb7b47d895c536c4c00cad2cbb62382b7ec6b93e07b4a73f6f743963f1191eb3,25202771,1780078751,0xe12af9854d77ee2463e84966bb4b18b5dd31c20a,0x0000000000000000000000000000000000000000,0.000045315254457228,Gas,address,address
0xeff5b1754303c125f1db975bb8bef23b22526e51ce61ec275ba4907924886d58,25202771,1780078751,0xfde8ca90a0e648ba896b8a4d0f579c36c373fdd3,0x3328f7f4a1d1c57c35df56bbf0c9dcafca309c49,0.056951875030899594,Direct,address,address
0xeff5b1754303c125f1db975bb8bef23b22526e51ce61ec275ba4907924886d58,25202771,1780078751,0xfde8ca90a0e648ba896b8a4d0f579c36c373fdd3,0x0000000000000000000000000000000000000000,0.000040479561069528,Gas,address,address
0x00200c7228e13a0ff7048b5e3e4d48112dc825b4b34568d208d9e1504cbb9cc2,25202776,1780078811,0x3bf21733e11dcd57e97d60012af268c27de54839,0x0000000000000000000000000000000000000000,0.000035474129215624,Gas,address,address
0x3dd8896d87a151a08667ebd2b4162222bfb09ef9560f2cef25e4830f9069e0dd,25202776,1780078811,0xce0e56416d5e8bd78c9dc305f6fc05b5715111c8,0x0000000000000000000000000000000000000000,0.000038699792881090,Gas,address,address
0x638b9a1bdf06d222897cfde6e5e803826f0199099cef315031d21fa9279711f1,25202776,1780078811,0x10929a535625d921fbff72480142dea0184be50e,0x0000000000000000000000000000000000000000,0.000035474129215624,Gas,address,address
0x925166a93603f01c6631dbabb2d70fa51a5aefff3910d5132461405884b4c81a,25202776,1780078811,0xce0e56416d5e8bd78c9dc305f6fc05b5715111c8,0x0000000000000000000000000000000000000000,0.000011197297086976,Gas,address,address
0xc5c5916f44c3ca41ee0744d7250baa8a225522e3d5534ed2d96c1715f85f6706,25202776,1780078811,0x3bf21733e11dcd57e97d60012af268c27de54839,0x0000000000000000000000000000000000000000,0.000011197297086976,Gas,address,address
0xf951f12fb2fada138844267c256540ccfe83ff9af8d5878925067730060c39ba,25202776,1780078811,0x10929a535625d921fbff72480142dea0184be50e,0x0000000000000000000000000000000000000000,0.000011197297086976,Gas,address,address
0x7359ccd566390e45bb81718870b5a09512d450e223f55a4b2874cecaabf23c99,25202843,1780079615,0x4d8b6d3723d8df7370e3d10d30fe5d4daede234a,0x0000000000000000000000000000000000000000,0.000064081655527648,Gas,address,address
0xd12ea62fd538be511bd11af7a3126fe95fe146e7eaa85a078c7b94ea587a8908,25202843,1780079615,0x4d8b6d3723d8df7370e3d10d30fe5d4daede234a,0x0000000000000000000000000000000000000000,0.000263052094858460,Gas,address,address
